Case Number,Law Enforcement Case Number,Date of Crash,Y-Coordinate (UTM NAD 83 Zone 15),X-Coordinate (UTM NAD 83 Zone 15),Time,Day of Week,County,Road System,Route,Cardinal Direction of Vehicles,Mainline or Ramp,Overpass/Underpass Information,Derived Literal Description,Road Classification,Intersection Class,Crash Severity,Amount of Property Damage,Major Cause,Drug or Alcohol Related,Driver Age,Driver Age - 5 year Bins,Driver Gender
20191093594,20190002381,20190125,4605631,443155,18:10,Friday,Polk,Local Road,9999,Unknown - Not Indicated - Unlocated,Mainline,Not reported,UNIVERSITY AVE,Municipal Road,Not Indicated as an Intersection,Property Damage Only,2500,Driver Distraction:  Inattentive/lost in thought,Under Influence of Alcohol/Drugs/Medications,59,>= 55 and <= 59,Male
20191093594,20190002381,20190125,4605631,443155,18:10,Friday,Polk,Local Road,9999,Unknown - Not Indicated - Unlocated,Mainline,Not reported,UNIVERSITY AVE,Municipal Road,Not Indicated as an Intersection,Property Damage Only,2500,Driver Distraction:  Inattentive/lost in thought,Under Influence of Alcohol/Drugs/Medications,26,>= 25 and <= 29,Female
20191093608,CLP19000289,20190125,4635688,732610,19:32,Friday,Clinton,Local Road,9999,Unknown - Not Indicated - Unlocated,Mainline,Not reported,7TH AVE S,Municipal Road,Not Indicated as an Intersection,Property Damage Only,5500,Lost control,Alcohol (Statutory),58,>= 55 and <= 59,Female
20191093608,CLP19000289,20190125,4635688,732610,19:32,Friday,Clinton,Local Road,9999,Unknown - Not Indicated - Unlocated,Mainline,Not reported,7TH AVE S,Municipal Road,Not Indicated as an Intersection,Property Damage Only,5500,Lost control,Alcohol (Statutory),200,,Not reported
20191093705,20190002395,20190125,4608694,445165,20:13,Friday,Polk,Local Road,9999,Unknown - Not Indicated - Unlocated,Mainline,Not reported,EUCLID AVE & OAKCREST DR,Municipal Road,Municipal - Municipal,Possible/Unknown Injury Crash,12500,Ran off road - right,Alcohol (Statutory),32,>= 30 and <= 34,Male
20191093727,19-661,20190127,4615330,434167,00:48,Sunday,Polk,Local Road,9999,Unknown - Not Indicated - Unlocated,Mainline,Not reported,S MAIN ST,Municipal Road,Not Indicated as an Intersection,Property Damage Only,3000,Other,Refused,200,,Not reported
20191093727,19-661,20190127,4615330,434167,00:48,Sunday,Polk,Local Road,9999,Unknown - Not Indicated - Unlocated,Mainline,Not reported,S MAIN ST,Municipal Road,Not Indicated as an Intersection,Property Damage Only,3000,Other,Refused,27,>= 25 and <= 29,Male
20191093845,19-000425,20190126,4616984,450032,00:01,Saturday,Polk,US Route,69,Southbound (SB),Mainline,Not reported,US 69/S ANKENY BLVD,US Route,Not Indicated as an Intersection,Property Damage Only,1500,Operating vehicle in an reckless, erratic, careless, negligent manner,Alcohol (Statutory),22,>= 21 and <= 24,Male
20191093875,2019-000295,20190112,4708908,691880,18:53,Saturday,Dubuque,Local Road,9999,Unknown - Not Indicated - Unlocated,Mainline,Not reported,ELM ST,Municipal Road,Not Indicated as an Intersection,Property Damage Only,1500,Lost control,Alcohol (Statutory),19,= 19,Male
20191093875,2019-000295,20190112,4708908,691880,18:53,Saturday,Dubuque,Local Road,9999,Unknown - Not Indicated - Unlocated,Mainline,Not reported,ELM ST,Municipal Road,Not Indicated as an Intersection,Property Damage Only,1500,Lost control,Alcohol (Statutory),200,,Not reported
20191093877,2019-000378,20190116,4709099,691701,15:25,Wednesday,Dubuque,Local Road,9999,Unknown - Not Indicated - Unlocated,Mainline,Not reported,E 18TH ST & WASHINGTON ST,Municipal Road,Municipal - Municipal,Property Damage Only,1500,Lost control,Alcohol (Statutory),37,>= 35 and <= 39,Male
20191093890,2019-000640,20190126,4707032,690830,02:31,Saturday,Dubuque,Local Road,9999,Unknown - Not Indicated - Unlocated,Mainline,Not reported,WOOTEN ST,Municipal Road,Not Indicated as an Intersection,Suspected Minor Injury Crash,8000,Lost control,Alcohol (Statutory),26,>= 25 and <= 29,Female
20191093890,2019-000640,20190126,4707032,690830,02:31,Saturday,Dubuque,Local Road,9999,Unknown - Not Indicated - Unlocated,Mainline,Not reported,WOOTEN ST,Municipal Road,Not Indicated as an Intersection,Suspected Minor Injury Crash,8000,Lost control,Alcohol (Statutory),200,,Not reported
20191093896,2019-000651,20190126,4708825,685604,13:02,Saturday,Dubuque,Iowa Route,32,Both North and South,Mainline,Not reported,IA 32/IA32 NW ARTERIAL & HOLLIDAY DR,Iowa Route,IA Route - Municipal,Property Damage Only,37000,Made improper turn,Alcohol (Statutory),70,>= 70 and <= 74,Male
20191093896,2019-000651,20190126,4708825,685604,13:02,Saturday,Dubuque,Iowa Route,32,Both North and South,Mainline,Not reported,IA 32/IA32 NW ARTERIAL & HOLLIDAY DR,Iowa Route,IA Route - Municipal,Property Damage Only,37000,Made improper turn,Alcohol (Statutory),57,>= 55 and <= 59,Male
20191093934,19-2537,20190124,4708623,224038,20:54,Thursday,Woodbury,Local Road,9999,Unknown - Not Indicated - Unlocated,Mainline,Not reported,S MULBERRY ST,Municipal Road,Not Indicated as an Intersection,Property Damage Only,1500,Improper backing,Refused,200,,Not reported
20191093934,19-2537,20190124,4708623,224038,20:54,Thursday,Woodbury,Local Road,9999,Unknown - Not Indicated - Unlocated,Mainline,Not reported,S MULBERRY ST,Municipal Road,Not Indicated as an Intersection,Property Damage Only,1500,Improper backing,Refused,55,>= 55 and <= 59,Female
20191094008,19000451,20190126,4652462,443809,02:10,Saturday,Story,Farm to Market Route,9999,Unknown - Not Indicated - Unlocated,Mainline,Not reported,S DAKOTA AVE,Municipal Road,Not Indicated as an Intersection,Suspected Minor Injury Crash,13000,Operating vehicle in an reckless, erratic, careless, negligent manner,Alcohol (Statutory),22,>= 21 and <= 24,Male
20191094008,19000451,20190126,4652462,443809,02:10,Saturday,Story,Farm to Market Route,9999,Unknown - Not Indicated - Unlocated,Mainline,Not reported,S DAKOTA AVE,Municipal Road,Not Indicated as an Intersection,Suspected Minor Injury Crash,13000,Operating vehicle in an reckless, erratic, careless, negligent manner,Alcohol (Statutory),24,>= 21 and <= 24,Male
20191094045,19-1384,20190126,4725866,539748,16:45,Saturday,Bremer,Local Road,9999,Unknown - Not Indicated - Unlocated,Mainline,Not reported,COTTAGE AVE,Secondary Road,Not Indicated as an Intersection,Possible/Unknown Injury Crash,3000,Driving too fast for conditions,Refused,39,>= 35 and <= 39,Female
20191094079,19-001111,20190127,4645088,336154,19:00,Sunday,Carroll,Farm to Market Route,9999,Unknown - Not Indicated - Unlocated,Mainline,Not reported,Co Rd N14/GRANITE AVE,Secondary Road,Not Indicated as an Intersection,Property Damage Only,15000,Driving too fast for conditions,Alcohol (Statutory),60,>= 60 and <= 64,Male
20191094264,20190002708,20190129,4610480,442112,00:48,Tuesday,Polk,Local Road,9999,Unknown - Not Indicated - Unlocated,Mainline,Not reported,NW MEREDITH DR,Municipal Road,Not Indicated as an Intersection,Property Damage Only,9500,Ran off road - right,Alcohol (Statutory),27,>= 25 and <= 29,Male
20191094278,2019-000721,20190128,4710630,692620,17:30,Monday,Dubuque,Local Road,9999,Unknown - Not Indicated - Unlocated,Mainline,Not reported,GARFIELD AVE,Municipal Road,Not Indicated as an Intersection,Property Damage Only,4300,Driving too fast for conditions,Alcohol (Statutory),57,>= 55 and <= 59,Male
20191094320,2019001172,20190113,4611251,451740,03:45,Sunday,Polk,Interstate,35,No Travel Direction Consistent with Route,Mainline,Not reported,I-35,Interstate,Not Indicated as an Intersection,Property Damage Only,5000,Animal,Alcohol (Statutory),52,>= 50 and <= 54,Male
20191094538,19000450,20190126,4651371,443805,02:10,Saturday,Story,Farm to Market Route,9999,Unknown - Not Indicated - Unlocated,Mainline,Not reported,S DAKOTA AVE,Municipal Road,Not Indicated as an Intersection,Suspected Minor Injury Crash,9000,Operating vehicle in an reckless, erratic, careless, negligent manner,Alcohol (Statutory),45,>= 45 and <= 49,Female
20191094538,19000450,20190126,4651371,443805,02:10,Saturday,Story,Farm to Market Route,9999,Unknown - Not Indicated - Unlocated,Mainline,Not reported,S DAKOTA AVE,Municipal Road,Not Indicated as an Intersection,Suspected Minor Injury Crash,9000,Operating vehicle in an reckless, erratic, careless, negligent manner,Alcohol (Statutory),24,>= 21 and <= 24,Male
20191094679,19-000654,20190126,4765449,647013,23:00,Saturday,Clayton,Local Road,9999,Unknown - Not Indicated - Unlocated,Mainline,Not reported,EAGLE DR,Secondary Road,Not Indicated as an Intersection,Property Damage Only,1750,Operating vehicle in an reckless, erratic, careless, negligent manner,Alcohol (Statutory),48,>= 45 and <= 49,Male
20191094689,19-000663,20190130,4668738,239413,17:30,Wednesday,Monona,Farm to Market Route,9999,Unknown - Not Indicated - Unlocated,Mainline,Not reported,WHITTIER ST & BLAIR ST,Municipal Road,Municipal - Municipal,Property Damage Only,16000,Driver Distraction:  Other interior distraction,Alcohol (Statutory),58,>= 55 and <= 59,Male
20191094700,19-2326,20190125,4600015,706994,23:45,Friday,Scott,US Route,67,No Travel Direction Consistent with Route,Mainline,Not reported,US 67/STATE ST & 10TH ST,US Route,US Route - Municipal,Property Damage Only,10025,Lost control,Refused,29,>= 25 and <= 29,Not reported
20191094700,19-2326,20190125,4600015,706994,23:45,Friday,Scott,US Route,67,No Travel Direction Consistent with Route,Mainline,Not reported,US 67/STATE ST & 10TH ST,US Route,US Route - Municipal,Property Damage Only,10025,Lost control,Refused,24,>= 21 and <= 24,Not reported
20191094708,19-1169,20190127,4809002,332630,19:25,Sunday,Dickinson,Farm to Market Route,9999,Unknown - Not Indicated - Unlocated,Mainline,Not reported,Co Rd M56/260TH AVE,Secondary Road,Not Indicated as an Intersection,Property Damage Only,8500,Driver Distraction:  Inattentive/lost in thought,Refused,47,>= 45 and <= 49,Male
20191094734,19000443,20190125,4652950,449463,16:00,Friday,Story,Local Road,9999,Unknown - Not Indicated - Unlocated,Mainline,Not reported,6TH ST & E 6TH ST & DUFF AVE,Municipal Road,Municipal - Municipal,Property Damage Only,6000,Failed to keep in proper lane,Refused,25,>= 25 and <= 29,Male
20191094734,19000443,20190125,4652950,449463,16:00,Friday,Story,Local Road,9999,Unknown - Not Indicated - Unlocated,Mainline,Not reported,6TH ST & E 6TH ST & DUFF AVE,Municipal Road,Municipal - Municipal,Property Damage Only,6000,Failed to keep in proper lane,Refused,200,,Not reported
20191094745,19C00480,20190130,4546596,386321,22:48,Wednesday,Union,Local Road,9999,Unknown - Not Indicated - Unlocated,Mainline,Not reported,N CHESTNUT ST,Municipal Road,Not Indicated as an Intersection,Property Damage Only,9000,Lost control,Refused,48,>= 45 and <= 49,Male
20191094745,19C00480,20190130,4546596,386321,22:48,Wednesday,Union,Local Road,9999,Unknown - Not Indicated - Unlocated,Mainline,Not reported,N CHESTNUT ST,Municipal Road,Not Indicated as an Intersection,Property Damage Only,9000,Lost control,Refused,200,,Not reported
20191094753,19-004437,20190130,4571957,258135,23:39,Wednesday,Pottawattamie,Local Road,9999,Unknown - Not Indicated - Unlocated,Mainline,Not reported,AVE A,Municipal Road,Not Indicated as an Intersection,Property Damage Only,3500,Exceeded authorized speed,Alcohol (Statutory),200,,Not reported
20191094753,19-004437,20190130,4571957,258135,23:39,Wednesday,Pottawattamie,Local Road,9999,Unknown - Not Indicated - Unlocated,Mainline,Not reported,AVE A,Municipal Road,Not Indicated as an Intersection,Property Damage Only,3500,Exceeded authorized speed,Alcohol (Statutory),45,>= 45 and <= 49,Female
20191094753,19-004437,20190130,4571957,258135,23:39,Wednesday,Pottawattamie,Local Road,9999,Unknown - Not Indicated - Unlocated,Mainline,Not reported,AVE A,Municipal Road,Not Indicated as an Intersection,Property Damage Only,3500,Exceeded authorized speed,Alcohol (Statutory),200,,Not reported
20191094990,19-2865,20190131,4487792,621739,21:11,Thursday,Lee,Farm to Market Route,9999,Unknown - Not Indicated - Unlocated,Mainline,Not reported,295 ST,Secondary Road,Not Indicated as an Intersection,Possible/Unknown Injury Crash,1500,Ran off road - right,Alcohol (Statutory),29,>= 25 and <= 29,Female
20191095034,CLP19000356,20190131,4633626,731370,20:30,Thursday,Clinton,US Route,30,Westbound (WB),Mainline,Not reported,US 30/LIBERTY AVE,US Route,Not Indicated as an Intersection,Property Damage Only,2000,Traveling wrong way or on wrong side of road,Under Influence of Alcohol/Drugs/Medications,25,>= 25 and <= 29,Male
20191095158,19002660,20190201,4652421,616841,15:21,Friday,Linn,Iowa Route,100,Eastbound (EB),Mainline,Not reported,IA 100/COLLINS RD SE & S 22ND ST,Iowa Route,IA Route - Municipal,Suspected Minor Injury Crash,15500,Operating vehicle in an reckless, erratic, careless, negligent manner,Alcohol (Statutory),39,>= 35 and <= 39,Female
20191095158,19002660,20190201,4652421,616841,15:21,Friday,Linn,Iowa Route,100,Eastbound (EB),Mainline,Not reported,IA 100/COLLINS RD SE & S 22ND ST,Iowa Route,IA Route - Municipal,Suspected Minor Injury Crash,15500,Operating vehicle in an reckless, erratic, careless, negligent manner,Alcohol (Statutory),36,>= 35 and <= 39,Female
20191095158,19002660,20190201,4652421,616841,15:21,Friday,Linn,Iowa Route,100,Eastbound (EB),Mainline,Not reported,IA 100/COLLINS RD SE & S 22ND ST,Iowa Route,IA Route - Municipal,Suspected Minor Injury Crash,15500,Operating vehicle in an reckless, erratic, careless, negligent manner,Alcohol (Statutory),53,>= 50 and <= 54,Male
20191095193,19-001391,20190202,4686436,709980,00:12,Saturday,Jackson,US Route,52,Both North and South,Mainline,Not reported,US 52/GREAT RIVER RD & 308 ST,US Route,US Route - Secondary,Possible/Unknown Injury Crash,20000,Crossed centerline (undivided),Alcohol (Statutory),28,>= 25 and <= 29,Male
20191095193,19-001391,20190202,4686436,709980,00:12,Saturday,Jackson,US Route,52,Both North and South,Mainline,Not reported,US 52/GREAT RIVER RD & 308 ST,US Route,US Route - Secondary,Possible/Unknown Injury Crash,20000,Crossed centerline (undivided),Alcohol (Statutory),15,= 15,Male
20191095297,2019-9128,20190202,4601704,700509,01:54,Saturday,Scott,Local Road,9999,Unknown - Not Indicated - Unlocated,Mainline,Not reported,W LOMBARD ST & WASHINGTON ST,Municipal Road,Municipal - Municipal,Property Damage Only,4000,Failed to keep in proper lane,Alcohol (Statutory),200,,Not reported
20191095297,2019-9128,20190202,4601704,700509,01:54,Saturday,Scott,Local Road,9999,Unknown - Not Indicated - Unlocated,Mainline,Not reported,W LOMBARD ST & WASHINGTON ST,Municipal Road,Municipal - Municipal,Property Damage Only,4000,Failed to keep in proper lane,Alcohol (Statutory),30,>= 30 and <= 34,Male
20191095303,20190003206,20190202,4608867,441878,18:00,Saturday,Polk,US Route,6,No Travel Direction Consistent with Route,Mainline,Not reported,US 6/MERLE HAY RD/DOUGLAS AVE & IA 28,US Route,US Route - IA Route,Possible/Unknown Injury Crash,6500,Operating vehicle in an reckless, erratic, careless, negligent manner,Under Influence of Alcohol/Drugs/Medications,32,>= 30 and <= 34,Female
20191095303,20190003206,20190202,4608867,441878,18:00,Saturday,Polk,US Route,6,No Travel Direction Consistent with Route,Mainline,Not reported,US 6/MERLE HAY RD/DOUGLAS AVE & IA 28,US Route,US Route - IA Route,Possible/Unknown Injury Crash,6500,Operating vehicle in an reckless, erratic, careless, negligent manner,Under Influence of Alcohol/Drugs/Medications,38,>= 35 and <= 39,Male
20191095306,19-004943,20190203,4572861,256938,01:50,Sunday,Pottawattamie,Interstate,29,Ramp,Ramp,Not reported,I-29,Interstate,Not Indicated as an Intersection,Property Damage Only,25000,Ran off road - straight,Refused,28,>= 25 and <= 29,Male
20191095307,19-1462,20190203,4659183,691875,00:08,Sunday,Jackson,Local Road,9999,Unknown - Not Indicated - Unlocated,Mainline,Not reported,W SUMMIT ST,Municipal Road,Not Indicated as an Intersection,Property Damage Only,2500,Ran off road - right,Alcohol (Statutory),26,>= 25 and <= 29,Male
20191095315,19-000593,20190202,4616954,451620,01:30,Saturday,Polk,Iowa Route,160,Eastbound (EB),Mainline,Not reported,IA 160/SE ORALABOR RD,Iowa Route,Not Indicated as an Intersection,Possible/Unknown Injury Crash,5500,Operating vehicle in an reckless, erratic, careless, negligent manner,Alcohol (Statutory),45,>= 45 and <= 49,Male
20191095315,19-000593,20190202,4616954,451620,01:30,Saturday,Polk,Iowa Route,160,Eastbound (EB),Mainline,Not reported,IA 160/SE ORALABOR RD,Iowa Route,Not Indicated as an Intersection,Possible/Unknown Injury Crash,5500,Operating vehicle in an reckless, erratic, careless, negligent manner,Alcohol (Statutory),23,>= 21 and <= 24,Male
20191095318,19002778,20190203,4654201,615848,04:26,Sunday,Linn,Local Road,9999,Unknown - Not Indicated - Unlocated,Mainline,Not reported,9TH ST,Municipal Road,Not Indicated as an Intersection,Suspected Minor Injury Crash,0,Aggressive driving/road rage,Alcohol (Statutory),28,>= 25 and <= 29,Male
20191095361,201900180,20190112,4640807,606539,00:45,Saturday,Linn,Farm to Market Route,9999,Unknown - Not Indicated - Unlocated,Mainline,Not reported,EDGEWOOD RD SW,Secondary Road,Not Indicated as an Intersection,Suspected Serious Injury Crash,6000,Ran off road - right,Alcohol (Statutory),34,>= 30 and <= 34,Female
20191095391,20190003316,20190203,4597052,448605,19:36,Sunday,Polk,Local Road,9999,Unknown - Not Indicated - Unlocated,Mainline,Not reported,CHAFFEE RD,Municipal Road,Not Indicated as an Intersection,Property Damage Only,6000,Improper backing,Alcohol (Statutory),200,,Not reported
20191095391,20190003316,20190203,4597052,448605,19:36,Sunday,Polk,Local Road,9999,Unknown - Not Indicated - Unlocated,Mainline,Not reported,CHAFFEE RD,Municipal Road,Not Indicated as an Intersection,Property Damage Only,6000,Improper backing,Alcohol (Statutory),31,>= 30 and <= 34,Not reported
20191095391,20190003316,20190203,4597052,448605,19:36,Sunday,Polk,Local Road,9999,Unknown - Not Indicated - Unlocated,Mainline,Not reported,CHAFFEE RD,Municipal Road,Not Indicated as an Intersection,Property Damage Only,6000,Improper backing,Alcohol (Statutory),200,,Not reported
20191095400,W19-009047,20190203,4703213,554283,04:40,Sunday,Black Hawk,Local Road,9999,Unknown - Not Indicated - Unlocated,Mainline,Not reported,GLENNY AVE,Municipal Road,Not Indicated as an Intersection,Property Damage Only,6500,Illegally parked/unattended,Alcohol (Statutory),33,>= 30 and <= 34,Male
20191095400,W19-009047,20190203,4703213,554283,04:40,Sunday,Black Hawk,Local Road,9999,Unknown - Not Indicated - Unlocated,Mainline,Not reported,GLENNY AVE,Municipal Road,Not Indicated as an Intersection,Property Damage Only,6500,Illegally parked/unattended,Alcohol (Statutory),200,,Not reported
20191095460,1901120PD,20190202,4656775,426106,15:11,Saturday,Boone,Local Road,9999,Unknown - Not Indicated - Unlocated,Mainline,Not reported,DIVISION ST,Municipal Road,Not Indicated as an Intersection,Property Damage Only,16000,FTYROW:  From stop sign,Alcohol (Statutory),60,>= 60 and <= 64,Female
20191095460,1901120PD,20190202,4656775,426106,15:11,Saturday,Boone,Local Road,9999,Unknown - Not Indicated - Unlocated,Mainline,Not reported,DIVISION ST,Municipal Road,Not Indicated as an Intersection,Property Damage Only,16000,FTYROW:  From stop sign,Alcohol (Statutory),46,>= 45 and <= 49,Female
20191095523,19-001038,20190203,4707862,311427,01:33,Sunday,Sac,Local Road,9999,Unknown - Not Indicated - Unlocated,Mainline,Not reported,DUNDAS ST,Municipal Road,Not Indicated as an Intersection,Suspected Minor Injury Crash,15000,Ran off road - left,Alcohol (Statutory),24,>= 21 and <= 24,Male
20191095548,19-3506,20190202,4712104,220126,19:42,Saturday,Woodbury,Local Road,9999,Unknown - Not Indicated - Unlocated,Mainline,Not reported,DOUGLAS ST,Municipal Road,Not Indicated as an Intersection,Property Damage Only,18000,Lost control,Refused,200,,Not reported
20191095548,19-3506,20190202,4712104,220126,19:42,Saturday,Woodbury,Local Road,9999,Unknown - Not Indicated - Unlocated,Mainline,Not reported,DOUGLAS ST,Municipal Road,Not Indicated as an Intersection,Property Damage Only,18000,Lost control,Refused,20,= 20,Male
20191095548,19-3506,20190202,4712104,220126,19:42,Saturday,Woodbury,Local Road,9999,Unknown - Not Indicated - Unlocated,Mainline,Not reported,DOUGLAS ST,Municipal Road,Not Indicated as an Intersection,Property Damage Only,18000,Lost control,Refused,200,,Not reported
20191095548,19-3506,20190202,4712104,220126,19:42,Saturday,Woodbury,Local Road,9999,Unknown - Not Indicated - Unlocated,Mainline,Not reported,DOUGLAS ST,Municipal Road,Not Indicated as an Intersection,Property Damage Only,18000,Lost control,Refused,200,,Not reported
20191095548,19-3506,20190202,4712104,220126,19:42,Saturday,Woodbury,Local Road,9999,Unknown - Not Indicated - Unlocated,Mainline,Not reported,DOUGLAS ST,Municipal Road,Not Indicated as an Intersection,Property Damage Only,18000,Lost control,Refused,28,>= 25 and <= 29,Male
20191095566,19-000784,20190126,4707707,481294,01:10,Saturday,Hardin,Farm to Market Route,9999,Unknown - Not Indicated - Unlocated,Mainline,Not reported,Co Rd D15/CO HWY D15 & MM AVE,Secondary Road,Secondary - Secondary,Property Damage Only,3400,Operating vehicle in an reckless, erratic, careless, negligent manner,Alcohol (Statutory),21,>= 21 and <= 24,Male
20191095584,19-3663,20190204,4710123,220887,08:54,Monday,Woodbury,Local Road,9999,Unknown - Not Indicated - Unlocated,Mainline,On overpass,3RD ST & COURT ST,Municipal Road,Municipal - Municipal,Property Damage Only,1750,Followed too close,Alcohol (Statutory),22,>= 21 and <= 24,Female
20191095584,19-3663,20190204,4710123,220887,08:54,Monday,Woodbury,Local Road,9999,Unknown - Not Indicated - Unlocated,Mainline,On overpass,3RD ST & COURT ST,Municipal Road,Municipal - Municipal,Property Damage Only,1750,Followed too close,Alcohol (Statutory),61,>= 60 and <= 64,Male
20191095638,19-1370,20190202,4637572,360793,23:00,Saturday,Carroll,Local Road,9999,Unknown - Not Indicated - Unlocated,Mainline,Not reported,5TH AVE,Municipal Road,Not Indicated as an Intersection,Property Damage Only,5000,Unknown,Alcohol (Statutory),44,>= 40 and <= 44,Male
20191095638,19-1370,20190202,4637572,360793,23:00,Saturday,Carroll,Local Road,9999,Unknown - Not Indicated - Unlocated,Mainline,Not reported,5TH AVE,Municipal Road,Not Indicated as an Intersection,Property Damage Only,5000,Unknown,Alcohol (Statutory),57,>= 55 and <= 59,Male
20191095702,201900005653,20190131,4540096,549033,22:11,Thursday,Wapello,US Route,34,No Travel Direction Consistent with Route,Mainline,Not reported,US 34/MYRTLE ST,US Route,Not Indicated as an Intersection,Property Damage Only,2000,Ran off road - left,Alcohol (Statutory),20,= 20,Female
20191095709,201900006094,20190202,4538980,550071,22:35,Saturday,Wapello,US Route,34,Ramp,Ramp,Not reported,US 34/SE RAMP,US Route,Not Indicated as an Intersection,Property Damage Only,15000,Driver Distraction:  Passenger,Alcohol (Statutory),23,>= 21 and <= 24,Female
20191095805,2019003220,20190131,4573614,268053,01:15,Thursday,Pottawattamie,US Route,6,Unknown - Not Indicated - Unlocated,Mainline,Not reported,US 6 & SUNNYDALE RD,US Route,US Route - Secondary,Suspected Minor Injury Crash,5000,Unknown,Refused,37,>= 35 and <= 39,Female
20191095812,20190003427,20190204,4607204,447360,18:17,Monday,Polk,Local Road,9999,Unknown - Not Indicated - Unlocated,Mainline,Not reported,CHAUTAUQUA PKWY & HICKMAN RD & PROSPECT RD,Municipal Road,Municipal - Municipal,Property Damage Only,6500,Operating vehicle in an reckless, erratic, careless, negligent manner,Alcohol (Statutory),36,>= 35 and <= 39,Male
20191095823,19-000263,20190204,4723178,316698,18:52,Monday,Buena Vista,Iowa Route,110,Southbound (SB),Mainline,Not reported,IA 110/IOWA 110,Iowa Route,Not Indicated as an Intersection,Property Damage Only,2000,Followed too close,Alcohol (Statutory),22,>= 21 and <= 24,Female
20191095823,19-000263,20190204,4723178,316698,18:52,Monday,Buena Vista,Iowa Route,110,Southbound (SB),Mainline,Not reported,IA 110/IOWA 110,Iowa Route,Not Indicated as an Intersection,Property Damage Only,2000,Followed too close,Alcohol (Statutory),19,= 19,Male
20191095942,01-19-380,20190101,4743549,242644,19:35,Tuesday,Plymouth,Iowa Route,3,Eastbound (EB),Mainline,Not reported,IA 3/LINCOLN ST NE,Iowa Route,Not Indicated as an Intersection,Suspected Serious Injury Crash,0,Other:  Getting off/out of vehicle,Alcohol (Statutory),28,>= 25 and <= 29,Female
20191096046,19-005334,20190205,4571842,255922,15:59,Tuesday,Pottawattamie,Interstate,29,No Travel Direction Consistent with Route,Mainline,Not reported,I-29,Interstate,Not Indicated as an Intersection,Possible/Unknown Injury Crash,20000,Ran off road - right,Under Influence of Alcohol/Drugs/Medications,33,>= 30 and <= 34,Female
20191096050,19001281,20190131,4525615,498125,17:05,Thursday,Appanoose,Farm to Market Route,9999,Unknown - Not Indicated - Unlocated,Mainline,Not reported,Co Rd S70/HWY S70,Secondary Road,Not Indicated as an Intersection,Property Damage Only,7500,Operating vehicle in an reckless, erratic, careless, negligent manner,Refused,39,>= 35 and <= 39,Female
20191096086,PD19-00275,20190205,4653390,508361,19:34,Tuesday,Marshall,Local Road,9999,Unknown - Not Indicated - Unlocated,Mainline,Not reported,HENRY DR,Municipal Road,Not Indicated as an Intersection,Property Damage Only,3000,Lost control,Alcohol (Statutory),37,>= 35 and <= 39,Male
20191096205,S19-1686,20190205,4679460,256522,00:28,Tuesday,Woodbury,Local Road,9999,Unknown - Not Indicated - Unlocated,Mainline,Not reported,KNOX AVE,Secondary Road,Not Indicated as an Intersection,Property Damage Only,5000,Animal,Alcohol (Statutory),24,>= 21 and <= 24,Female
20191096240,2019003854,20190205,4700924,394062,16:10,Tuesday,Webster,US Route,20,Ramp,Ramp,Not reported,US 20/NW RAMP,US Route,Not Indicated as an Intersection,Possible/Unknown Injury Crash,400,Traveling wrong way or on wrong side of road,Alcohol (Statutory),52,>= 50 and <= 54,Female
20191096240,2019003854,20190205,4700924,394062,16:10,Tuesday,Webster,US Route,20,Ramp,Ramp,Not reported,US 20/NW RAMP,US Route,Not Indicated as an Intersection,Possible/Unknown Injury Crash,400,Traveling wrong way or on wrong side of road,Alcohol (Statutory),27,>= 25 and <= 29,Male
20191096306,C19000458,20190203,4616802,618265,21:24,Sunday,Johnson,Local Road,9999,Unknown - Not Indicated - Unlocated,Mainline,Not reported,VALLEY VIEW DR & HOLIDAY RD,Municipal Road,Municipal - Municipal,Property Damage Only,7000,Aggressive driving/road rage,Alcohol (Statutory),18,= 18,Male
20191096306,C19000458,20190203,4616802,618265,21:24,Sunday,Johnson,Local Road,9999,Unknown - Not Indicated - Unlocated,Mainline,Not reported,VALLEY VIEW DR & HOLIDAY RD,Municipal Road,Municipal - Municipal,Property Damage Only,7000,Aggressive driving/road rage,Alcohol (Statutory),24,>= 21 and <= 24,Male
20191096328,201900454,20190207,4672511,600299,01:49,Thursday,Linn,Farm to Market Route,9999,Unknown - Not Indicated - Unlocated,Mainline,Not reported,FRANKLIN ST,Municipal Road,Not Indicated as an Intersection,Suspected Minor Injury Crash,5000,Ran off road - right,Refused,22,>= 21 and <= 24,Female
20191096333,2019-000961,20190206,4707972,689229,21:06,Wednesday,Dubuque,Local Road,9999,Unknown - Not Indicated - Unlocated,Mainline,Not reported,CHERRY ST & ASBURY RD,Municipal Road,Municipal - Municipal,Property Damage Only,26500,Lost control,Alcohol (Statutory),200,,Not reported
20191096333,2019-000961,20190206,4707972,689229,21:06,Wednesday,Dubuque,Local Road,9999,Unknown - Not Indicated - Unlocated,Mainline,Not reported,CHERRY ST & ASBURY RD,Municipal Road,Municipal - Municipal,Property Damage Only,26500,Lost control,Alcohol (Statutory),45,>= 45 and <= 49,Female
20191096333,2019-000961,20190206,4707972,689229,21:06,Wednesday,Dubuque,Local Road,9999,Unknown - Not Indicated - Unlocated,Mainline,Not reported,CHERRY ST & ASBURY RD,Municipal Road,Municipal - Municipal,Property Damage Only,26500,Lost control,Alcohol (Statutory),200,,Not reported