Case Number,Law Enforcement Case Number,Date of Crash,Y-Coordinate (UTM NAD 83 Zone 15),X-Coordinate (UTM NAD 83 Zone 15),Time,Day of Week,County,Road System,Route,Cardinal Direction of Vehicles,Mainline or Ramp,Overpass/Underpass Information,Derived Literal Description,Road Classification,Intersection Class,Crash Severity,Amount of Property Damage,Major Cause,Drug or Alcohol Related,Driver Age,Driver Age - 5 year Bins,Driver Gender
20191096333,2019-000961,20190206,4707972,689229,21:06,Wednesday,Dubuque,Local Road,9999,Unknown - Not Indicated - Unlocated,Mainline,Not reported,CHERRY ST & ASBURY RD,Municipal Road,Municipal - Municipal,Property Damage Only,26500,Lost control,Alcohol (Statutory),200,,Not reported
20191096336,2019-000966,20190207,4706298,687396,00:20,Thursday,Dubuque,Local Road,9999,Unknown - Not Indicated - Unlocated,Mainline,Not reported,STARLIGHT DR,Municipal Road,Not Indicated as an Intersection,Property Damage Only,4200,Driving too fast for conditions,Alcohol (Statutory),24,>= 21 and <= 24,Female
20191096470,201900006029,20190202,4541126,550190,16:54,Saturday,Wapello,Local Road,9999,Unknown - Not Indicated - Unlocated,Mainline,Not reported,N JEFFERSON ST,Municipal Road,Not Indicated as an Intersection,Property Damage Only,1750,Followed too close,Refused,26,>= 25 and <= 29,Female
20191096470,201900006029,20190202,4541126,550190,16:54,Saturday,Wapello,Local Road,9999,Unknown - Not Indicated - Unlocated,Mainline,Not reported,N JEFFERSON ST,Municipal Road,Not Indicated as an Intersection,Property Damage Only,1750,Followed too close,Refused,30,>= 30 and <= 34,Female
20191096554,19-958,20190207,4620027,466159,14:51,Thursday,Polk,US Route,65,Northbound (NB),Mainline,Not reported,US 65,US Route,Not Indicated as an Intersection,Property Damage Only,10000,Exceeded authorized speed,Alcohol (Statutory),48,>= 45 and <= 49,Male
20191096590,190474,20190207,4653103,303985,02:31,Thursday,Crawford,US Route,30,Eastbound (EB),Mainline,Not reported,US 30,US Route,Not Indicated as an Intersection,Property Damage Only,20000,Driving too fast for conditions,Alcohol (Statutory),27,>= 25 and <= 29,Female
20191096594,C19000367,20190128,4615416,617841,18:30,Monday,Johnson,Local Road,9999,Unknown - Not Indicated - Unlocated,Mainline,Not reported,8TH ST,Municipal Road,Not Indicated as an Intersection,Property Damage Only,1600,Operating vehicle in an reckless, erratic, careless, negligent manner,Alcohol (Statutory),38,>= 35 and <= 39,Male
20191096594,C19000367,20190128,4615416,617841,18:30,Monday,Johnson,Local Road,9999,Unknown - Not Indicated - Unlocated,Mainline,Not reported,8TH ST,Municipal Road,Not Indicated as an Intersection,Property Damage Only,1600,Operating vehicle in an reckless, erratic, careless, negligent manner,Alcohol (Statutory),63,>= 60 and <= 64,Male
20191096607,19-00681,20190207,4601199,430937,22:02,Thursday,Dallas,Farm to Market Route,9999,Unknown - Not Indicated - Unlocated,Mainline,Not reported,335TH ST,Municipal Road,Municipal - Municipal,Property Damage Only,3000,Exceeded authorized speed,Alcohol (Statutory),34,>= 30 and <= 34,Male
20191096673,2019002497,20190125,4567335,522049,04:00,Friday,Mahaska,Farm to Market Route,9999,Unknown - Not Indicated - Unlocated,Mainline,Not reported,Co Rd T39/GALESTON AVE,Secondary Road,Not Indicated as an Intersection,Property Damage Only,8000,Driving too fast for conditions,Under Influence of Alcohol/Drugs/Medications,21,>= 21 and <= 24,Male
20191096695,01-19-060,20190126,4741057,239267,19:13,Saturday,Plymouth,Local Road,9999,Unknown - Not Indicated - Unlocated,Mainline,Not reported,HAWKEYE AVE,Municipal Road,Not Indicated as an Intersection,Property Damage Only,6000,Operating vehicle in an reckless, erratic, careless, negligent manner,Alcohol (Statutory),53,>= 50 and <= 54,Female
20191096862,20190003870,20190208,4599015,446197,16:12,Friday,Polk,Local Road,9999,Unknown - Not Indicated - Unlocated,Mainline,Not reported,MCKINLEY AVE & FLEUR DR,Municipal Road,Municipal - Municipal,Possible/Unknown Injury Crash,3000,Other,Refused,70,>= 70 and <= 74,Male
20191096862,20190003870,20190208,4599015,446197,16:12,Friday,Polk,Local Road,9999,Unknown - Not Indicated - Unlocated,Mainline,Not reported,MCKINLEY AVE & FLEUR DR,Municipal Road,Municipal - Municipal,Possible/Unknown Injury Crash,3000,Other,Refused,59,>= 55 and <= 59,Male
20191096863,20190003880,20190208,4604699,441366,19:13,Friday,Polk,Iowa Route,28,Southbound (SB),Mainline,Not reported,IA 28/63RD ST & CENTER ST,Iowa Route,IA Route - Municipal,Possible/Unknown Injury Crash,10000,Operating vehicle in an reckless, erratic, careless, negligent manner,Refused,34,>= 30 and <= 34,Male
20191096863,20190003880,20190208,4604699,441366,19:13,Friday,Polk,Iowa Route,28,Southbound (SB),Mainline,Not reported,IA 28/63RD ST & CENTER ST,Iowa Route,IA Route - Municipal,Possible/Unknown Injury Crash,10000,Operating vehicle in an reckless, erratic, careless, negligent manner,Refused,43,>= 40 and <= 44,Female
20191096872,19-000596,20190202,4616956,451437,01:29,Saturday,Polk,Iowa Route,160,Eastbound (EB),Mainline,Not reported,IA 160/SE ORALABOR RD,Iowa Route,Not Indicated as an Intersection,Possible/Unknown Injury Crash,1100,Operating vehicle in an reckless, erratic, careless, negligent manner,Alcohol (Statutory),22,>= 21 and <= 24,Male
20191096872,19-000596,20190202,4616956,451437,01:29,Saturday,Polk,Iowa Route,160,Eastbound (EB),Mainline,Not reported,IA 160/SE ORALABOR RD,Iowa Route,Not Indicated as an Intersection,Possible/Unknown Injury Crash,1100,Operating vehicle in an reckless, erratic, careless, negligent manner,Alcohol (Statutory),45,>= 45 and <= 49,Male
20191096875,2019-03988,20190208,4595120,449024,19:54,Friday,Warren,Local Road,9999,Unknown - Not Indicated - Unlocated,Mainline,Not reported,MARLOU PKWY,Secondary Road,Not Indicated as an Intersection,Property Damage Only,1600,Ran off road - right,Alcohol (Statutory),24,>= 21 and <= 24,Male
20191096878,CLP19000462,20190208,4636102,732558,18:00,Friday,Clinton,Local Road,9999,Unknown - Not Indicated - Unlocated,Mainline,Not reported,S 6TH ST,Municipal Road,Not Indicated as an Intersection,Possible/Unknown Injury Crash,5000,Lost control,Alcohol (Statutory),200,,Not reported
20191096878,CLP19000462,20190208,4636102,732558,18:00,Friday,Clinton,Local Road,9999,Unknown - Not Indicated - Unlocated,Mainline,Not reported,S 6TH ST,Municipal Road,Not Indicated as an Intersection,Possible/Unknown Injury Crash,5000,Lost control,Alcohol (Statutory),33,>= 30 and <= 34,Male
20191096926,390219-0419,20190209,4630878,377102,04:52,Saturday,Guthrie,Farm to Market Route,9999,Unknown - Not Indicated - Unlocated,Mainline,Not reported,Co Rd F20/130TH ST,Secondary Road,Not Indicated as an Intersection,Property Damage Only,3000,Ran off road - right,Alcohol (Statutory),19,= 19,Male
20191097015,W19-010818,20190209,4704012,552511,21:46,Saturday,Black Hawk,Local Road,9999,Unknown - Not Indicated - Unlocated,Mainline,Not reported,W 3RD ST,Municipal Road,Not Indicated as an Intersection,Property Damage Only,7500,Lost control,Alcohol (Statutory),200,,Not reported
20191097015,W19-010818,20190209,4704012,552511,21:46,Saturday,Black Hawk,Local Road,9999,Unknown - Not Indicated - Unlocated,Mainline,Not reported,W 3RD ST,Municipal Road,Not Indicated as an Intersection,Property Damage Only,7500,Lost control,Alcohol (Statutory),67,>= 65 and <= 69,Male
20191097017,19-00728,20190209,4603835,434991,21:36,Saturday,Polk,Local Road,9999,Unknown - Not Indicated - Unlocated,Mainline,Not reported,PRAIRIE VIEW DR,Municipal Road,Not Indicated as an Intersection,Property Damage Only,8500,Lost control,Alcohol (Statutory),41,>= 40 and <= 44,Male
20191097017,19-00728,20190209,4603835,434991,21:36,Saturday,Polk,Local Road,9999,Unknown - Not Indicated - Unlocated,Mainline,Not reported,PRAIRIE VIEW DR,Municipal Road,Not Indicated as an Intersection,Property Damage Only,8500,Lost control,Alcohol (Statutory),200,,Not reported
20191097017,19-00728,20190209,4603835,434991,21:36,Saturday,Polk,Local Road,9999,Unknown - Not Indicated - Unlocated,Mainline,Not reported,PRAIRIE VIEW DR,Municipal Road,Not Indicated as an Intersection,Property Damage Only,8500,Lost control,Alcohol (Statutory),200,,Not reported
20191097110,2019001329,20190208,4613591,622812,23:55,Friday,Johnson,Local Road,9999,Unknown - Not Indicated - Unlocated,Mainline,Not reported,E BLOOMINGTON ST,Municipal Road,Not Indicated as an Intersection,Property Damage Only,8000,Lost control,Alcohol (Statutory),23,>= 21 and <= 24,Female
20191097110,2019001329,20190208,4613591,622812,23:55,Friday,Johnson,Local Road,9999,Unknown - Not Indicated - Unlocated,Mainline,Not reported,E BLOOMINGTON ST,Municipal Road,Not Indicated as an Intersection,Property Damage Only,8000,Lost control,Alcohol (Statutory),200,,Not reported
20191097110,2019001329,20190208,4613591,622812,23:55,Friday,Johnson,Local Road,9999,Unknown - Not Indicated - Unlocated,Mainline,Not reported,E BLOOMINGTON ST,Municipal Road,Not Indicated as an Intersection,Property Damage Only,8000,Lost control,Alcohol (Statutory),200,,Not reported
20191097110,2019001329,20190208,4613591,622812,23:55,Friday,Johnson,Local Road,9999,Unknown - Not Indicated - Unlocated,Mainline,Not reported,E BLOOMINGTON ST,Municipal Road,Not Indicated as an Intersection,Property Damage Only,8000,Lost control,Alcohol (Statutory),200,,Not reported
20191097160,20190004015,20190209,4606837,443521,22:04,Saturday,Polk,Local Road,9999,Unknown - Not Indicated - Unlocated,Mainline,Not reported,FRANKLIN AVE & 44TH ST,Municipal Road,Municipal - Municipal,Property Damage Only,27000,Ran traffic signal,Alcohol (Statutory),39,>= 35 and <= 39,Male
20191097160,20190004015,20190209,4606837,443521,22:04,Saturday,Polk,Local Road,9999,Unknown - Not Indicated - Unlocated,Mainline,Not reported,FRANKLIN AVE & 44TH ST,Municipal Road,Municipal - Municipal,Property Damage Only,27000,Ran traffic signal,Alcohol (Statutory),57,>= 55 and <= 59,Male
20191097161,20190004044,20190210,4605616,444987,04:13,Sunday,Polk,Local Road,9999,Unknown - Not Indicated - Unlocated,Mainline,Not reported,UNIVERSITY AVE,Municipal Road,Not Indicated as an Intersection,Property Damage Only,10000,Exceeded authorized speed,Alcohol (Statutory),200,,Not reported
20191097161,20190004044,20190210,4605616,444987,04:13,Sunday,Polk,Local Road,9999,Unknown - Not Indicated - Unlocated,Mainline,Not reported,UNIVERSITY AVE,Municipal Road,Not Indicated as an Intersection,Property Damage Only,10000,Exceeded authorized speed,Alcohol (Statutory),22,>= 21 and <= 24,Female
20191097163,W19-010987,20190210,4705048,551200,16:12,Sunday,Black Hawk,Iowa Route,934,Eastbound (EB),Mainline,Not reported,IA 934/UNIVERSITY AVE & ANSBOROUGH AVE,Iowa Route,IA Route - Municipal,Property Damage Only,2500,Ran off road - right,Alcohol (Statutory),43,>= 40 and <= 44,Male
20191097165,201902171,20190210,4646140,609627,22:05,Sunday,Linn,Local Road,9999,Unknown - Not Indicated - Unlocated,Mainline,Not reported,6TH ST SW,Municipal Road,Not Indicated as an Intersection,Possible/Unknown Injury Crash,10500,Lost control,Refused,19,= 19,Male
20191097165,201902171,20190210,4646140,609627,22:05,Sunday,Linn,Local Road,9999,Unknown - Not Indicated - Unlocated,Mainline,Not reported,6TH ST SW,Municipal Road,Not Indicated as an Intersection,Possible/Unknown Injury Crash,10500,Lost control,Refused,46,>= 45 and <= 49,Male
20191097179,2019002817,20190127,4611446,439520,20:00,Sunday,Polk,Interstate,35,No Travel Direction Consistent with Route,Mainline,Not reported,I-35,Interstate,Not Indicated as an Intersection,Property Damage Only,5000,Operating vehicle in an reckless, erratic, careless, negligent manner,Alcohol (Statutory),39,>= 35 and <= 39,Male
20191097180,2019002825,20190127,4611370,436913,23:18,Sunday,Polk,Interstate,35,No Travel Direction Consistent with Route,Mainline,Not reported,I-35,Interstate,Not Indicated as an Intersection,Property Damage Only,12000,Operating vehicle in an reckless, erratic, careless, negligent manner,Alcohol (Statutory),43,>= 40 and <= 44,Male
20191097182,2019003589,20190202,4604993,445870,01:18,Saturday,Polk,Interstate,235,Westbound (WB),Mainline,Not reported,I-235,Interstate,Not Indicated as an Intersection,Property Damage Only,9500,Operating vehicle in an reckless, erratic, careless, negligent manner,Refused,72,>= 70 and <= 74,Male
20191097182,2019003589,20190202,4604993,445870,01:18,Saturday,Polk,Interstate,235,Westbound (WB),Mainline,Not reported,I-235,Interstate,Not Indicated as an Intersection,Property Damage Only,9500,Operating vehicle in an reckless, erratic, careless, negligent manner,Refused,26,>= 25 and <= 29,Male
20191097185,2019004361,20190210,4601123,435156,00:57,Sunday,Polk,Local Road,9999,Unknown - Not Indicated - Unlocated,Mainline,Not reported,MILLS CIVIC PKWY,Municipal Road,Not Indicated as an Intersection,Possible/Unknown Injury Crash,10000,Operating vehicle in an reckless, erratic, careless, negligent manner,Refused,200,,Not reported
20191097185,2019004361,20190210,4601123,435156,00:57,Sunday,Polk,Local Road,9999,Unknown - Not Indicated - Unlocated,Mainline,Not reported,MILLS CIVIC PKWY,Municipal Road,Not Indicated as an Intersection,Possible/Unknown Injury Crash,10000,Operating vehicle in an reckless, erratic, careless, negligent manner,Refused,31,>= 30 and <= 34,Female
20191097201,19-2151,20190208,4730493,542905,18:44,Friday,Bremer,Iowa Route,3,Westbound (WB),Mainline,Not reported,IA 3/BREMER AVE,Iowa Route,Not Indicated as an Intersection,Property Damage Only,2500,Driving too fast for conditions,Alcohol (Statutory),43,>= 40 and <= 44,Female
20191097201,19-2151,20190208,4730493,542905,18:44,Friday,Bremer,Iowa Route,3,Westbound (WB),Mainline,Not reported,IA 3/BREMER AVE,Iowa Route,Not Indicated as an Intersection,Property Damage Only,2500,Driving too fast for conditions,Alcohol (Statutory),35,>= 35 and <= 39,Female
20191097205,19001274,20190209,4700320,642597,21:32,Saturday,Delaware,Local Road,9999,Unknown - Not Indicated - Unlocated,Mainline,Not reported,270TH AVE,Secondary Road,Not Indicated as an Intersection,Property Damage Only,9000,Ran off road - left,Alcohol (Statutory),33,>= 30 and <= 34,Female
20191097231,S19-000539,20190209,4575472,267767,02:24,Saturday,Pottawattamie,Interstate,80,Both East and West,Mainline,Not reported,I-80,Interstate,Not Indicated as an Intersection,Property Damage Only,20000,Traveling wrong way or on wrong side of road,Alcohol (Statutory),32,>= 30 and <= 34,Male
20191097231,S19-000539,20190209,4575472,267767,02:24,Saturday,Pottawattamie,Interstate,80,Both East and West,Mainline,Not reported,I-80,Interstate,Not Indicated as an Intersection,Property Damage Only,20000,Traveling wrong way or on wrong side of road,Alcohol (Statutory),25,>= 25 and <= 29,Female
20191097244,19-000212,20190209,4658617,448660,23:54,Saturday,Story,US Route,69,No Travel Direction Consistent with Route,Mainline,Not reported,US 69 & 190TH ST,US Route,US Route - Secondary,Property Damage Only,10200,Ran stop sign,Alcohol (Statutory),57,>= 55 and <= 59,Female
20191097250,19-000772,20190209,4651263,449466,15:32,Saturday,Story,US Route,69,Southbound (SB),Mainline,Not reported,US 69/S DUFF AVE,US Route,Not Indicated as an Intersection,Property Damage Only,1500,Followed too close,Alcohol (Statutory),25,>= 25 and <= 29,Male
20191097250,19-000772,20190209,4651263,449466,15:32,Saturday,Story,US Route,69,Southbound (SB),Mainline,Not reported,US 69/S DUFF AVE,US Route,Not Indicated as an Intersection,Property Damage Only,1500,Followed too close,Alcohol (Statutory),30,>= 30 and <= 34,Male
20191097269,19000759,20190209,4649334,449672,02:06,Saturday,Story,Local Road,9999,Unknown - Not Indicated - Unlocated,Mainline,Not reported,OPAL DR,Municipal Road,Not Indicated as an Intersection,Property Damage Only,2700,Lost control,Under Influence of Alcohol/Drugs/Medications,27,>= 25 and <= 29,Male
20191097368,891901372,20190210,4505734,608260,01:45,Sunday,Lee,Farm to Market Route,9999,Unknown - Not Indicated - Unlocated,Mainline,Not reported,Co Rd W46/100 AVE,Secondary Road,Not Indicated as an Intersection,Property Damage Only,11000,Ran off road - right,Alcohol (Statutory),21,>= 21 and <= 24,Male
20191097669,19-4290,20190209,4709346,221024,17:48,Saturday,Woodbury,Interstate,29,Southbound (SB),Mainline,Not reported,I-29,Interstate,Not Indicated as an Intersection,Property Damage Only,2500,Driving less than the posted speed limit,Refused,26,>= 25 and <= 29,Not reported
20191097806,19-00365,20190208,4610285,438665,22:05,Friday,Polk,Farm to Market Route,9999,Unknown - Not Indicated - Unlocated,Mainline,Not reported,86TH ST,Municipal Road,Not Indicated as an Intersection,Property Damage Only,13000,Operating vehicle in an reckless, erratic, careless, negligent manner,Under Influence of Alcohol/Drugs/Medications,24,>= 21 and <= 24,Male
20191097806,19-00365,20190208,4610285,438665,22:05,Friday,Polk,Farm to Market Route,9999,Unknown - Not Indicated - Unlocated,Mainline,Not reported,86TH ST,Municipal Road,Not Indicated as an Intersection,Property Damage Only,13000,Operating vehicle in an reckless, erratic, careless, negligent manner,Under Influence of Alcohol/Drugs/Medications,43,>= 40 and <= 44,Male
20191097829,19-000571,20190212,4745597,356110,16:40,Tuesday,Pocahontas,Local Road,9999,Unknown - Not Indicated - Unlocated,Mainline,Not reported,440TH ST,Secondary Road,Not Indicated as an Intersection,Property Damage Only,3500,Ran off road - left,Alcohol (Statutory),31,>= 30 and <= 34,Male
20191097894,19-3287,20190204,4600270,709384,01:18,Monday,Scott,US Route,67,No Travel Direction Consistent with Route,Mainline,Not reported,US 67/STATE ST,US Route,Not Indicated as an Intersection,Property Damage Only,2500,Operating vehicle in an reckless, erratic, careless, negligent manner,Alcohol (Statutory),32,>= 30 and <= 34,Male
20191097896,PD19-00328,20190212,4655114,507205,22:26,Tuesday,Marshall,Local Road,9999,Unknown - Not Indicated - Unlocated,Mainline,Not reported,S CENTER ST,Municipal Road,Not Indicated as an Intersection,Property Damage Only,1700,Lost control,Alcohol (Statutory),50,>= 50 and <= 54,Male
20191097914,19-00793,20190212,4604795,434532,23:02,Tuesday,Polk,Interstate,80,Eastbound (EB),Mainline,Not reported,I-80,Interstate,Not Indicated as an Intersection,Property Damage Only,5000,Exceeded authorized speed,Alcohol (Statutory),23,>= 21 and <= 24,Male
20191097914,19-00793,20190212,4604795,434532,23:02,Tuesday,Polk,Interstate,80,Eastbound (EB),Mainline,Not reported,I-80,Interstate,Not Indicated as an Intersection,Property Damage Only,5000,Exceeded authorized speed,Alcohol (Statutory),26,>= 25 and <= 29,Female
20191098044,19-0943,20190130,4790231,449937,21:13,Wednesday,Winnebago,Local Road,9999,Unknown - Not Indicated - Unlocated,Mainline,Not reported,345TH ST,Secondary Road,Not Indicated as an Intersection,Property Damage Only,20000,Driving too fast for conditions,Alcohol (Statutory),46,>= 45 and <= 49,Male
20191098201,CLP19000482,20190210,4636911,732625,23:42,Sunday,Clinton,Local Road,9999,Unknown - Not Indicated - Unlocated,Mainline,Not reported,N BLUFF BLVD & SPRINGDALE DR,Municipal Road,Municipal - Municipal,Property Damage Only,2000,Driving too fast for conditions,Alcohol (Statutory),26,>= 25 and <= 29,Female
20191098205,PD19-00339,20190213,4655244,508094,22:58,Wednesday,Marshall,Farm to Market Route,9999,Unknown - Not Indicated - Unlocated,Mainline,Not reported,E MAIN ST,Municipal Road,Not Indicated as an Intersection,Property Damage Only,9200,Ran off road - right,Alcohol (Statutory),200,,Not reported
20191098205,PD19-00339,20190213,4655244,508094,22:58,Wednesday,Marshall,Farm to Market Route,9999,Unknown - Not Indicated - Unlocated,Mainline,Not reported,E MAIN ST,Municipal Road,Not Indicated as an Intersection,Property Damage Only,9200,Ran off road - right,Alcohol (Statutory),53,>= 50 and <= 54,Female
20191098252,S19-1847,20190208,4714853,234473,16:00,Friday,Woodbury,Local Road,9999,Unknown - Not Indicated - Unlocated,Mainline,Not reported,Co Rd K42/DALLAS AVE,Secondary Road,Not Indicated as an Intersection,Suspected Minor Injury Crash,15000,Driver Distraction:  Inattentive/lost in thought,Under Influence of Alcohol/Drugs/Medications,76,>= 75 and <= 79,Male
20191098409,201901257,20190213,4649436,433084,16:07,Wednesday,Boone,Local Road,9999,Unknown - Not Indicated - Unlocated,Mainline,Not reported,250TH ST,Secondary Road,Not Indicated as an Intersection,Property Damage Only,10000,Lost control,Refused,34,>= 30 and <= 34,Male
20191098461,19-1171,20190214,4611440,450004,22:45,Thursday,Polk,US Route,69,Southbound (SB),Mainline,Not reported,US 69/NE 14TH ST & NE 51ST AVE,US Route,US Route - Secondary,Property Damage Only,15000,Ran traffic signal,Alcohol (Statutory),27,>= 25 and <= 29,Female
20191098461,19-1171,20190214,4611440,450004,22:45,Thursday,Polk,US Route,69,Southbound (SB),Mainline,Not reported,US 69/NE 14TH ST & NE 51ST AVE,US Route,US Route - Secondary,Property Damage Only,15000,Ran traffic signal,Alcohol (Statutory),33,>= 30 and <= 34,Female
20191098512,2019-001140,20190214,4710241,692144,00:03,Thursday,Dubuque,Local Road,9999,Unknown - Not Indicated - Unlocated,Mainline,Not reported,LINCOLN ST & FENGLER ST,Municipal Road,Municipal - Municipal,Property Damage Only,3000,Lost control,Refused,200,,Not reported
20191098512,2019-001140,20190214,4710241,692144,00:03,Thursday,Dubuque,Local Road,9999,Unknown - Not Indicated - Unlocated,Mainline,Not reported,LINCOLN ST & FENGLER ST,Municipal Road,Municipal - Municipal,Property Damage Only,3000,Lost control,Refused,36,>= 35 and <= 39,Male
20191098512,2019-001140,20190214,4710241,692144,00:03,Thursday,Dubuque,Local Road,9999,Unknown - Not Indicated - Unlocated,Mainline,Not reported,LINCOLN ST & FENGLER ST,Municipal Road,Municipal - Municipal,Property Damage Only,3000,Lost control,Refused,200,,Not reported
20191098584,20190004572,20190214,4605715,447955,21:38,Thursday,Polk,Local Road,9999,Unknown - Not Indicated - Unlocated,Mainline,Not reported,5TH AVE,Municipal Road,Not Indicated as an Intersection,Property Damage Only,3000,Operating vehicle in an reckless, erratic, careless, negligent manner,Alcohol (Statutory),200,,Not reported
20191098584,20190004572,20190214,4605715,447955,21:38,Thursday,Polk,Local Road,9999,Unknown - Not Indicated - Unlocated,Mainline,Not reported,5TH AVE,Municipal Road,Not Indicated as an Intersection,Property Damage Only,3000,Operating vehicle in an reckless, erratic, careless, negligent manner,Alcohol (Statutory),28,>= 25 and <= 29,Male
20191098609,,20190201,4684680,663358,23:59,Friday,Dubuque,Local Road,9999,Unknown - Not Indicated - Unlocated,Mainline,Not reported,1ST AVE W,Municipal Road,Not Indicated as an Intersection,Property Damage Only,10000,Driving too fast for conditions,Alcohol (Statutory),28,>= 25 and <= 29,Male
20191098658,201900541,20190215,4673483,622131,20:30,Friday,Linn,Farm to Market Route,9999,Unknown - Not Indicated - Unlocated,Mainline,Not reported,MAIN ST,Municipal Road,Not Indicated as an Intersection,Property Damage Only,15000,Exceeded authorized speed,Alcohol (Statutory),200,,Not reported
20191098658,201900541,20190215,4673483,622131,20:30,Friday,Linn,Farm to Market Route,9999,Unknown - Not Indicated - Unlocated,Mainline,Not reported,MAIN ST,Municipal Road,Not Indicated as an Intersection,Property Damage Only,15000,Exceeded authorized speed,Alcohol (Statutory),24,>= 21 and <= 24,Male
20191098679,20190004583,20190215,4604133,444175,02:08,Friday,Polk,Local Road,9999,Unknown - Not Indicated - Unlocated,Mainline,Not reported,39TH ST,Municipal Road,Not Indicated as an Intersection,Property Damage Only,2000,Operating vehicle in an reckless, erratic, careless, negligent manner,Alcohol (Statutory),200,,Not reported
20191098679,20190004583,20190215,4604133,444175,02:08,Friday,Polk,Local Road,9999,Unknown - Not Indicated - Unlocated,Mainline,Not reported,39TH ST,Municipal Road,Not Indicated as an Intersection,Property Damage Only,2000,Operating vehicle in an reckless, erratic, careless, negligent manner,Alcohol (Statutory),31,>= 30 and <= 34,Male
20191098755,19-05388,20190217,4520571,659509,02:05,Sunday,Des Moines,Local Road,9999,Unknown - Not Indicated - Unlocated,Mainline,Not reported,NORTH ST & CENTRAL AVE,Municipal Road,Municipal - Municipal,Property Damage Only,11000,Operating vehicle in an reckless, erratic, careless, negligent manner,Alcohol (Statutory),34,>= 30 and <= 34,Male
20191098756,20190004793,20190216,4608051,442157,21:55,Saturday,Polk,Local Road,9999,Unknown - Not Indicated - Unlocated,Mainline,Not reported,56TH ST,Municipal Road,Not Indicated as an Intersection,Property Damage Only,13000,Ran stop sign,Alcohol (Statutory),33,>= 30 and <= 34,Female
20191098756,20190004793,20190216,4608051,442157,21:55,Saturday,Polk,Local Road,9999,Unknown - Not Indicated - Unlocated,Mainline,Not reported,56TH ST,Municipal Road,Not Indicated as an Intersection,Property Damage Only,13000,Ran stop sign,Alcohol (Statutory),29,>= 25 and <= 29,Female
20191098764,W19-012686,20190216,4703648,555203,10:19,Saturday,Black Hawk,Local Road,9999,Unknown - Not Indicated - Unlocated,Mainline,Not reported,OHIO ST,Municipal Road,Not Indicated as an Intersection,Property Damage Only,1500,Driving too fast for conditions,Refused,33,>= 30 and <= 34,Male
20191098764,W19-012686,20190216,4703648,555203,10:19,Saturday,Black Hawk,Local Road,9999,Unknown - Not Indicated - Unlocated,Mainline,Not reported,OHIO ST,Municipal Road,Not Indicated as an Intersection,Property Damage Only,1500,Driving too fast for conditions,Refused,31,>= 30 and <= 34,Male
20191098774,19-00428,20190216,4608495,438648,20:00,Saturday,Polk,Farm to Market Route,9999,Unknown - Not Indicated - Unlocated,Mainline,Not reported,COLBY PKWY & 86TH ST,Municipal Road,Municipal - Municipal,Property Damage Only,3500,Ran traffic signal,Alcohol (Statutory),46,>= 45 and <= 49,Female
20191098774,19-00428,20190216,4608495,438648,20:00,Saturday,Polk,Farm to Market Route,9999,Unknown - Not Indicated - Unlocated,Mainline,Not reported,COLBY PKWY & 86TH ST,Municipal Road,Municipal - Municipal,Property Damage Only,3500,Ran traffic signal,Alcohol (Statutory),53,>= 50 and <= 54,Male
20191098800,PD19-00315,20190211,4655457,507611,16:07,Monday,Marshall,Iowa Route,14,Southbound (SB),Mainline,Not reported,IA 14/N 3RD AVE,Iowa Route,Not Indicated as an Intersection,Property Damage Only,4100,Driving too fast for conditions,Refused,62,>= 60 and <= 64,Female
20191098807,19-1845,20190215,4657887,347566,01:00,Friday,Carroll,Local Road,9999,Unknown - Not Indicated - Unlocated,Mainline,Not reported,GRIFFITH RD,Municipal Road,Not Indicated as an Intersection,Property Damage Only,10200,Passing:  Through/around barrier,Under Influence of Alcohol/Drugs/Medications,23,>= 21 and <= 24,Male
20191098896,C19000659,20190217,4615432,619324,01:20,Sunday,Johnson,Local Road,9999,Unknown - Not Indicated - Unlocated,Mainline,Not reported,9TH ST,Municipal Road,Not Indicated as an Intersection,Property Damage Only,16000,Ran traffic signal,Refused,38,>= 35 and <= 39,Not reported
20191098896,C19000659,20190217,4615432,619324,01:20,Sunday,Johnson,Local Road,9999,Unknown - Not Indicated - Unlocated,Mainline,Not reported,9TH ST,Municipal Road,Not Indicated as an Intersection,Property Damage Only,16000,Ran traffic signal,Refused,39,>= 35 and <= 39,Male
20191098939,2019-001223,20190216,4707768,691222,19:45,Saturday,Dubuque,Local Road,9999,Unknown - Not Indicated - Unlocated,Mainline,Not reported,HILL ST,Municipal Road,Not Indicated as an Intersection,Property Damage Only,19000,Lost control,Alcohol (Statutory),200,,Not reported