Case Number,Law Enforcement Case Number,Date of Crash,Y-Coordinate (UTM NAD 83 Zone 15),X-Coordinate (UTM NAD 83 Zone 15),Time,Day of Week,County,Road System,Route,Cardinal Direction of Vehicles,Mainline or Ramp,Overpass/Underpass Information,Derived Literal Description,Road Classification,Intersection Class,Crash Severity,Amount of Property Damage,Major Cause,Drug or Alcohol Related,Driver Age,Driver Age - 5 year Bins,Driver Gender
20191098939,2019-001223,20190216,4707768,691222,19:45,Saturday,Dubuque,Local Road,9999,Unknown - Not Indicated - Unlocated,Mainline,Not reported,HILL ST,Municipal Road,Not Indicated as an Intersection,Property Damage Only,19000,Lost control,Alcohol (Statutory),55,>= 55 and <= 59,Male
20191098939,2019-001223,20190216,4707768,691222,19:45,Saturday,Dubuque,Local Road,9999,Unknown - Not Indicated - Unlocated,Mainline,Not reported,HILL ST,Municipal Road,Not Indicated as an Intersection,Property Damage Only,19000,Lost control,Alcohol (Statutory),200,,Not reported
20191098942,2019-001232,20190217,4707668,691836,01:51,Sunday,Dubuque,Local Road,9999,Unknown - Not Indicated - Unlocated,Mainline,Not reported,W 4TH ST & MAIN ST,Municipal Road,Municipal - Municipal,Property Damage Only,2000,Lost control,Under Influence of Alcohol/Drugs/Medications,25,>= 25 and <= 29,Male
20191098942,2019-001232,20190217,4707668,691836,01:51,Sunday,Dubuque,Local Road,9999,Unknown - Not Indicated - Unlocated,Mainline,Not reported,W 4TH ST & MAIN ST,Municipal Road,Municipal - Municipal,Property Damage Only,2000,Lost control,Under Influence of Alcohol/Drugs/Medications,26,>= 25 and <= 29,Male
20191098971,201900008677,20190217,4541505,549333,05:31,Sunday,Wapello,Iowa Route,149,Northbound (NB),Mainline,Not reported,IA 149/IOWA 149 & W 5TH ST,Iowa Route,IA Route - Municipal,Property Damage Only,18700,Ran off road - left,Alcohol (Statutory),25,>= 25 and <= 29,Male
20191099038,19-01288,20190129,4675481,649554,11:11,Tuesday,Jones,Local Road,9999,Unknown - Not Indicated - Unlocated,Mainline,Not reported,BUSINESS HWY 151,Secondary Road,Not Indicated as an Intersection,Possible/Unknown Injury Crash,12000,Crossed centerline (undivided),Alcohol (< Statutory),67,>= 65 and <= 69,Male
20191099038,19-01288,20190129,4675481,649554,11:11,Tuesday,Jones,Local Road,9999,Unknown - Not Indicated - Unlocated,Mainline,Not reported,BUSINESS HWY 151,Secondary Road,Not Indicated as an Intersection,Possible/Unknown Injury Crash,12000,Crossed centerline (undivided),Alcohol (< Statutory),68,>= 65 and <= 69,Male
20191099068,2019001308,20190114,4610531,452058,21:38,Monday,Polk,Interstate,235,Westbound (WB),Mainline,Not reported,I-235,Interstate,Not Indicated as an Intersection,Suspected Minor Injury Crash,30000,Driving too fast for conditions,Alcohol (< Statutory),33,>= 30 and <= 34,Male
20191099068,2019001308,20190114,4610531,452058,21:38,Monday,Polk,Interstate,235,Westbound (WB),Mainline,Not reported,I-235,Interstate,Not Indicated as an Intersection,Suspected Minor Injury Crash,30000,Driving too fast for conditions,Alcohol (< Statutory),25,>= 25 and <= 29,Male
20191099116,201901767,20190202,4646533,605186,22:40,Saturday,Linn,Local Road,9999,Unknown - Not Indicated - Unlocated,Mainline,Not reported,16TH AVE SW & JACOLYN DR SW,Municipal Road,Municipal - Municipal,Property Damage Only,1500,99,Refused,40,>= 40 and <= 44,Male
20191099118,201902479,20190217,4647302,610018,03:05,Sunday,Linn,Interstate,380,Ramp,Ramp,Not reported,I-380,Interstate,Not Indicated as an Intersection,Property Damage Only,19700,Lost control,Alcohol (Statutory),27,>= 25 and <= 29,Male
20191099158,201901864,20190205,4641174,611418,00:15,Tuesday,Linn,Local Road,9999,Unknown - Not Indicated - Unlocated,Mainline,Not reported,KIRKWOOD COMM COLL,Institutional Road,Not Indicated as an Intersection,Property Damage Only,1700,Over correcting/over steering,Alcohol (Statutory),19,= 19,Female
20191099175,201902313,20190213,4654494,610280,18:50,Wednesday,Linn,Farm to Market Route,9999,Unknown - Not Indicated - Unlocated,Mainline,Not reported,BLAIRS FERRY RD NE,Municipal Road,Not Indicated as an Intersection,Suspected Minor Injury Crash,4000,FTYROW:  Making left turn,Refused,21,>= 21 and <= 24,Male
20191099175,201902313,20190213,4654494,610280,18:50,Wednesday,Linn,Farm to Market Route,9999,Unknown - Not Indicated - Unlocated,Mainline,Not reported,BLAIRS FERRY RD NE,Municipal Road,Not Indicated as an Intersection,Suspected Minor Injury Crash,4000,FTYROW:  Making left turn,Refused,38,>= 35 and <= 39,Male
20191099179,19-000333,20190216,4723797,319536,20:26,Saturday,Buena Vista,Local Road,9999,Unknown - Not Indicated - Unlocated,Mainline,Not reported,W 6TH ST,Municipal Road,Not Indicated as an Intersection,Property Damage Only,36000,Lost control,Refused,200,,Not reported
20191099179,19-000333,20190216,4723797,319536,20:26,Saturday,Buena Vista,Local Road,9999,Unknown - Not Indicated - Unlocated,Mainline,Not reported,W 6TH ST,Municipal Road,Not Indicated as an Intersection,Property Damage Only,36000,Lost control,Refused,200,,Not reported
20191099179,19-000333,20190216,4723797,319536,20:26,Saturday,Buena Vista,Local Road,9999,Unknown - Not Indicated - Unlocated,Mainline,Not reported,W 6TH ST,Municipal Road,Not Indicated as an Intersection,Property Damage Only,36000,Lost control,Refused,47,>= 45 and <= 49,Male
20191099179,19-000333,20190216,4723797,319536,20:26,Saturday,Buena Vista,Local Road,9999,Unknown - Not Indicated - Unlocated,Mainline,Not reported,W 6TH ST,Municipal Road,Not Indicated as an Intersection,Property Damage Only,36000,Lost control,Refused,200,,Not reported
20191099184,20190005034,20190219,4606298,443924,02:20,Tuesday,Polk,Local Road,9999,Unknown - Not Indicated - Unlocated,Mainline,Not reported,41ST ST,Municipal Road,Not Indicated as an Intersection,Suspected Minor Injury Crash,15500,Operating vehicle in an reckless, erratic, careless, negligent manner,Drug/Alcohol (Statutory),27,>= 25 and <= 29,Male
20191099184,20190005034,20190219,4606298,443924,02:20,Tuesday,Polk,Local Road,9999,Unknown - Not Indicated - Unlocated,Mainline,Not reported,41ST ST,Municipal Road,Not Indicated as an Intersection,Suspected Minor Injury Crash,15500,Operating vehicle in an reckless, erratic, careless, negligent manner,Drug/Alcohol (Statutory),200,,Not reported
20191099350,19-00440,20190218,4608816,437559,10:54,Monday,Polk,Local Road,9999,Unknown - Not Indicated - Unlocated,Mainline,Not reported,MONROE CT,Municipal Road,Not Indicated as an Intersection,Property Damage Only,2000,FTYROW:  From driveway,Alcohol (Statutory),53,>= 50 and <= 54,Male
20191099350,19-00440,20190218,4608816,437559,10:54,Monday,Polk,Local Road,9999,Unknown - Not Indicated - Unlocated,Mainline,Not reported,MONROE CT,Municipal Road,Not Indicated as an Intersection,Property Damage Only,2000,FTYROW:  From driveway,Alcohol (Statutory),41,>= 40 and <= 44,Female
20191099447,19-003098,20190215,4565949,479745,03:30,Friday,Marion,Farm to Market Route,9999,Unknown - Not Indicated - Unlocated,Mainline,Not reported,Co Rd S45/HWY 181,Secondary Road,Not Indicated as an Intersection,Property Damage Only,10000,Lost control,Alcohol (Statutory),26,>= 25 and <= 29,Female
20191099453,2019-000518,20190215,4702003,664020,22:40,Friday,Dubuque,Farm to Market Route,9999,Unknown - Not Indicated - Unlocated,Mainline,Not reported,Co Rd Y13/HOLY CROSS RD,Secondary Road,Not Indicated as an Intersection,Suspected Minor Injury Crash,8000,Lost control,Alcohol (Statutory),20,= 20,Male
20191099518,PDI20190161,20190214,4621306,522668,20:17,Thursday,Poweshiek,Iowa Route,146,No Travel Direction Consistent with Route,Mainline,Not reported,IA 146/WEST ST & 4TH AVE,Iowa Route,IA Route - Municipal,Property Damage Only,1500,Followed too close,Alcohol (Statutory),16,= 16,Female
20191099518,PDI20190161,20190214,4621306,522668,20:17,Thursday,Poweshiek,Iowa Route,146,No Travel Direction Consistent with Route,Mainline,Not reported,IA 146/WEST ST & 4TH AVE,Iowa Route,IA Route - Municipal,Property Damage Only,1500,Followed too close,Alcohol (Statutory),69,>= 65 and <= 69,Male
20191099548,2019-5128,20190118,4601085,705028,20:37,Friday,Scott,Local Road,9999,Unknown - Not Indicated - Unlocated,Mainline,Not reported,JERSEY RIDGE RD,Municipal Road,Not Indicated as an Intersection,Property Damage Only,30000,Driving too fast for conditions,Alcohol (Statutory),28,>= 25 and <= 29,Male
20191099613,2019005071,20190215,4605197,675049,15:24,Friday,Muscatine,Farm to Market Route,9999,Unknown - Not Indicated - Unlocated,Mainline,Not reported,Co Rd Y26/VAIL AVE,Secondary Road,Not Indicated as an Intersection,Suspected Minor Injury Crash,7000,Ran off road - left,Alcohol (Statutory),31,>= 30 and <= 34,Male
20191099827,SOI20190066,20190216,4621663,532409,13:23,Saturday,Poweshiek,US Route,6,Eastbound (EB),Mainline,Not reported,US 6 & 90TH ST,US Route,US Route - Secondary,Property Damage Only,4000,Unknown,Refused,49,>= 45 and <= 49,Female
20191099827,SOI20190066,20190216,4621663,532409,13:23,Saturday,Poweshiek,US Route,6,Eastbound (EB),Mainline,Not reported,US 6 & 90TH ST,US Route,US Route - Secondary,Property Damage Only,4000,Unknown,Refused,19,= 19,Male
20191099869,W19-014015,20190220,4704629,553643,19:45,Wednesday,Black Hawk,Local Road,9999,Unknown - Not Indicated - Unlocated,Mainline,Not reported,W 3RD ST,Municipal Road,Not Indicated as an Intersection,Suspected Minor Injury Crash,5800,FTYROW:  Making left turn,Drug/Alcohol (Statutory),58,>= 55 and <= 59,Male
20191099869,W19-014015,20190220,4704629,553643,19:45,Wednesday,Black Hawk,Local Road,9999,Unknown - Not Indicated - Unlocated,Mainline,Not reported,W 3RD ST,Municipal Road,Not Indicated as an Intersection,Suspected Minor Injury Crash,5800,FTYROW:  Making left turn,Drug/Alcohol (Statutory),63,>= 60 and <= 64,Male
20191100168,19-006115,20190223,4570090,260195,01:53,Saturday,Pottawattamie,Local Road,9999,Unknown - Not Indicated - Unlocated,Mainline,Not reported,16TH AVE & S 12TH ST,Municipal Road,Municipal - Municipal,Property Damage Only,8100,Driving too fast for conditions,Refused,32,>= 30 and <= 34,Male
20191100178,20190005527,20190222,4604134,446745,23:27,Friday,Polk,Local Road,9999,Unknown - Not Indicated - Unlocated,Mainline,Not reported,HIGH ST & 16TH ST,Municipal Road,Municipal - Municipal,Property Damage Only,4000,Driver Distraction:  Other interior distraction,Alcohol (Statutory),200,,Not reported
20191100178,20190005527,20190222,4604134,446745,23:27,Friday,Polk,Local Road,9999,Unknown - Not Indicated - Unlocated,Mainline,Not reported,HIGH ST & 16TH ST,Municipal Road,Municipal - Municipal,Property Damage Only,4000,Driver Distraction:  Other interior distraction,Alcohol (Statutory),31,>= 30 and <= 34,Male
20191100179,20190005528,20190222,4603028,448314,23:20,Friday,Polk,Local Road,9999,Unknown - Not Indicated - Unlocated,Mainline,Not reported,SW 5TH ST,Municipal Road,Not Indicated as an Intersection,Property Damage Only,2600,Operating vehicle in an reckless, erratic, careless, negligent manner,Alcohol (Statutory),30,>= 30 and <= 34,Male
20191100181,20190005538,20190223,4606049,449961,02:23,Saturday,Polk,US Route,69,Northbound (NB),Mainline,Not reported,US 69/E 14TH ST,US Route,Not Indicated as an Intersection,Property Damage Only,10000,Lost control,Under Influence of Alcohol/Drugs/Medications,23,>= 21 and <= 24,Male
20191100244,2019-15214,20190223,4599654,700479,22:50,Saturday,Scott,Local Road,9999,Unknown - Not Indicated - Unlocated,Mainline,Not reported,W 4TH ST,Municipal Road,Not Indicated as an Intersection,Property Damage Only,12300,Ran off road - left,Refused,200,,Not reported
20191100244,2019-15214,20190223,4599654,700479,22:50,Saturday,Scott,Local Road,9999,Unknown - Not Indicated - Unlocated,Mainline,Not reported,W 4TH ST,Municipal Road,Not Indicated as an Intersection,Property Damage Only,12300,Ran off road - left,Refused,200,,Not reported
20191100244,2019-15214,20190223,4599654,700479,22:50,Saturday,Scott,Local Road,9999,Unknown - Not Indicated - Unlocated,Mainline,Not reported,W 4TH ST,Municipal Road,Not Indicated as an Intersection,Property Damage Only,12300,Ran off road - left,Refused,45,>= 45 and <= 49,Female
20191100250,2019-14706,20190221,4600565,702262,22:12,Thursday,Scott,Local Road,9999,Unknown - Not Indicated - Unlocated,Mainline,Not reported,MAIN ST,Municipal Road,Not Indicated as an Intersection,Property Damage Only,3000,Ran off road - right,Alcohol (Statutory),30,>= 30 and <= 34,Male
20191100259,W19-012579,20190216,4706416,551323,00:37,Saturday,Black Hawk,US Route,218,Southbound (SB),Mainline,On underpass,US 218/WASHINGTON ST & ANSBOROUGH AVE,US Route,US Route - Municipal,Property Damage Only,1500,Lost control,Refused,19,= 19,Male
20191100269,20190005620,20190223,4599015,446197,21:46,Saturday,Polk,Local Road,9999,Unknown - Not Indicated - Unlocated,Mainline,Not reported,MCKINLEY AVE & FLEUR DR,Municipal Road,Municipal - Municipal,Suspected Minor Injury Crash,10000,Ran traffic signal,Alcohol (Statutory),26,>= 25 and <= 29,Male
20191100269,20190005620,20190223,4599015,446197,21:46,Saturday,Polk,Local Road,9999,Unknown - Not Indicated - Unlocated,Mainline,Not reported,MCKINLEY AVE & FLEUR DR,Municipal Road,Municipal - Municipal,Suspected Minor Injury Crash,10000,Ran traffic signal,Alcohol (Statutory),42,>= 40 and <= 44,Not reported
20191100384,PD19-00409,20190222,4650974,509625,22:21,Friday,Marshall,Farm to Market Route,9999,Unknown - Not Indicated - Unlocated,Mainline,Not reported,S 18TH ST,Municipal Road,Not Indicated as an Intersection,Property Damage Only,10000,Driving too fast for conditions,Refused,61,>= 60 and <= 64,Male
20191100392,W19-014969,20190223,4704550,554203,20:08,Saturday,Black Hawk,Local Road,9999,Unknown - Not Indicated - Unlocated,Mainline,Not reported,W 6TH ST,Municipal Road,Not Indicated as an Intersection,Property Damage Only,12000,Driving too fast for conditions,Alcohol (Statutory),61,>= 60 and <= 64,Male
20191100392,W19-014969,20190223,4704550,554203,20:08,Saturday,Black Hawk,Local Road,9999,Unknown - Not Indicated - Unlocated,Mainline,Not reported,W 6TH ST,Municipal Road,Not Indicated as an Intersection,Property Damage Only,12000,Driving too fast for conditions,Alcohol (Statutory),27,>= 25 and <= 29,Male
20191100405,1-19-000055,20190222,4607702,327514,21:13,Friday,Audubon,Iowa Route,173,Northbound (NB),Mainline,Not reported,IA 173/IOWA 173,Iowa Route,Not Indicated as an Intersection,Suspected Serious Injury Crash,3500,Driving too fast for conditions,Alcohol (Statutory),26,>= 25 and <= 29,Male
20191100405,1-19-000055,20190222,4607702,327514,21:13,Friday,Audubon,Iowa Route,173,Northbound (NB),Mainline,Not reported,IA 173/IOWA 173,Iowa Route,Not Indicated as an Intersection,Suspected Serious Injury Crash,3500,Driving too fast for conditions,Alcohol (Statutory),24,>= 21 and <= 24,Male
20191100425,19-6055,20190223,4710476,215063,17:22,Saturday,Woodbury,Iowa Route,12,Both North and South,Mainline,Not reported,IA 12/RIVERSIDE BLVD,Iowa Route,Not Indicated as an Intersection,Property Damage Only,3000,Lost control,Alcohol (Statutory),50,>= 50 and <= 54,Male
20191100425,19-6055,20190223,4710476,215063,17:22,Saturday,Woodbury,Iowa Route,12,Both North and South,Mainline,Not reported,IA 12/RIVERSIDE BLVD,Iowa Route,Not Indicated as an Intersection,Property Damage Only,3000,Lost control,Alcohol (Statutory),61,>= 60 and <= 64,Male
20191100459,SO1900937,20190221,4539980,586161,22:09,Thursday,Jefferson,Farm to Market Route,9999,Unknown - Not Indicated - Unlocated,Mainline,Not reported,W BURLINGTON AVE,Municipal Road,Not Indicated as an Intersection,Suspected Minor Injury Crash,7000,Traveling wrong way or on wrong side of road,Alcohol (Statutory),62,>= 60 and <= 64,Male
20191100459,SO1900937,20190221,4539980,586161,22:09,Thursday,Jefferson,Farm to Market Route,9999,Unknown - Not Indicated - Unlocated,Mainline,Not reported,W BURLINGTON AVE,Municipal Road,Not Indicated as an Intersection,Suspected Minor Injury Crash,7000,Traveling wrong way or on wrong side of road,Alcohol (Statutory),29,>= 25 and <= 29,Male
20191100526,19-001348,20190209,4660488,593532,19:53,Saturday,Benton,Farm to Market Route,9999,Unknown - Not Indicated - Unlocated,Mainline,Not reported,SW SMITH ST,Municipal Road,Not Indicated as an Intersection,Suspected Minor Injury Crash,10100,Ran off road - right,Refused,71,>= 70 and <= 74,Male
20191100544,201900002270,20190224,4631998,412918,23:38,Sunday,Dallas,Iowa Route,141,Westbound (WB),Mainline,Not reported,IA 141/141ST ST,Iowa Route,Not Indicated as an Intersection,Suspected Minor Injury Crash,2500,Driving too fast for conditions,Refused,44,>= 40 and <= 44,Male
20191100580,201900010128,20190225,4541161,549482,01:50,Monday,Wapello,Local Road,9999,Unknown - Not Indicated - Unlocated,Mainline,Not reported,W 4TH ST,Municipal Road,Municipal - Municipal,Possible/Unknown Injury Crash,35000,Ran off road - left,Alcohol (Statutory),43,>= 40 and <= 44,Male
20191100688,19-0122,20190225,4594040,389936,19:30,Monday,Adair,Farm to Market Route,9999,Unknown - Not Indicated - Unlocated,Mainline,Not reported,S DIVISION ST,Municipal Road,Not Indicated as an Intersection,Property Damage Only,2000,Ran off road - right,Alcohol (Statutory),47,>= 45 and <= 49,Not reported
20191100715,W19-015009,20190223,4704632,556864,23:06,Saturday,Black Hawk,Local Road,9999,Unknown - Not Indicated - Unlocated,Mainline,Not reported,IDAHO ST,Municipal Road,Not Indicated as an Intersection,Property Damage Only,14000,Driving too fast for conditions,Alcohol (Statutory),37,>= 35 and <= 39,Female
20191100715,W19-015009,20190223,4704632,556864,23:06,Saturday,Black Hawk,Local Road,9999,Unknown - Not Indicated - Unlocated,Mainline,Not reported,IDAHO ST,Municipal Road,Not Indicated as an Intersection,Property Damage Only,14000,Driving too fast for conditions,Alcohol (Statutory),26,>= 25 and <= 29,Male
20191100852,201900010106,20190225,4541499,549331,01:58,Monday,Wapello,Iowa Route,149,Northbound (NB),Mainline,Not reported,IA 149/IOWA 149 & W 5TH ST,Iowa Route,IA Route - Municipal,Property Damage Only,10120,Ran off road - straight,Alcohol (Statutory),43,>= 40 and <= 44,Male
20191100934,CL1900155,20190222,4777061,470774,17:02,Friday,Cerro Gordo,US Route,18,Westbound (WB),Mainline,Not reported,US 18 & 7TH AVE N & N 24TH ST,US Route,US Route - Municipal,Property Damage Only,15000,Ran off road - left,Refused,37,>= 35 and <= 39,Not reported
20191100934,CL1900155,20190222,4777061,470774,17:02,Friday,Cerro Gordo,US Route,18,Westbound (WB),Mainline,Not reported,US 18 & 7TH AVE N & N 24TH ST,US Route,US Route - Municipal,Property Damage Only,15000,Ran off road - left,Refused,63,>= 60 and <= 64,Male
20191101005,19-0022021,20190224,4658481,349838,01:15,Sunday,Carroll,US Route,30,Both East and West,Mainline,Not reported,US 30,US Route,Not Indicated as an Intersection,Suspected Minor Injury Crash,12000,Ran off road - right,Refused,38,>= 35 and <= 39,Male
20191101005,19-0022021,20190224,4658481,349838,01:15,Sunday,Carroll,US Route,30,Both East and West,Mainline,Not reported,US 30,US Route,Not Indicated as an Intersection,Suspected Minor Injury Crash,12000,Ran off road - right,Refused,21,>= 21 and <= 24,Male
20191101192,19-000453,20190126,4587571,378642,22:54,Saturday,Adair,Iowa Route,25,Southbound (SB),Mainline,Not reported,IA 25/IOWA 25,Iowa Route,Not Indicated as an Intersection,Suspected Serious Injury Crash,5000,Operating vehicle in an reckless, erratic, careless, negligent manner,Alcohol (Statutory),57,>= 55 and <= 59,Male
20191101336,19-001846,20190225,4585020,331261,23:19,Monday,Cass,Local Road,9999,Unknown - Not Indicated - Unlocated,Mainline,Not reported,BIRCH ST,Municipal Road,Not Indicated as an Intersection,Property Damage Only,3000,Lost control,Refused,63,>= 60 and <= 64,Male
20191101360,2019002703,20190127,4634285,452586,01:17,Sunday,Polk,Interstate,35,Southbound (SB),Mainline,Not reported,I-35,Interstate,Not Indicated as an Intersection,Property Damage Only,7444,Operating vehicle in an reckless, erratic, careless, negligent manner,Alcohol (Statutory),33,>= 30 and <= 34,Male
20191101413,2019006066,20190226,4601513,426165,19:45,Tuesday,Dallas,Interstate,80,Westbound (WB),Mainline,Not reported,I-80,Interstate,Not Indicated as an Intersection,Property Damage Only,11800,Operating vehicle in an reckless, erratic, careless, negligent manner,Alcohol (Statutory),60,>= 60 and <= 64,Male
20191101422,19-01174,20190125,4677824,649058,22:15,Friday,Jones,Local Road,9999,Unknown - Not Indicated - Unlocated,Mainline,Not reported,N WALNUT ST,Municipal Road,Not Indicated as an Intersection,Possible/Unknown Injury Crash,1400,Ran off road - left,Alcohol (Statutory),33,>= 30 and <= 34,Male
20191101467,19-001190,20190227,4617995,451652,17:09,Wednesday,Polk,Local Road,9999,Unknown - Not Indicated - Unlocated,Mainline,Not reported,SE SHURFINE DR & SE DELAWARE AVE,Municipal Road,Municipal - Municipal,Possible/Unknown Injury Crash,8500,Followed too close,Alcohol (Statutory),37,>= 35 and <= 39,Male
20191101467,19-001190,20190227,4617995,451652,17:09,Wednesday,Polk,Local Road,9999,Unknown - Not Indicated - Unlocated,Mainline,Not reported,SE SHURFINE DR & SE DELAWARE AVE,Municipal Road,Municipal - Municipal,Possible/Unknown Injury Crash,8500,Followed too close,Alcohol (Statutory),79,>= 75 and <= 79,Female
20191101489,2019005417,20190220,4677012,447228,17:45,Wednesday,Hamilton,US Route,69,Both North and South,Mainline,Not reported,US 69/LITTLE WALL LAKE RD,US Route,Not Indicated as an Intersection,Suspected Serious Injury Crash,57000,Driving too fast for conditions,Drug/Alcohol (< Statutory),62,>= 60 and <= 64,Male
20191101489,2019005417,20190220,4677012,447228,17:45,Wednesday,Hamilton,US Route,69,Both North and South,Mainline,Not reported,US 69/LITTLE WALL LAKE RD,US Route,Not Indicated as an Intersection,Suspected Serious Injury Crash,57000,Driving too fast for conditions,Drug/Alcohol (< Statutory),58,>= 55 and <= 59,Male
20191101547,PD1901410,20190221,4540124,587504,21:58,Thursday,Jefferson,Local Road,9999,Unknown - Not Indicated - Unlocated,Mainline,Not reported,E BROADWAY AVE,Municipal Road,Not Indicated as an Intersection,Possible/Unknown Injury Crash,1500,Traveling wrong way or on wrong side of road,Alcohol (Statutory),32,>= 30 and <= 34,Male
20191101547,PD1901410,20190221,4540124,587504,21:58,Thursday,Jefferson,Local Road,9999,Unknown - Not Indicated - Unlocated,Mainline,Not reported,E BROADWAY AVE,Municipal Road,Not Indicated as an Intersection,Possible/Unknown Injury Crash,1500,Traveling wrong way or on wrong side of road,Alcohol (Statutory),62,>= 60 and <= 64,Male
20191101558,19-0127,20190228,4706363,407249,22:13,Thursday,Webster,Local Road,9999,Unknown - Not Indicated - Unlocated,Mainline,Not reported,S 42ND ST,Municipal Road,Not Indicated as an Intersection,Property Damage Only,2000,Ran off road - right,Refused,65,>= 65 and <= 69,Male
20191101585,201900010577,20190227,4541922,549069,15:00,Wednesday,Wapello,Local Road,9999,Unknown - Not Indicated - Unlocated,Mainline,Not reported,N MCLEAN ST,Municipal Road,Not Indicated as an Intersection,Property Damage Only,4000,Crossed centerline (undivided),Alcohol (< Statutory),62,>= 60 and <= 64,Male
20191101585,201900010577,20190227,4541922,549069,15:00,Wednesday,Wapello,Local Road,9999,Unknown - Not Indicated - Unlocated,Mainline,Not reported,N MCLEAN ST,Municipal Road,Not Indicated as an Intersection,Property Damage Only,4000,Crossed centerline (undivided),Alcohol (< Statutory),75,>= 75 and <= 79,Male
20191101630,19-00289,20190227,4606478,438645,20:17,Wednesday,Polk,Farm to Market Route,9999,Unknown - Not Indicated - Unlocated,Mainline,Not reported,HARBACH BLVD & NW 86TH ST,Municipal Road,Municipal - Municipal,Property Damage Only,1500,Made improper turn,Alcohol (Statutory),38,>= 35 and <= 39,Male
20191101630,19-00289,20190227,4606478,438645,20:17,Wednesday,Polk,Farm to Market Route,9999,Unknown - Not Indicated - Unlocated,Mainline,Not reported,HARBACH BLVD & NW 86TH ST,Municipal Road,Municipal - Municipal,Property Damage Only,1500,Made improper turn,Alcohol (Statutory),38,>= 35 and <= 39,Male
20191101640,19-3402,20190228,4735897,556848,18:36,Thursday,Bremer,Farm to Market Route,9999,Unknown - Not Indicated - Unlocated,Mainline,Not reported,Co Rd C33/190TH ST,Secondary Road,Not Indicated as an Intersection,Property Damage Only,2500,Driver Distraction:  Manual operation of an electronic communication device,Alcohol (Statutory),46,>= 45 and <= 49,Male
20191101742,19-006394,20190301,4568681,256343,16:42,Friday,Pottawattamie,Local Road,9999,Unknown - Not Indicated - Unlocated,Mainline,Not reported,RIVER RD,Municipal Road,Not Indicated as an Intersection,Possible/Unknown Injury Crash,14500,Lost control,Alcohol (Statutory),37,>= 35 and <= 39,Female
20191101762,J19000178,20190301,4621039,600602,16:50,Friday,Johnson,Farm to Market Route,9999,Unknown - Not Indicated - Unlocated,Mainline,Not reported,Co Rd W38/AUGUSTA AVE,Secondary Road,Not Indicated as an Intersection,Property Damage Only,20000,Crossed centerline (undivided),Alcohol (Statutory),26,>= 25 and <= 29,Male
20191101762,J19000178,20190301,4621039,600602,16:50,Friday,Johnson,Farm to Market Route,9999,Unknown - Not Indicated - Unlocated,Mainline,Not reported,Co Rd W38/AUGUSTA AVE,Secondary Road,Not Indicated as an Intersection,Property Damage Only,20000,Crossed centerline (undivided),Alcohol (Statutory),47,>= 45 and <= 49,Female
20191101861,20190006373,20190302,4603634,448471,19:50,Saturday,Polk,Local Road,9999,Unknown - Not Indicated - Unlocated,Mainline,Not reported,SW 2ND ST,Municipal Road,Not Indicated as an Intersection,Property Damage Only,7500,Operating vehicle in an reckless, erratic, careless, negligent manner,Under Influence of Alcohol/Drugs/Medications,36,>= 35 and <= 39,Male
20191101861,20190006373,20190302,4603634,448471,19:50,Saturday,Polk,Local Road,9999,Unknown - Not Indicated - Unlocated,Mainline,Not reported,SW 2ND ST,Municipal Road,Not Indicated as an Intersection,Property Damage Only,7500,Operating vehicle in an reckless, erratic, careless, negligent manner,Under Influence of Alcohol/Drugs/Medications,200,,Not reported
20191101861,20190006373,20190302,4603634,448471,19:50,Saturday,Polk,Local Road,9999,Unknown - Not Indicated - Unlocated,Mainline,Not reported,SW 2ND ST,Municipal Road,Not Indicated as an Intersection,Property Damage Only,7500,Operating vehicle in an reckless, erratic, careless, negligent manner,Under Influence of Alcohol/Drugs/Medications,200,,Not reported
20191101880,W19-016938,20190301,4705761,554052,22:05,Friday,Black Hawk,Local Road,9999,Unknown - Not Indicated - Unlocated,Mainline,Not reported,THOMPSON AVE & SYCAMORE ST,Municipal Road,Municipal - Municipal,Property Damage Only,5000,Lost control,Alcohol (Statutory),29,>= 25 and <= 29,Male
20191101886,PD19-00468,20190301,4655374,506653,23:28,Friday,Marshall,Local Road,9999,Unknown - Not Indicated - Unlocated,Mainline,Not reported,W STATE ST,Municipal Road,Not Indicated as an Intersection,Property Damage Only,13000,Driver Distraction:  Other interior distraction,Alcohol (Statutory),200,,Not reported
20191101886,PD19-00468,20190301,4655374,506653,23:28,Friday,Marshall,Local Road,9999,Unknown - Not Indicated - Unlocated,Mainline,Not reported,W STATE ST,Municipal Road,Not Indicated as an Intersection,Property Damage Only,13000,Driver Distraction:  Other interior distraction,Alcohol (Statutory),48,>= 45 and <= 49,Female
20191101901,201903279,20190302,4647937,612703,03:00,Saturday,Linn,Local Road,9999,Unknown - Not Indicated - Unlocated,Mainline,Not reported,WILEY ST SE & 20TH ST SE,Municipal Road,Municipal - Municipal,Property Damage Only,4000,Other,Refused,200,,Not reported
20191101901,201903279,20190302,4647937,612703,03:00,Saturday,Linn,Local Road,9999,Unknown - Not Indicated - Unlocated,Mainline,Not reported,WILEY ST SE & 20TH ST SE,Municipal Road,Municipal - Municipal,Property Damage Only,4000,Other,Refused,200,,Not reported