Case Number,Law Enforcement Case Number,Date of Crash,Y-Coordinate (UTM NAD 83 Zone 15),X-Coordinate (UTM NAD 83 Zone 15),Time,Day of Week,County,Road System,Route,Cardinal Direction of Vehicles,Mainline or Ramp,Overpass/Underpass Information,Derived Literal Description,Road Classification,Intersection Class,Crash Severity,Amount of Property Damage,Major Cause,Drug or Alcohol Related,Driver Age,Driver Age - 5 year Bins,Driver Gender
20191101901,201903279,20190302,4647937,612703,03:00,Saturday,Linn,Local Road,9999,Unknown - Not Indicated - Unlocated,Mainline,Not reported,WILEY ST SE & 20TH ST SE,Municipal Road,Municipal - Municipal,Property Damage Only,4000,Other,Refused,25,>= 25 and <= 29,Male
20191101917,19-1591,20190303,4625216,444834,12:40,Sunday,Polk,Farm to Market Route,9999,Unknown - Not Indicated - Unlocated,Mainline,Not reported,NW 118TH AVE,Secondary Road,Not Indicated as an Intersection,Property Damage Only,2500,Driver Distraction:  Other interior distraction,Alcohol (Statutory),69,>= 65 and <= 69,Male
20191102035,19-01142,20190304,4602731,440154,01:10,Monday,Polk,Local Road,9999,Unknown - Not Indicated - Unlocated,Mainline,Not reported,WALNUT ST,Municipal Road,Not Indicated as an Intersection,Fatal Crash,10000,Failed to yield to emergency vehicle,Alcohol (Statutory),28,>= 25 and <= 29,Male
20191102067,19-001023,20190210,4637584,283676,17:23,Sunday,Harrison,Iowa Route,37,No Travel Direction Consistent with Route,Mainline,Not reported,IA 37/IOWA 37,Iowa Route,Not Indicated as an Intersection,Property Damage Only,26777,Ran off road - right,Under Influence of Alcohol/Drugs/Medications,52,>= 50 and <= 54,Male
20191102067,19-001023,20190210,4637584,283676,17:23,Sunday,Harrison,Iowa Route,37,No Travel Direction Consistent with Route,Mainline,Not reported,IA 37/IOWA 37,Iowa Route,Not Indicated as an Intersection,Property Damage Only,26777,Ran off road - right,Under Influence of Alcohol/Drugs/Medications,49,>= 45 and <= 49,Female
20191102104,19-003458,20190223,4764169,610324,20:33,Saturday,Fayette,Local Road,9999,Unknown - Not Indicated - Unlocated,Mainline,Not reported,BEECHNUT RD,Secondary Road,Not Indicated as an Intersection,Property Damage Only,2000,Ran off road - right,Alcohol (< Statutory),24,>= 21 and <= 24,Male
20191102117,19-6790,20190302,4711159,218538,03:55,Saturday,Woodbury,Local Road,9999,Unknown - Not Indicated - Unlocated,Mainline,Not reported,REBECCA ST,Municipal Road,Not Indicated as an Intersection,Property Damage Only,5300,Crossed centerline (undivided),Alcohol (Statutory),40,>= 40 and <= 44,Male
20191102117,19-6790,20190302,4711159,218538,03:55,Saturday,Woodbury,Local Road,9999,Unknown - Not Indicated - Unlocated,Mainline,Not reported,REBECCA ST,Municipal Road,Not Indicated as an Intersection,Property Damage Only,5300,Crossed centerline (undivided),Alcohol (Statutory),200,,Not reported
20191102129,2019-001574,20190301,4710739,690464,15:02,Friday,Dubuque,US Route,52,Northbound (NB),Mainline,Not reported,US 52/CENTRAL AVE,US Route,Not Indicated as an Intersection,Property Damage Only,4500,Lost control,Refused,37,>= 35 and <= 39,Male
20191102129,2019-001574,20190301,4710739,690464,15:02,Friday,Dubuque,US Route,52,Northbound (NB),Mainline,Not reported,US 52/CENTRAL AVE,US Route,Not Indicated as an Intersection,Property Damage Only,4500,Lost control,Refused,200,,Not reported
20191102151,19-6848,20190302,4711025,217087,20:25,Saturday,Woodbury,Local Road,9999,Unknown - Not Indicated - Unlocated,Mainline,Not reported,W 4TH ST & CASSELMAN ST,Municipal Road,Municipal - Municipal,Property Damage Only,10000,Driving too fast for conditions,Alcohol (Statutory),29,>= 25 and <= 29,Male
20191102151,19-6848,20190302,4711025,217087,20:25,Saturday,Woodbury,Local Road,9999,Unknown - Not Indicated - Unlocated,Mainline,Not reported,W 4TH ST & CASSELMAN ST,Municipal Road,Municipal - Municipal,Property Damage Only,10000,Driving too fast for conditions,Alcohol (Statutory),31,>= 30 and <= 34,Female
20191102218,19-170302-01,20190302,4625084,586796,01:10,Saturday,Iowa,US Route,6,Eastbound (EB),Mainline,Not reported,US 6,US Route,Not Indicated as an Intersection,Property Damage Only,26000,Operating vehicle in an reckless, erratic, careless, negligent manner,Refused,17,= 17,Male
20191102330,19-000311,20190302,4668439,458657,21:31,Saturday,Story,Local Road,9999,Unknown - Not Indicated - Unlocated,Mainline,Not reported,N MAIN ST,Municipal Road,Not Indicated as an Intersection,Property Damage Only,1500,Operating vehicle in an reckless, erratic, careless, negligent manner,Under Influence of Alcohol/Drugs/Medications,44,>= 40 and <= 44,Female
20191102330,19-000311,20190302,4668439,458657,21:31,Saturday,Story,Local Road,9999,Unknown - Not Indicated - Unlocated,Mainline,Not reported,N MAIN ST,Municipal Road,Not Indicated as an Intersection,Property Damage Only,1500,Operating vehicle in an reckless, erratic, careless, negligent manner,Under Influence of Alcohol/Drugs/Medications,200,,Not reported
20191102338,19001123,20190226,4651828,449466,17:33,Tuesday,Story,US Route,69,Southbound (SB),Mainline,Not reported,US 69/S DUFF AVE,US Route,Not Indicated as an Intersection,Property Damage Only,1700,Driving too fast for conditions,Alcohol (Statutory),32,>= 30 and <= 34,Male
20191102338,19001123,20190226,4651828,449466,17:33,Tuesday,Story,US Route,69,Southbound (SB),Mainline,Not reported,US 69/S DUFF AVE,US Route,Not Indicated as an Intersection,Property Damage Only,1700,Driving too fast for conditions,Alcohol (Statutory),67,>= 65 and <= 69,Female
20191102361,19-00680,20190202,4725434,589030,01:50,Saturday,Fayette,Local Road,9999,Unknown - Not Indicated - Unlocated,Mainline,Not reported,FREDERICK AVE S,Municipal Road,Not Indicated as an Intersection,Property Damage Only,3600,Ran off road - right,Alcohol (Statutory),24,>= 21 and <= 24,Male
20191102361,19-00680,20190202,4725434,589030,01:50,Saturday,Fayette,Local Road,9999,Unknown - Not Indicated - Unlocated,Mainline,Not reported,FREDERICK AVE S,Municipal Road,Not Indicated as an Intersection,Property Damage Only,3600,Ran off road - right,Alcohol (Statutory),200,,Not reported
20191102385,4519-016,20190301,4812061,558307,21:02,Friday,Howard,Farm to Market Route,9999,Unknown - Not Indicated - Unlocated,Mainline,Not reported,Co Rd V36/OAK AVE,Secondary Road,Not Indicated as an Intersection,Property Damage Only,23000,Swerving/Evasive Action,Alcohol (Statutory),59,>= 55 and <= 59,Male
20191102385,4519-016,20190301,4812061,558307,21:02,Friday,Howard,Farm to Market Route,9999,Unknown - Not Indicated - Unlocated,Mainline,Not reported,Co Rd V36/OAK AVE,Secondary Road,Not Indicated as an Intersection,Property Damage Only,23000,Swerving/Evasive Action,Alcohol (Statutory),36,>= 35 and <= 39,Female
20191102418,S19-2905,20190303,4714299,270949,01:58,Sunday,Woodbury,Farm to Market Route,9999,Unknown - Not Indicated - Unlocated,Mainline,Not reported,Co Rd L36/OSCEOLA AVE,Secondary Road,Not Indicated as an Intersection,Property Damage Only,2500,Ran off road - left,Under Influence of Alcohol/Drugs/Medications,24,>= 21 and <= 24,Male
20191102531,19005295,20190305,4654967,613952,01:00,Tuesday,Linn,Local Road,9999,Unknown - Not Indicated - Unlocated,Mainline,Not reported,LINNVIEW DR,Municipal Road,Not Indicated as an Intersection,Property Damage Only,9500,Lost control,Under Influence of Alcohol/Drugs/Medications,37,>= 35 and <= 39,Female
20191102531,19005295,20190305,4654967,613952,01:00,Tuesday,Linn,Local Road,9999,Unknown - Not Indicated - Unlocated,Mainline,Not reported,LINNVIEW DR,Municipal Road,Not Indicated as an Intersection,Property Damage Only,9500,Lost control,Under Influence of Alcohol/Drugs/Medications,200,,Not reported
20191102765,2019-0127,20190306,4591731,447324,15:19,Wednesday,Warren,Farm to Market Route,9999,Unknown - Not Indicated - Unlocated,Mainline,Not reported,Co Rd G14/HWY G14 & Co Rd R63/HWY R63/93RD AVE,Secondary Road,Secondary - Secondary,Property Damage Only,20000,Operating vehicle in an reckless, erratic, careless, negligent manner,Alcohol (Statutory),65,>= 65 and <= 69,Male
20191102765,2019-0127,20190306,4591731,447324,15:19,Wednesday,Warren,Farm to Market Route,9999,Unknown - Not Indicated - Unlocated,Mainline,Not reported,Co Rd G14/HWY G14 & Co Rd R63/HWY R63/93RD AVE,Secondary Road,Secondary - Secondary,Property Damage Only,20000,Operating vehicle in an reckless, erratic, careless, negligent manner,Alcohol (Statutory),32,>= 30 and <= 34,Male
20191103038,19-0149,20190308,4701222,395790,16:45,Friday,Webster,Farm to Market Route,9999,Unknown - Not Indicated - Unlocated,Mainline,Not reported,Co Rd D20/OLD HWY 20,Secondary Road,Not Indicated as an Intersection,Property Damage Only,5500,Crossed centerline (undivided),Alcohol (Statutory),22,>= 21 and <= 24,Male
20191103038,19-0149,20190308,4701222,395790,16:45,Friday,Webster,Farm to Market Route,9999,Unknown - Not Indicated - Unlocated,Mainline,Not reported,Co Rd D20/OLD HWY 20,Secondary Road,Not Indicated as an Intersection,Property Damage Only,5500,Crossed centerline (undivided),Alcohol (Statutory),60,>= 60 and <= 64,Female
20191103042,J19000206,20190309,4594042,631498,01:19,Saturday,Johnson,Local Road,9999,Unknown - Not Indicated - Unlocated,Mainline,Not reported,JAYNE ST,Municipal Road,Not Indicated as an Intersection,Property Damage Only,8000,Driver Distraction:  Manual operation of an electronic communication device,Alcohol (Statutory),17,= 17,Male
20191103046,19002447,20190301,4800012,325592,22:30,Friday,Dickinson,Local Road,9999,Unknown - Not Indicated - Unlocated,Mainline,Not reported,18TH ST & N AVE,Municipal Road,Municipal - Municipal,Property Damage Only,7500,Operating vehicle in an reckless, erratic, careless, negligent manner,Alcohol (Statutory),44,>= 40 and <= 44,Male
20191103062,201903687,20190309,4646742,602960,03:33,Saturday,Linn,Local Road,9999,Unknown - Not Indicated - Unlocated,Mainline,Not reported,HIGH POINT DR SW,Municipal Road,Not Indicated as an Intersection,Property Damage Only,5300,Lost control,Alcohol (Statutory),33,>= 30 and <= 34,Male
20191103102,20190007007,20190308,4608650,445737,22:00,Friday,Polk,US Route,6,Westbound (WB),Mainline,Not reported,US 6/DOUGLAS AVE/EUCLID AVE & MLK JR PKWY,US Route,US Route - Municipal,Possible/Unknown Injury Crash,6500,Followed too close,Alcohol (Statutory),30,>= 30 and <= 34,Male
20191103102,20190007007,20190308,4608650,445737,22:00,Friday,Polk,US Route,6,Westbound (WB),Mainline,Not reported,US 6/DOUGLAS AVE/EUCLID AVE & MLK JR PKWY,US Route,US Route - Municipal,Possible/Unknown Injury Crash,6500,Followed too close,Alcohol (Statutory),200,,Not reported
20191103111,19-006709,20190309,4572828,262428,16:08,Saturday,Pottawattamie,Farm to Market Route,9999,Unknown - Not Indicated - Unlocated,Mainline,Not reported,N BROADWAY,Municipal Road,Not Indicated as an Intersection,Property Damage Only,1500,Ran off road - right,Under Influence of Alcohol/Drugs/Medications,28,>= 25 and <= 29,Male
20191103139,19-1769,20190309,4610443,448370,22:43,Saturday,Polk,Iowa Route,415,No Travel Direction Consistent with Route,Mainline,Not reported,IA 415/2ND AVE & NW BROADWAY AVE,Iowa Route,IA Route - Secondary,Property Damage Only,8000,Followed too close,Alcohol (Statutory),45,>= 45 and <= 49,Female
20191103139,19-1769,20190309,4610443,448370,22:43,Saturday,Polk,Iowa Route,415,No Travel Direction Consistent with Route,Mainline,Not reported,IA 415/2ND AVE & NW BROADWAY AVE,Iowa Route,IA Route - Secondary,Property Damage Only,8000,Followed too close,Alcohol (Statutory),34,>= 30 and <= 34,Male
20191103145,19-07708,20190310,4519086,659804,01:50,Sunday,Des Moines,Local Road,9999,Unknown - Not Indicated - Unlocated,Mainline,Not reported,DIVISION ST,Municipal Road,Not Indicated as an Intersection,Property Damage Only,10500,Driver Distraction:  Passenger,Under Influence of Alcohol/Drugs/Medications,41,>= 40 and <= 44,Male
20191103152,19-018805,20190309,4706095,546286,02:08,Saturday,Black Hawk,Local Road,9999,Unknown - Not Indicated - Unlocated,Mainline,Not reported,ORCHARD DR,Municipal Road,Not Indicated as an Intersection,Property Damage Only,16000,Other,Alcohol (Statutory),28,>= 25 and <= 29,Female
20191103154,19017451,20190304,4709795,547349,00:49,Monday,Black Hawk,US Route,218,Ramp,Ramp,Not reported,US 218/NE RAMP,US Route,Not Indicated as an Intersection,Property Damage Only,7500,Operating vehicle in an reckless, erratic, careless, negligent manner,Alcohol (Statutory),30,>= 30 and <= 34,Male
20191103174,20190007087,20190310,4598390,448401,00:46,Sunday,Polk,Local Road,9999,Unknown - Not Indicated - Unlocated,Mainline,Not reported,KENYON AVE,Municipal Road,Not Indicated as an Intersection,Suspected Serious Injury Crash,15300,Driving too fast for conditions,Alcohol (Statutory),21,>= 21 and <= 24,Male
20191103184,19-000430,20190310,4724669,320205,01:13,Sunday,Buena Vista,Local Road,9999,Unknown - Not Indicated - Unlocated,Mainline,Not reported,LINCOLN RD,Municipal Road,Not Indicated as an Intersection,Property Damage Only,1600,Driving too fast for conditions,Alcohol (Statutory),30,>= 30 and <= 34,Male
20191103303,19-008936,20190308,4586810,662224,23:08,Friday,Muscatine,Local Road,9999,Unknown - Not Indicated - Unlocated,Mainline,Not reported,MAIN ST,Municipal Road,Not Indicated as an Intersection,Property Damage Only,40300,Exceeded authorized speed,Alcohol (Statutory),200,,Not reported
20191103303,19-008936,20190308,4586810,662224,23:08,Friday,Muscatine,Local Road,9999,Unknown - Not Indicated - Unlocated,Mainline,Not reported,MAIN ST,Municipal Road,Not Indicated as an Intersection,Property Damage Only,40300,Exceeded authorized speed,Alcohol (Statutory),59,>= 55 and <= 59,Male
20191103303,19-008936,20190308,4586810,662224,23:08,Friday,Muscatine,Local Road,9999,Unknown - Not Indicated - Unlocated,Mainline,Not reported,MAIN ST,Municipal Road,Not Indicated as an Intersection,Property Damage Only,40300,Exceeded authorized speed,Alcohol (Statutory),200,,Not reported
20191103356,2019-001764,20190310,4708076,691550,01:04,Sunday,Dubuque,Local Road,9999,Unknown - Not Indicated - Unlocated,Mainline,Not reported,W 9TH ST & LOCUST ST S,Municipal Road,Municipal - Municipal,Possible/Unknown Injury Crash,8100,Ran traffic signal,Alcohol (Statutory),18,= 18,Male
20191103356,2019-001764,20190310,4708076,691550,01:04,Sunday,Dubuque,Local Road,9999,Unknown - Not Indicated - Unlocated,Mainline,Not reported,W 9TH ST & LOCUST ST S,Municipal Road,Municipal - Municipal,Possible/Unknown Injury Crash,8100,Ran traffic signal,Alcohol (Statutory),31,>= 30 and <= 34,Male
20191103419,19-001091,20190126,4804427,328896,19:37,Saturday,Dickinson,Local Road,9999,Unknown - Not Indicated - Unlocated,Mainline,Not reported,240TH AVE,Municipal Road,Not Indicated as an Intersection,Property Damage Only,10000,Driving too fast for conditions,Alcohol (Statutory),64,>= 60 and <= 64,Not reported
20191103427,2019005696,20190223,4785169,276272,22:42,Saturday,O'Brien,US Route,18,Eastbound (EB),Mainline,Not reported,US 18/320TH ST,US Route,Not Indicated as an Intersection,Property Damage Only,2000,Driving too fast for conditions,Refused,23,>= 21 and <= 24,Male
20191103461,19-7160,20190306,4710491,220600,01:59,Wednesday,Woodbury,Local Road,9999,Unknown - Not Indicated - Unlocated,Mainline,Not reported,6TH ST,Municipal Road,Not Indicated as an Intersection,Property Damage Only,2100,Traveling wrong way or on wrong side of road,Alcohol (Statutory),30,>= 30 and <= 34,Male
20191103461,19-7160,20190306,4710491,220600,01:59,Wednesday,Woodbury,Local Road,9999,Unknown - Not Indicated - Unlocated,Mainline,Not reported,6TH ST,Municipal Road,Not Indicated as an Intersection,Property Damage Only,2100,Traveling wrong way or on wrong side of road,Alcohol (Statutory),35,>= 35 and <= 39,Male
20191103606,19-000339,20190310,4636293,460103,23:09,Sunday,Story,Iowa Route,210,Eastbound (EB),Mainline,Not reported,IA 210/IOWA 210,Iowa Route,Not Indicated as an Intersection,Suspected Minor Injury Crash,9000,Ran off road - left,Alcohol (Statutory),34,>= 30 and <= 34,Male
20191103641,2019005870,20190225,4605045,435496,22:36,Monday,Polk,Interstate,35,Ramp,Ramp,Not reported,I-35,Interstate,Not Indicated as an Intersection,Suspected Minor Injury Crash,2500,Ran off road - right,Alcohol (Statutory),29,>= 25 and <= 29,Female
20191103658,19-001939,20190303,4699409,481682,18:52,Sunday,Hardin,US Route,20,Eastbound (EB),Mainline,Not reported,US 20,US Route,Not Indicated as an Intersection,Property Damage Only,5000,Animal,Alcohol (Statutory),51,>= 50 and <= 54,Male
20191103668,E19-17015,20190302,4701158,559316,04:13,Saturday,Black Hawk,Interstate,380,No Travel Direction Consistent with Route,Mainline,Not reported,I-380,Interstate,Not Indicated as an Intersection,Property Damage Only,5390,Ran off road - left,Alcohol (Statutory),20,= 20,Male
20191103735,19018942,20190309,4709761,546897,15:41,Saturday,Black Hawk,US Route,218,Ramp,Ramp,Not reported,US 218/NW RAMP,US Route,Not Indicated as an Intersection,Possible/Unknown Injury Crash,1500,Driving too fast for conditions,Refused,78,>= 75 and <= 79,Male
20191103771,MC1900978,20190309,4777315,481273,22:52,Saturday,Cerro Gordo,Iowa Route,122,Eastbound (EB),Mainline,Not reported,IA 122/4TH ST SW & CERRO GORDO & WINNEBAGO WAY,Iowa Route,IA Route - Municipal,Property Damage Only,6000,Operating vehicle in an reckless, erratic, careless, negligent manner,Refused,39,>= 35 and <= 39,Male
20191103771,MC1900978,20190309,4777315,481273,22:52,Saturday,Cerro Gordo,Iowa Route,122,Eastbound (EB),Mainline,Not reported,IA 122/4TH ST SW & CERRO GORDO & WINNEBAGO WAY,Iowa Route,IA Route - Municipal,Property Damage Only,6000,Operating vehicle in an reckless, erratic, careless, negligent manner,Refused,44,>= 40 and <= 44,Male
20191103890,19-000318,20190309,4611516,441909,19:00,Saturday,Polk,Local Road,9999,Unknown - Not Indicated - Unlocated,Mainline,Not reported,MERLE HAY RD,Secondary Road,Not Indicated as an Intersection,Property Damage Only,2000,Improper or erratic lane changing,Refused,62,>= 60 and <= 64,Male
20191103890,19-000318,20190309,4611516,441909,19:00,Saturday,Polk,Local Road,9999,Unknown - Not Indicated - Unlocated,Mainline,Not reported,MERLE HAY RD,Secondary Road,Not Indicated as an Intersection,Property Damage Only,2000,Improper or erratic lane changing,Refused,66,>= 65 and <= 69,Male
20191103937,19009532,20190313,4588356,662555,22:03,Wednesday,Muscatine,Local Road,9999,Unknown - Not Indicated - Unlocated,Mainline,Not reported,FULLIAM AVE & IOWA AVE,Municipal Road,Municipal - Municipal,Property Damage Only,2500,Ran stop sign,Alcohol (Statutory),62,>= 60 and <= 64,Male
20191103937,19009532,20190313,4588356,662555,22:03,Wednesday,Muscatine,Local Road,9999,Unknown - Not Indicated - Unlocated,Mainline,Not reported,FULLIAM AVE & IOWA AVE,Municipal Road,Municipal - Municipal,Property Damage Only,2500,Ran stop sign,Alcohol (Statutory),32,>= 30 and <= 34,Male
20191104006,19-004320,20190310,4726785,597885,00:26,Sunday,Fayette,Iowa Route,3,No Travel Direction Consistent with Route,Mainline,Not reported,IA 3/40TH ST & Co Rd W33/K AVE,Iowa Route,IA Route - Secondary,Property Damage Only,3200,Ran stop sign,Alcohol (Statutory),35,>= 35 and <= 39,Male
20191104101,201903813,20190311,4646489,610440,20:13,Monday,Linn,Local Road,9999,Unknown - Not Indicated - Unlocated,Mainline,On overpass,15TH AVE SW & J ST SW,Municipal Road,Municipal - Municipal,Possible/Unknown Injury Crash,6100,Ran off road - right,Alcohol (Statutory),19,= 19,Female
20191104142,20190007589,20190315,4604866,450388,00:22,Friday,Polk,US Route,69,Southbound (SB),Mainline,Not reported,US 69/E 15TH ST & E GRAND AVE,US Route,US Route - Municipal,Suspected Serious Injury Crash,9500,Traveling wrong way or on wrong side of road,Drug/Alcohol (Statutory),31,>= 30 and <= 34,Male
20191104142,20190007589,20190315,4604866,450388,00:22,Friday,Polk,US Route,69,Southbound (SB),Mainline,Not reported,US 69/E 15TH ST & E GRAND AVE,US Route,US Route - Municipal,Suspected Serious Injury Crash,9500,Traveling wrong way or on wrong side of road,Drug/Alcohol (Statutory),34,>= 30 and <= 34,Female
20191104160,2019-001884,20190314,4710641,686981,17:29,Thursday,Dubuque,Farm to Market Route,9999,Unknown - Not Indicated - Unlocated,Mainline,Not reported,JOHN F KENNEDY RD,Municipal Road,Not Indicated as an Intersection,Property Damage Only,2500,Lost control,Alcohol (Statutory),20,= 20,Not reported
20191104160,2019-001884,20190314,4710641,686981,17:29,Thursday,Dubuque,Farm to Market Route,9999,Unknown - Not Indicated - Unlocated,Mainline,Not reported,JOHN F KENNEDY RD,Municipal Road,Not Indicated as an Intersection,Property Damage Only,2500,Lost control,Alcohol (Statutory),62,>= 60 and <= 64,Male
20191104217,19-3382,20190315,4754357,335745,11:34,Friday,Clay,Farm to Market Route,9999,Unknown - Not Indicated - Unlocated,Mainline,Not reported,Co Rd M54/290TH AVE,Secondary Road,Not Indicated as an Intersection,Property Damage Only,8500,Swerving/Evasive Action,Alcohol (Statutory),58,>= 55 and <= 59,Female
20191104217,19-3382,20190315,4754357,335745,11:34,Friday,Clay,Farm to Market Route,9999,Unknown - Not Indicated - Unlocated,Mainline,Not reported,Co Rd M54/290TH AVE,Secondary Road,Not Indicated as an Intersection,Property Damage Only,8500,Swerving/Evasive Action,Alcohol (Statutory),69,>= 65 and <= 69,Male
20191104277,19-006941,20190316,4568415,261429,04:10,Saturday,Pottawattamie,Interstate,29,Northbound (NB),Mainline,Not reported,I-29,Interstate,Not Indicated as an Intersection,Suspected Minor Injury Crash,7587,Operating vehicle in an reckless, erratic, careless, negligent manner,Alcohol (Statutory),45,>= 45 and <= 49,Male
20191104279,19-1935,20190316,4612858,451610,03:06,Saturday,Polk,Farm to Market Route,9999,Unknown - Not Indicated - Unlocated,Mainline,Not reported,NE 22ND ST & NE 58TH AVE,Secondary Road,Secondary - Secondary,Property Damage Only,40000,Ran off road - straight,Refused,39,>= 35 and <= 39,Male
20191104293,2019006829,20190306,4794166,582376,18:55,Wednesday,Winneshiek,Iowa Route,9,Eastbound (EB),Mainline,Not reported,IA 9/NORTH ST & EAST ST,Iowa Route,IA Route - Secondary,Possible/Unknown Injury Crash,6000,FTYROW:  From stop sign,Alcohol (Statutory),58,>= 55 and <= 59,Female
20191104293,2019006829,20190306,4794166,582376,18:55,Wednesday,Winneshiek,Iowa Route,9,Eastbound (EB),Mainline,Not reported,IA 9/NORTH ST & EAST ST,Iowa Route,IA Route - Secondary,Possible/Unknown Injury Crash,6000,FTYROW:  From stop sign,Alcohol (Statutory),24,>= 21 and <= 24,Male
20191104331,2019-00835,20190315,4645050,616753,23:30,Friday,Linn,Local Road,9999,Unknown - Not Indicated - Unlocated,Mainline,Not reported,BIG BEND RD,Secondary Road,Not Indicated as an Intersection,Property Damage Only,24500,Lost control,Under Influence of Alcohol/Drugs/Medications,200,,Not reported
20191104331,2019-00835,20190315,4645050,616753,23:30,Friday,Linn,Local Road,9999,Unknown - Not Indicated - Unlocated,Mainline,Not reported,BIG BEND RD,Secondary Road,Not Indicated as an Intersection,Property Damage Only,24500,Lost control,Under Influence of Alcohol/Drugs/Medications,36,>= 35 and <= 39,Male
20191104331,2019-00835,20190315,4645050,616753,23:30,Friday,Linn,Local Road,9999,Unknown - Not Indicated - Unlocated,Mainline,Not reported,BIG BEND RD,Secondary Road,Not Indicated as an Intersection,Property Damage Only,24500,Lost control,Under Influence of Alcohol/Drugs/Medications,200,,Not reported
20191104355,20190007268,20190311,4598994,448612,21:05,Monday,Polk,Local Road,9999,Unknown - Not Indicated - Unlocated,Mainline,Not reported,MCKINLEY AVE & S UNION ST & E MCKINLEY AVE,Municipal Road,Municipal - Municipal,Suspected Serious Injury Crash,5050,Exceeded authorized speed,Drug/Alcohol (Statutory),16,= 16,Male
20191104355,20190007268,20190311,4598994,448612,21:05,Monday,Polk,Local Road,9999,Unknown - Not Indicated - Unlocated,Mainline,Not reported,MCKINLEY AVE & S UNION ST & E MCKINLEY AVE,Municipal Road,Municipal - Municipal,Suspected Serious Injury Crash,5050,Exceeded authorized speed,Drug/Alcohol (Statutory),40,>= 40 and <= 44,Male
20191104366,19-08521,20190316,4518263,656766,21:55,Saturday,Des Moines,US Route,61,Southbound (SB),Mainline,Not reported,US 61 & WEST AVE,US Route,US Route - Municipal,Property Damage Only,2000,Other,Refused,56,>= 55 and <= 59,Female
20191104366,19-08521,20190316,4518263,656766,21:55,Saturday,Des Moines,US Route,61,Southbound (SB),Mainline,Not reported,US 61 & WEST AVE,US Route,US Route - Municipal,Property Damage Only,2000,Other,Refused,38,>= 35 and <= 39,Male
20191104370,20190007700,20190316,4609651,441887,09:43,Saturday,Polk,Iowa Route,28,Southbound (SB),Mainline,Not reported,IA 28/MERLE HAY RD,Iowa Route,Not Indicated as an Intersection,Property Damage Only,1500,Ran traffic signal,Refused,27,>= 25 and <= 29,Male
20191104370,20190007700,20190316,4609651,441887,09:43,Saturday,Polk,Iowa Route,28,Southbound (SB),Mainline,Not reported,IA 28/MERLE HAY RD,Iowa Route,Not Indicated as an Intersection,Property Damage Only,1500,Ran traffic signal,Refused,48,>= 45 and <= 49,Female
20191104373,20190007772,20190317,4604949,448338,01:06,Sunday,Polk,Local Road,9999,Unknown - Not Indicated - Unlocated,Mainline,Not reported,2ND AVE,Municipal Road,Not Indicated as an Intersection,Suspected Minor Injury Crash,10000,Ran off road - left,Alcohol (Statutory),26,>= 25 and <= 29,Male
20191104375,CG1900426,20190317,4784546,468999,02:08,Sunday,Cerro Gordo,Farm to Market Route,9999,Unknown - Not Indicated - Unlocated,Mainline,Not reported,Co Rd B20/310TH ST,Secondary Road,Secondary - Secondary,Property Damage Only,1500,Operating vehicle in an reckless, erratic, careless, negligent manner,Alcohol (Statutory),63,>= 60 and <= 64,Male
20191104387,2019-20727,20190316,4602236,702923,17:14,Saturday,Scott,Local Road,9999,Unknown - Not Indicated - Unlocated,Mainline,Not reported,E CENTRAL PARK AVE & FARNAM ST,Municipal Road,Municipal - Municipal,Possible/Unknown Injury Crash,7000,Ran stop sign,Alcohol (Statutory),33,>= 30 and <= 34,Male
20191104387,2019-20727,20190316,4602236,702923,17:14,Saturday,Scott,Local Road,9999,Unknown - Not Indicated - Unlocated,Mainline,Not reported,E CENTRAL PARK AVE & FARNAM ST,Municipal Road,Municipal - Municipal,Possible/Unknown Injury Crash,7000,Ran stop sign,Alcohol (Statutory),38,>= 35 and <= 39,Male
20191104439,19-000986,20190317,4589506,563428,00:32,Sunday,Keokuk,Local Road,9999,Unknown - Not Indicated - Unlocated,Mainline,Not reported,CHURCHILL ST & HALLETT ST,Municipal Road,Municipal - Municipal,Property Damage Only,8000,Driver Distraction:  Other interior distraction,Alcohol (Statutory),26,>= 25 and <= 29,Male
20191104439,19-000986,20190317,4589506,563428,00:32,Sunday,Keokuk,Local Road,9999,Unknown - Not Indicated - Unlocated,Mainline,Not reported,CHURCHILL ST & HALLETT ST,Municipal Road,Municipal - Municipal,Property Damage Only,8000,Driver Distraction:  Other interior distraction,Alcohol (Statutory),43,>= 40 and <= 44,Male
20191104442,20190007822,20190317,4607880,443901,17:40,Sunday,Polk,Local Road,9999,Unknown - Not Indicated - Unlocated,Mainline,Not reported,FAGEN DR & BEAVER AVE,Municipal Road,Municipal - Municipal,Property Damage Only,12000,Operating vehicle in an reckless, erratic, careless, negligent manner,Under Influence of Alcohol/Drugs/Medications,34,>= 30 and <= 34,Female
20191104442,20190007822,20190317,4607880,443901,17:40,Sunday,Polk,Local Road,9999,Unknown - Not Indicated - Unlocated,Mainline,Not reported,FAGEN DR & BEAVER AVE,Municipal Road,Municipal - Municipal,Property Damage Only,12000,Operating vehicle in an reckless, erratic, careless, negligent manner,Under Influence of Alcohol/Drugs/Medications,200,,Not reported