Case Number,Law Enforcement Case Number,Date of Crash,Y-Coordinate (UTM NAD 83 Zone 15),X-Coordinate (UTM NAD 83 Zone 15),Time,Day of Week,County,Road System,Route,Cardinal Direction of Vehicles,Mainline or Ramp,Overpass/Underpass Information,Derived Literal Description,Road Classification,Intersection Class,Crash Severity,Amount of Property Damage,Major Cause,Drug or Alcohol Related,Driver Age,Driver Age - 5 year Bins,Driver Gender
20191104442,20190007822,20190317,4607880,443901,17:40,Sunday,Polk,Local Road,9999,Unknown - Not Indicated - Unlocated,Mainline,Not reported,FAGEN DR & BEAVER AVE,Municipal Road,Municipal - Municipal,Property Damage Only,12000,Operating vehicle in an reckless, erratic, careless, negligent manner,Under Influence of Alcohol/Drugs/Medications,200,,Not reported
20191104452,19-07005,20190317,4572583,256885,22:58,Sunday,Pottawattamie,Local Road,9999,Unknown - Not Indicated - Unlocated,Mainline,Not reported,AVE G,Municipal Road,Not Indicated as an Intersection,Property Damage Only,4000,Ran off road - right,Alcohol (Statutory),45,>= 45 and <= 49,Not reported
20191104452,19-07005,20190317,4572583,256885,22:58,Sunday,Pottawattamie,Local Road,9999,Unknown - Not Indicated - Unlocated,Mainline,Not reported,AVE G,Municipal Road,Not Indicated as an Intersection,Property Damage Only,4000,Ran off road - right,Alcohol (Statutory),200,,Not reported
20191104453,2019-20824,20190316,4606685,699254,23:03,Saturday,Scott,Local Road,9999,Unknown - Not Indicated - Unlocated,Mainline,Not reported,N PINE ST & NORTHWEST BLVD,Municipal Road,Municipal - Municipal,Suspected Minor Injury Crash,5000,Lost control,Refused,29,>= 25 and <= 29,Male
20191104466,19-0273,20190317,4605409,457491,22:03,Sunday,Polk,Iowa Route,163,Eastbound (EB),Mainline,Not reported,IA 163/E UNIVERSITY AVE,Iowa Route,Not Indicated as an Intersection,Suspected Minor Injury Crash,2000,Operating vehicle in an reckless, erratic, careless, negligent manner,Alcohol (Statutory),59,>= 55 and <= 59,Male
20191104477,20190007845,20190318,4601697,447992,00:45,Monday,Polk,Local Road,9999,Unknown - Not Indicated - Unlocated,Mainline,Not reported,SW 9TH ST,Municipal Road,Not Indicated as an Intersection,Suspected Minor Injury Crash,43995,Operating vehicle in an reckless, erratic, careless, negligent manner,Refused,32,>= 30 and <= 34,Male
20191104487,19-0736,20190316,4792577,515461,01:38,Saturday,Mitchell,Local Road,9999,Unknown - Not Indicated - Unlocated,Mainline,Not reported,N 8TH ST,Municipal Road,Not Indicated as an Intersection,Property Damage Only,12000,Operating vehicle in an reckless, erratic, careless, negligent manner,Alcohol (Statutory),200,,Not reported
20191104487,19-0736,20190316,4792577,515461,01:38,Saturday,Mitchell,Local Road,9999,Unknown - Not Indicated - Unlocated,Mainline,Not reported,N 8TH ST,Municipal Road,Not Indicated as an Intersection,Property Damage Only,12000,Operating vehicle in an reckless, erratic, careless, negligent manner,Alcohol (Statutory),26,>= 25 and <= 29,Male
20191104490,19006365,20190318,4653009,616425,02:37,Monday,Linn,Local Road,9999,Unknown - Not Indicated - Unlocated,Mainline,Not reported,GRAND AVE & S 15TH ST,Municipal Road,Municipal - Municipal,Property Damage Only,5750,Ran stop sign,Refused,27,>= 25 and <= 29,Male
20191104578,2019002492,20190317,4611582,621837,03:17,Sunday,Johnson,US Route,6,Eastbound (EB),Mainline,Not reported,US 6,US Route,Not Indicated as an Intersection,Possible/Unknown Injury Crash,9526,Ran off road - right,Alcohol (Statutory),42,>= 40 and <= 44,Male
20191104608,2019-00223,20190310,4603127,426494,19:00,Sunday,Dallas,Farm to Market Route,9999,Unknown - Not Indicated - Unlocated,Mainline,Not reported,Co Rd F64/ASHWORTH RD & Co Rd R22/UTE AVE,Secondary Road,Secondary - Secondary,Property Damage Only,8500,Ran stop sign,Under Influence of Alcohol/Drugs/Medications,17,= 17,Male
20191104608,2019-00223,20190310,4603127,426494,19:00,Sunday,Dallas,Farm to Market Route,9999,Unknown - Not Indicated - Unlocated,Mainline,Not reported,Co Rd F64/ASHWORTH RD & Co Rd R22/UTE AVE,Secondary Road,Secondary - Secondary,Property Damage Only,8500,Ran stop sign,Under Influence of Alcohol/Drugs/Medications,43,>= 40 and <= 44,Male
20191104630,19-2777,20190316,4772574,264163,01:10,Saturday,Sioux,Iowa Route,60,Northbound (NB),Mainline,Not reported,IA 60/IOWA 60 & Co Rd B40/400TH ST,Iowa Route,IA Route - Secondary,Suspected Minor Injury Crash,11000,Ran stop sign,Alcohol (Statutory),40,>= 40 and <= 44,Female
20191104630,19-2777,20190316,4772574,264163,01:10,Saturday,Sioux,Iowa Route,60,Northbound (NB),Mainline,Not reported,IA 60/IOWA 60 & Co Rd B40/400TH ST,Iowa Route,IA Route - Secondary,Suspected Minor Injury Crash,11000,Ran stop sign,Alcohol (Statutory),28,>= 25 and <= 29,Male
20191104824,19-000306,20190316,4652983,446373,00:24,Saturday,Story,Local Road,9999,Unknown - Not Indicated - Unlocated,Mainline,Not reported,MORRILL RD,Institutional Road,Not Indicated as an Intersection,Suspected Minor Injury Crash,2700,Operating vehicle in an reckless, erratic, careless, negligent manner,Under Influence of Alcohol/Drugs/Medications,54,>= 50 and <= 54,Male
20191104908,1-19-000075,20190315,4604299,305314,22:50,Friday,Shelby,US Route,59,Northbound (NB),Mainline,Not reported,US 59,US Route,Not Indicated as an Intersection,Suspected Minor Injury Crash,5000,Operating vehicle in an reckless, erratic, careless, negligent manner,Alcohol (Statutory),32,>= 30 and <= 34,Male
20191104908,1-19-000075,20190315,4604299,305314,22:50,Friday,Shelby,US Route,59,Northbound (NB),Mainline,Not reported,US 59,US Route,Not Indicated as an Intersection,Suspected Minor Injury Crash,5000,Operating vehicle in an reckless, erratic, careless, negligent manner,Alcohol (Statutory),60,>= 60 and <= 64,Male
20191104926,201903741,20190310,4651411,610516,13:07,Sunday,Linn,Interstate,380,Ramp,Ramp,On overpass,I-380 & COLDSTREAM AVE NE & MADISON ST NE,Interstate,Interstate - Municipal,Suspected Minor Injury Crash,5001,Ran off road - straight,Refused,39,>= 35 and <= 39,Male
20191104926,201903741,20190310,4651411,610516,13:07,Sunday,Linn,Interstate,380,Ramp,Ramp,On overpass,I-380 & COLDSTREAM AVE NE & MADISON ST NE,Interstate,Interstate - Municipal,Suspected Minor Injury Crash,5001,Ran off road - straight,Refused,46,>= 45 and <= 49,Male
20191104937,19-002513,20190316,4566872,320199,01:33,Saturday,Cass,Local Road,9999,Unknown - Not Indicated - Unlocated,Mainline,Not reported,FREMONT ST,Municipal Road,Not Indicated as an Intersection,Property Damage Only,15000,Driver Distraction:  Other interior distraction,Alcohol (Statutory),54,>= 50 and <= 54,Male
20191104937,19-002513,20190316,4566872,320199,01:33,Saturday,Cass,Local Road,9999,Unknown - Not Indicated - Unlocated,Mainline,Not reported,FREMONT ST,Municipal Road,Not Indicated as an Intersection,Property Damage Only,15000,Driver Distraction:  Other interior distraction,Alcohol (Statutory),200,,Not reported
20191104950,2019-20817,20190316,4605568,707300,22:47,Saturday,Scott,Local Road,9999,Unknown - Not Indicated - Unlocated,Mainline,Not reported,E 53RD ST,Municipal Road,Not Indicated as an Intersection,Property Damage Only,4500,Operating vehicle in an reckless, erratic, careless, negligent manner,Refused,38,>= 35 and <= 39,Female
20191104950,2019-20817,20190316,4605568,707300,22:47,Saturday,Scott,Local Road,9999,Unknown - Not Indicated - Unlocated,Mainline,Not reported,E 53RD ST,Municipal Road,Not Indicated as an Intersection,Property Damage Only,4500,Operating vehicle in an reckless, erratic, careless, negligent manner,Refused,44,>= 40 and <= 44,Male
20191104964,19-8183,20190315,4711317,219115,02:09,Friday,Woodbury,Farm to Market Route,9999,Unknown - Not Indicated - Unlocated,Mainline,Not reported,W 7TH ST & HAMILTON BLVD,Municipal Road,Municipal - Municipal,Property Damage Only,7500,Driver Distraction:  Other interior distraction,Alcohol (Statutory),20,= 20,Female
20191104964,19-8183,20190315,4711317,219115,02:09,Friday,Woodbury,Farm to Market Route,9999,Unknown - Not Indicated - Unlocated,Mainline,Not reported,W 7TH ST & HAMILTON BLVD,Municipal Road,Municipal - Municipal,Property Damage Only,7500,Driver Distraction:  Other interior distraction,Alcohol (Statutory),24,>= 21 and <= 24,Male
20191105009,20190008128,20190320,4604884,450892,16:17,Wednesday,Polk,Local Road,9999,Unknown - Not Indicated - Unlocated,Mainline,Not reported,CAPITOL AVE,Municipal Road,Not Indicated as an Intersection,Property Damage Only,4000,Operating vehicle in an reckless, erratic, careless, negligent manner,Refused,29,>= 25 and <= 29,Male
20191105009,20190008128,20190320,4604884,450892,16:17,Wednesday,Polk,Local Road,9999,Unknown - Not Indicated - Unlocated,Mainline,Not reported,CAPITOL AVE,Municipal Road,Not Indicated as an Intersection,Property Damage Only,4000,Operating vehicle in an reckless, erratic, careless, negligent manner,Refused,200,,Not reported
20191105025,19002814,20190317,4788592,231532,01:43,Sunday,Sioux,Local Road,9999,Unknown - Not Indicated - Unlocated,Mainline,Not reported,12TH ST,Municipal Road,Not Indicated as an Intersection,Property Damage Only,37000,Ran off road - left,Alcohol (Statutory),23,>= 21 and <= 24,Male
20191105026,19006595,20190320,4653822,614496,20:03,Wednesday,Linn,Farm to Market Route,9999,Unknown - Not Indicated - Unlocated,Mainline,Not reported,MARION BLVD & ARMAR DR,Municipal Road,Municipal - Municipal,Property Damage Only,4000,Lost control,Under Influence of Alcohol/Drugs/Medications,22,>= 21 and <= 24,Male
20191105026,19006595,20190320,4653822,614496,20:03,Wednesday,Linn,Farm to Market Route,9999,Unknown - Not Indicated - Unlocated,Mainline,Not reported,MARION BLVD & ARMAR DR,Municipal Road,Municipal - Municipal,Property Damage Only,4000,Lost control,Under Influence of Alcohol/Drugs/Medications,66,>= 65 and <= 69,Female
20191105028,19-007137,20190320,4572276,262081,23:58,Wednesday,Pottawattamie,US Route,6,Eastbound (EB),Mainline,Not reported,US 6/KANESVILLE BLVD & FRANK ST,US Route,US Route - Municipal,Property Damage Only,4500,Traveling wrong way or on wrong side of road,Refused,26,>= 25 and <= 29,Male
20191105054,J19000245,20190320,4598992,624981,15:20,Wednesday,Johnson,Farm to Market Route,9999,Unknown - Not Indicated - Unlocated,Mainline,Not reported,Co Rd W66/SAND RD,Secondary Road,Not Indicated as an Intersection,Suspected Minor Injury Crash,5200,Operating vehicle in an reckless, erratic, careless, negligent manner,Alcohol (Statutory),66,>= 65 and <= 69,Male
20191105096,90-19-84,20190302,4740674,414076,02:00,Saturday,Humboldt,Farm to Market Route,9999,Unknown - Not Indicated - Unlocated,Mainline,Not reported,CLINTON AVE,Secondary Road,Not Indicated as an Intersection,Suspected Minor Injury Crash,10000,Crossed centerline (undivided),Alcohol (Statutory),47,>= 45 and <= 49,Male
20191105166,19-01451,20190322,4603708,438959,00:45,Friday,Polk,Local Road,9999,Unknown - Not Indicated - Unlocated,Mainline,Not reported,19TH ST,Municipal Road,Not Indicated as an Intersection,Property Damage Only,7766,Operating vehicle in an reckless, erratic, careless, negligent manner,Alcohol (Statutory),21,>= 21 and <= 24,Male
20191105166,19-01451,20190322,4603708,438959,00:45,Friday,Polk,Local Road,9999,Unknown - Not Indicated - Unlocated,Mainline,Not reported,19TH ST,Municipal Road,Not Indicated as an Intersection,Property Damage Only,7766,Operating vehicle in an reckless, erratic, careless, negligent manner,Alcohol (Statutory),200,,Not reported
20191105185,19-8830,20190320,4707666,224540,17:39,Wednesday,Woodbury,Local Road,9999,Unknown - Not Indicated - Unlocated,Mainline,Not reported,GARRETSON AVE & S NICOLET ST,Municipal Road,Municipal - Municipal,Property Damage Only,6884,Operating vehicle in an reckless, erratic, careless, negligent manner,Alcohol (Statutory),30,>= 30 and <= 34,Male
20191105185,19-8830,20190320,4707666,224540,17:39,Wednesday,Woodbury,Local Road,9999,Unknown - Not Indicated - Unlocated,Mainline,Not reported,GARRETSON AVE & S NICOLET ST,Municipal Road,Municipal - Municipal,Property Damage Only,6884,Operating vehicle in an reckless, erratic, careless, negligent manner,Alcohol (Statutory),200,,Not reported
20191105218,S19-000870,20190321,4584799,268176,20:50,Thursday,Pottawattamie,Farm to Market Route,9999,Unknown - Not Indicated - Unlocated,Mainline,Not reported,Co Rd L34/ROAD L34 & 210TH ST,Secondary Road,Secondary - Secondary,Property Damage Only,10000,Driver Distraction:  Manual operation of an electronic communication device,Alcohol (Statutory),51,>= 50 and <= 54,Male
20191105306,2019-22599,20190322,4600118,700137,20:26,Friday,Scott,Local Road,9999,Unknown - Not Indicated - Unlocated,Mainline,Not reported,N DIVISION ST,Municipal Road,Not Indicated as an Intersection,Property Damage Only,1500,Lost control,Alcohol (Statutory),68,>= 65 and <= 69,Male
20191105339,190842,20190323,4732739,482922,04:30,Saturday,Franklin,Local Road,9999,Unknown - Not Indicated - Unlocated,Mainline,Not reported,1ST ST NW,Municipal Road,Not Indicated as an Intersection,Suspected Minor Injury Crash,21000,FTYROW:  Other,Refused,35,>= 35 and <= 39,Male
20191105372,19-0285,20190323,4605420,456914,00:47,Saturday,Polk,Iowa Route,163,Eastbound (EB),Mainline,Not reported,IA 163/E UNIVERSITY AVE & N HICKORY BLVD,Iowa Route,IA Route - Municipal,Suspected Minor Injury Crash,22000,Exceeded authorized speed,Alcohol (Statutory),22,>= 21 and <= 24,Male
20191105501,DPD1901006,20190323,4793895,597248,03:29,Saturday,Winneshiek,Iowa Route,9,Westbound (WB),Mainline,Not reported,IA 9/IOWA 9,Iowa Route,Not Indicated as an Intersection,Property Damage Only,3000,Other,Refused,18,= 18,Male
20191105501,DPD1901006,20190323,4793895,597248,03:29,Saturday,Winneshiek,Iowa Route,9,Westbound (WB),Mainline,Not reported,IA 9/IOWA 9,Iowa Route,Not Indicated as an Intersection,Property Damage Only,3000,Other,Refused,16,= 16,Male
20191105503,19-002260,20190314,4694085,478511,08:33,Thursday,Hardin,US Route,65,Both North and South,Mainline,Not reported,US 65,US Route,Not Indicated as an Intersection,Suspected Minor Injury Crash,15500,Operating vehicle in an reckless, erratic, careless, negligent manner,Alcohol (Statutory),61,>= 60 and <= 64,Male
20191105503,19-002260,20190314,4694085,478511,08:33,Thursday,Hardin,US Route,65,Both North and South,Mainline,Not reported,US 65,US Route,Not Indicated as an Intersection,Suspected Minor Injury Crash,15500,Operating vehicle in an reckless, erratic, careless, negligent manner,Alcohol (Statutory),26,>= 25 and <= 29,Male
20191105517,19-8875,20190321,4712142,218593,01:56,Thursday,Woodbury,Local Road,9999,Unknown - Not Indicated - Unlocated,Mainline,Not reported,W 19TH ST,Municipal Road,Not Indicated as an Intersection,Property Damage Only,14000,Ran off road - right,Alcohol (Statutory),200,,Not reported
20191105517,19-8875,20190321,4712142,218593,01:56,Thursday,Woodbury,Local Road,9999,Unknown - Not Indicated - Unlocated,Mainline,Not reported,W 19TH ST,Municipal Road,Not Indicated as an Intersection,Property Damage Only,14000,Ran off road - right,Alcohol (Statutory),200,,Not reported
20191105517,19-8875,20190321,4712142,218593,01:56,Thursday,Woodbury,Local Road,9999,Unknown - Not Indicated - Unlocated,Mainline,Not reported,W 19TH ST,Municipal Road,Not Indicated as an Intersection,Property Damage Only,14000,Ran off road - right,Alcohol (Statutory),21,>= 21 and <= 24,Not reported
20191105530,19-9149,20190323,4710490,220622,02:58,Saturday,Woodbury,Local Road,9999,Unknown - Not Indicated - Unlocated,Mainline,Not reported,6TH ST,Municipal Road,Not Indicated as an Intersection,Property Damage Only,9000,Ran off road - right,Alcohol (Statutory),200,,Not reported
20191105530,19-9149,20190323,4710490,220622,02:58,Saturday,Woodbury,Local Road,9999,Unknown - Not Indicated - Unlocated,Mainline,Not reported,6TH ST,Municipal Road,Not Indicated as an Intersection,Property Damage Only,9000,Ran off road - right,Alcohol (Statutory),26,>= 25 and <= 29,Not reported
20191105552,19-7512,20190320,4507827,627747,20:20,Wednesday,Lee,Local Road,9999,Unknown - Not Indicated - Unlocated,Mainline,Not reported,FRANKLIN RD,Secondary Road,Not Indicated as an Intersection,Possible/Unknown Injury Crash,2500,Operating vehicle in an reckless, erratic, careless, negligent manner,Alcohol (Statutory),40,>= 40 and <= 44,Male
20191105569,4519-019,20190317,4811175,562131,20:30,Sunday,Howard,Farm to Market Route,9999,Unknown - Not Indicated - Unlocated,Mainline,Not reported,Co Rd A23/45TH ST,Secondary Road,Not Indicated as an Intersection,Property Damage Only,2500,Ran off road - left,Alcohol (Statutory),28,>= 25 and <= 29,Female
20191105655,20190008647,20190325,4598198,447801,18:56,Monday,Polk,Local Road,9999,Unknown - Not Indicated - Unlocated,Mainline,Not reported,PORTER AVE & SW 9TH ST,Municipal Road,Municipal - Municipal,Suspected Minor Injury Crash,4500,Ran traffic signal,Alcohol (Statutory),21,>= 21 and <= 24,Male
20191105655,20190008647,20190325,4598198,447801,18:56,Monday,Polk,Local Road,9999,Unknown - Not Indicated - Unlocated,Mainline,Not reported,PORTER AVE & SW 9TH ST,Municipal Road,Municipal - Municipal,Suspected Minor Injury Crash,4500,Ran traffic signal,Alcohol (Statutory),17,= 17,Male
20191105666,19-2180,20190325,4610433,449992,22:35,Monday,Polk,US Route,69,Northbound (NB),Mainline,Not reported,US 69/NE 14TH ST & Co Rd F52/NE 46TH AVE & NE BROADWAY AND NE 46TH,US Route,US Route - Secondary,Possible/Unknown Injury Crash,27000,Ran traffic signal,Drug/Alcohol (Statutory),31,>= 30 and <= 34,Male
20191105666,19-2180,20190325,4610433,449992,22:35,Monday,Polk,US Route,69,Northbound (NB),Mainline,Not reported,US 69/NE 14TH ST & Co Rd F52/NE 46TH AVE & NE BROADWAY AND NE 46TH,US Route,US Route - Secondary,Possible/Unknown Injury Crash,27000,Ran traffic signal,Drug/Alcohol (Statutory),67,>= 65 and <= 69,Female
20191105666,19-2180,20190325,4610433,449992,22:35,Monday,Polk,US Route,69,Northbound (NB),Mainline,Not reported,US 69/NE 14TH ST & Co Rd F52/NE 46TH AVE & NE BROADWAY AND NE 46TH,US Route,US Route - Secondary,Possible/Unknown Injury Crash,27000,Ran traffic signal,Drug/Alcohol (Statutory),33,>= 30 and <= 34,Male
20191105714,19-9444,20190326,4709807,222918,01:47,Tuesday,Woodbury,Local Road,9999,Unknown - Not Indicated - Unlocated,Mainline,Not reported,1ST ST,Municipal Road,Not Indicated as an Intersection,Suspected Minor Injury Crash,4000,Lost control,Alcohol (Statutory),200,,Not reported
20191105714,19-9444,20190326,4709807,222918,01:47,Tuesday,Woodbury,Local Road,9999,Unknown - Not Indicated - Unlocated,Mainline,Not reported,1ST ST,Municipal Road,Not Indicated as an Intersection,Suspected Minor Injury Crash,4000,Lost control,Alcohol (Statutory),25,>= 25 and <= 29,Male
20191105758,2019008117,20190322,4812762,532910,21:30,Friday,Mitchell,Farm to Market Route,9999,Unknown - Not Indicated - Unlocated,Mainline,Not reported,Co Rd T62/WALNUT AVE,Secondary Road,Not Indicated as an Intersection,Property Damage Only,9000,Ran off road - right,Alcohol (Statutory),42,>= 40 and <= 44,Male
20191105834,2019-23813,20190326,4600081,702399,21:52,Tuesday,Scott,Iowa Route,461,No Travel Direction Consistent with Route,Mainline,Not reported,IA 461/BRADY ST & W 7TH ST & E 7TH ST,Iowa Route,IA Route - Municipal,Property Damage Only,9500,Traveling wrong way or on wrong side of road,Alcohol (Statutory),42,>= 40 and <= 44,Female
20191105834,2019-23813,20190326,4600081,702399,21:52,Tuesday,Scott,Iowa Route,461,No Travel Direction Consistent with Route,Mainline,Not reported,IA 461/BRADY ST & W 7TH ST & E 7TH ST,Iowa Route,IA Route - Municipal,Property Damage Only,9500,Traveling wrong way or on wrong side of road,Alcohol (Statutory),25,>= 25 and <= 29,Male
20191105834,2019-23813,20190326,4600081,702399,21:52,Tuesday,Scott,Iowa Route,461,No Travel Direction Consistent with Route,Mainline,Not reported,IA 461/BRADY ST & W 7TH ST & E 7TH ST,Iowa Route,IA Route - Municipal,Property Damage Only,9500,Traveling wrong way or on wrong side of road,Alcohol (Statutory),26,>= 25 and <= 29,Male
20191105836,19-00755,20190326,4607496,434100,21:50,Tuesday,Polk,Local Road,9999,Unknown - Not Indicated - Unlocated,Mainline,Not reported,128TH ST,Municipal Road,Not Indicated as an Intersection,Property Damage Only,14000,Operating vehicle in an reckless, erratic, careless, negligent manner,Alcohol (Statutory),38,>= 35 and <= 39,Male
20191105911,201904632,20190324,4645748,610153,00:50,Sunday,Linn,Interstate,380,Southbound (SB),Mainline,On overpass,I-380 & WILSON AVE SW,Interstate,Interstate - Municipal,Property Damage Only,3658,Other,Refused,35,>= 35 and <= 39,Female
20191105916,P-IN-19-0084,20190326,4573449,609674,07:27,Tuesday,Washington,Local Road,9999,Unknown - Not Indicated - Unlocated,Mainline,Not reported,E 7TH ST,Municipal Road,Not Indicated as an Intersection,Property Damage Only,8000,Lost control,Alcohol (Statutory),200,,Not reported
20191105916,P-IN-19-0084,20190326,4573449,609674,07:27,Tuesday,Washington,Local Road,9999,Unknown - Not Indicated - Unlocated,Mainline,Not reported,E 7TH ST,Municipal Road,Not Indicated as an Intersection,Property Damage Only,8000,Lost control,Alcohol (Statutory),36,>= 35 and <= 39,Male
20191105996,2019-002224,20190328,4709723,693413,02:30,Thursday,Dubuque,US Route,61,Northbound (NB),Mainline,Not reported,US 61,US Route,Not Indicated as an Intersection,Property Damage Only,16000,99,Under Influence of Alcohol/Drugs/Medications,24,>= 21 and <= 24,Not reported
20191105996,2019-002224,20190328,4709723,693413,02:30,Thursday,Dubuque,US Route,61,Northbound (NB),Mainline,Not reported,US 61,US Route,Not Indicated as an Intersection,Property Damage Only,16000,99,Under Influence of Alcohol/Drugs/Medications,49,>= 45 and <= 49,Male
20191106016,19-3968,20190326,4765759,313450,23:00,Tuesday,Clay,Farm to Market Route,9999,Unknown - Not Indicated - Unlocated,Mainline,Not reported,150TH AVE,Secondary Road,Not Indicated as an Intersection,Property Damage Only,9150,Driving too fast for conditions,Under Influence of Alcohol/Drugs/Medications,24,>= 21 and <= 24,Male
20191106027,19-9546,20190327,4707193,222460,01:05,Wednesday,Woodbury,Iowa Route,376,Southbound (SB),Mainline,Not reported,IA 376/S LEWIS BLVD,Iowa Route,Not Indicated as an Intersection,Property Damage Only,2000,Animal,Alcohol (Statutory),22,>= 21 and <= 24,Male
20191106054,19002766,20190326,4723877,425038,12:32,Tuesday,Wright,Local Road,9999,Unknown - Not Indicated - Unlocated,Mainline,Not reported,S FORT AVE,Municipal Road,Not Indicated as an Intersection,Property Damage Only,4501,Lost control,Under Influence of Alcohol/Drugs/Medications,50,>= 50 and <= 54,Male
20191106068,C19001168,20190328,4617090,614392,16:13,Thursday,Johnson,US Route,6,Eastbound (EB),Mainline,Not reported,US 6/2ND ST,US Route,Not Indicated as an Intersection,Property Damage Only,5200,Lost control,Alcohol (Statutory),33,>= 30 and <= 34,Female
20191106068,C19001168,20190328,4617090,614392,16:13,Thursday,Johnson,US Route,6,Eastbound (EB),Mainline,Not reported,US 6/2ND ST,US Route,Not Indicated as an Intersection,Property Damage Only,5200,Lost control,Alcohol (Statutory),51,>= 50 and <= 54,Male
20191106105,19-01567,20190327,4604514,434130,21:08,Wednesday,Polk,Local Road,9999,Unknown - Not Indicated - Unlocated,Mainline,Not reported,VISTA DR,Municipal Road,Not Indicated as an Intersection,Property Damage Only,5000,Driving too fast for conditions,Alcohol (Statutory),32,>= 30 and <= 34,Male
20191106106,19030624,20190324,4535894,533569,01:35,Sunday,Wapello,Local Road,9999,Unknown - Not Indicated - Unlocated,Mainline,Not reported,230TH AVE,Secondary Road,Not Indicated as an Intersection,Property Damage Only,1500,Operating vehicle in an reckless, erratic, careless, negligent manner,Alcohol (Statutory),21,>= 21 and <= 24,Not reported
20191106106,19030624,20190324,4535894,533569,01:35,Sunday,Wapello,Local Road,9999,Unknown - Not Indicated - Unlocated,Mainline,Not reported,230TH AVE,Secondary Road,Not Indicated as an Intersection,Property Damage Only,1500,Operating vehicle in an reckless, erratic, careless, negligent manner,Alcohol (Statutory),200,,Not reported
20191106157,19-00670,20190317,4608871,441020,17:53,Sunday,Polk,Farm to Market Route,9999,Unknown - Not Indicated - Unlocated,Mainline,Not reported,DOUGLAS AVE,Municipal Road,Not Indicated as an Intersection,Property Damage Only,5500,Operating vehicle in an reckless, erratic, careless, negligent manner,Alcohol (Statutory),33,>= 30 and <= 34,Male
20191106253,20190009081,20190329,4599796,448461,18:14,Friday,Polk,Local Road,9999,Unknown - Not Indicated - Unlocated,Mainline,Not reported,WATROUS AVE,Municipal Road,Not Indicated as an Intersection,Possible/Unknown Injury Crash,3000,Exceeded authorized speed,Refused,35,>= 35 and <= 39,Female
20191106253,20190009081,20190329,4599796,448461,18:14,Friday,Polk,Local Road,9999,Unknown - Not Indicated - Unlocated,Mainline,Not reported,WATROUS AVE,Municipal Road,Not Indicated as an Intersection,Possible/Unknown Injury Crash,3000,Exceeded authorized speed,Refused,49,>= 45 and <= 49,Female
20191106263,1910113,20190329,4519914,658041,18:50,Friday,Des Moines,Local Road,9999,Unknown - Not Indicated - Unlocated,Mainline,Not reported,AGENCY ST,Municipal Road,Not Indicated as an Intersection,Possible/Unknown Injury Crash,5000,Driving too fast for conditions,Alcohol (Statutory),22,>= 21 and <= 24,Female
20191106263,1910113,20190329,4519914,658041,18:50,Friday,Des Moines,Local Road,9999,Unknown - Not Indicated - Unlocated,Mainline,Not reported,AGENCY ST,Municipal Road,Not Indicated as an Intersection,Possible/Unknown Injury Crash,5000,Driving too fast for conditions,Alcohol (Statutory),17,= 17,Female
20191106268,19-2312,20190330,4614604,456518,04:00,Saturday,Polk,Farm to Market Route,9999,Unknown - Not Indicated - Unlocated,Mainline,Not reported,NE 46TH ST,Secondary Road,Not Indicated as an Intersection,Suspected Minor Injury Crash,5000,Ran off road - right,Under Influence of Alcohol/Drugs/Medications,30,>= 30 and <= 34,Male
20191106271,20190009093,20190329,4605931,452442,21:43,Friday,Polk,Local Road,9999,Unknown - Not Indicated - Unlocated,Mainline,Not reported,ELIZABETH AVE & E 25TH ST,Municipal Road,Municipal - Municipal,Possible/Unknown Injury Crash,15000,Unknown,Alcohol (Statutory),200,,Not reported
20191106271,20190009093,20190329,4605931,452442,21:43,Friday,Polk,Local Road,9999,Unknown - Not Indicated - Unlocated,Mainline,Not reported,ELIZABETH AVE & E 25TH ST,Municipal Road,Municipal - Municipal,Possible/Unknown Injury Crash,15000,Unknown,Alcohol (Statutory),34,>= 30 and <= 34,Female
20191106306,201904960,20190329,4646696,605582,19:58,Friday,Linn,Local Road,9999,Unknown - Not Indicated - Unlocated,Mainline,Not reported,WILEY BLVD SW,Municipal Road,Not Indicated as an Intersection,Property Damage Only,5000,Ran off road - right,Alcohol (Statutory),73,>= 70 and <= 74,Male
20191106349,20190009205,20190331,4605013,450473,02:20,Sunday,Polk,Local Road,9999,Unknown - Not Indicated - Unlocated,Mainline,Not reported,DES MOINES ST,Municipal Road,Not Indicated as an Intersection,Possible/Unknown Injury Crash,20000,Unknown,Refused,25,>= 25 and <= 29,Male
20191106349,20190009205,20190331,4605013,450473,02:20,Sunday,Polk,Local Road,9999,Unknown - Not Indicated - Unlocated,Mainline,Not reported,DES MOINES ST,Municipal Road,Not Indicated as an Intersection,Possible/Unknown Injury Crash,20000,Unknown,Refused,200,,Not reported
20191106352,PD19-00745,20190330,4655979,507606,01:40,Saturday,Marshall,Iowa Route,14,Northbound (NB),Mainline,Not reported,IA 14/N 3RD AVE,Iowa Route,Not Indicated as an Intersection,Property Damage Only,18000,Operating vehicle in an reckless, erratic, careless, negligent manner,Alcohol (Statutory),34,>= 30 and <= 34,Male
20191106376,201901049,20190330,4646947,601235,06:53,Saturday,Linn,Iowa Route,100,Westbound (WB),Mainline,Not reported,IA 100/PROPOSED IA100 ML,Iowa Route,Not Indicated as an Intersection,Property Damage Only,8500,Ran off road - straight,Alcohol (Statutory),28,>= 25 and <= 29,Male