Case Number,Law Enforcement Case Number,Date of Crash,Y-Coordinate (UTM NAD 83 Zone 15),X-Coordinate (UTM NAD 83 Zone 15),Time,Day of Week,County,Road System,Route,Cardinal Direction of Vehicles,Mainline or Ramp,Overpass/Underpass Information,Derived Literal Description,Road Classification,Intersection Class,Crash Severity,Amount of Property Damage,Major Cause,Drug or Alcohol Related,Driver Age,Driver Age - 5 year Bins,Driver Gender
20191106378,19-002660,20190331,4548700,477139,04:32,Sunday,Lucas,Iowa Route,14,Southbound (SB),Mainline,Not reported,IA 14,Iowa Route,Not Indicated as an Intersection,Suspected Minor Injury Crash,2000,Driver Distraction:  Other interior distraction,Under Influence of Alcohol/Drugs/Medications,21,>= 21 and <= 24,Male
20191106386,19-2327,20190331,4611203,441906,17:52,Sunday,Polk,Iowa Route,28,Northbound (NB),Mainline,Not reported,IA 28/MERLE HAY RD,Iowa Route,Not Indicated as an Intersection,Property Damage Only,5000,Other,Alcohol (Statutory),16,= 16,Male
20191106386,19-2327,20190331,4611203,441906,17:52,Sunday,Polk,Iowa Route,28,Northbound (NB),Mainline,Not reported,IA 28/MERLE HAY RD,Iowa Route,Not Indicated as an Intersection,Property Damage Only,5000,Other,Alcohol (Statutory),27,>= 25 and <= 29,Male
20191106410,19-001668,20190326,4621896,449888,20:26,Tuesday,Polk,Local Road,9999,Unknown - Not Indicated - Unlocated,Mainline,Not reported,NW BRIARGATE DR,Municipal Road,Not Indicated as an Intersection,Property Damage Only,14500,Exceeded authorized speed,Alcohol (Statutory),27,>= 25 and <= 29,Female
20191106425,19-002437,20190208,4740810,601956,14:48,Friday,Fayette,Farm to Market Route,9999,Unknown - Not Indicated - Unlocated,Mainline,Not reported,Co Rd C24/KORNHILL RD,Secondary Road,Not Indicated as an Intersection,Suspected Serious Injury Crash,2000,Ran off road - right,Alcohol (Statutory),61,>= 60 and <= 64,Male
20191106453,19-000417,20190329,4647298,452738,19:51,Friday,Story,Interstate,35,Northbound (NB),Mainline,Not reported,I-35,Interstate,Not Indicated as an Intersection,Suspected Minor Injury Crash,15000,Exceeded authorized speed,Alcohol (< Statutory),22,>= 21 and <= 24,Male
20191106453,19-000417,20190329,4647298,452738,19:51,Friday,Story,Interstate,35,Northbound (NB),Mainline,Not reported,I-35,Interstate,Not Indicated as an Intersection,Suspected Minor Injury Crash,15000,Exceeded authorized speed,Alcohol (< Statutory),27,>= 25 and <= 29,Male
20191106478,19-9940,20190330,4712674,221929,02:22,Saturday,Woodbury,Local Road,9999,Unknown - Not Indicated - Unlocated,Mainline,Not reported,PROSPECT ST,Municipal Road,Not Indicated as an Intersection,Property Damage Only,4500,Traveling wrong way or on wrong side of road,Refused,33,>= 30 and <= 34,Female
20191106478,19-9940,20190330,4712674,221929,02:22,Saturday,Woodbury,Local Road,9999,Unknown - Not Indicated - Unlocated,Mainline,Not reported,PROSPECT ST,Municipal Road,Not Indicated as an Intersection,Property Damage Only,4500,Traveling wrong way or on wrong side of road,Refused,200,,Not reported
20191106519,19-002505,20190326,4540773,474609,00:22,Tuesday,Lucas,Local Road,9999,Unknown - Not Indicated - Unlocated,Mainline,Not reported,N 6TH ST,Municipal Road,Not Indicated as an Intersection,Property Damage Only,8000,Ran off road - right,Alcohol (Statutory),23,>= 21 and <= 24,Female
20191106524,2019002975,20190331,4609818,623964,03:40,Sunday,Johnson,Local Road,9999,Unknown - Not Indicated - Unlocated,Mainline,Not reported,SYCAMORE ST,Municipal Road,Not Indicated as an Intersection,Property Damage Only,3750,Ran off road - left,Alcohol (Statutory),21,>= 21 and <= 24,Male
20191106538,20190009296,20190401,4598080,449076,03:26,Monday,Polk,Local Road,9999,Unknown - Not Indicated - Unlocated,Mainline,Not reported,E DIEHL AVE,Municipal Road,Not Indicated as an Intersection,Property Damage Only,45000,Lost control,Alcohol (Statutory),200,,Not reported
20191106538,20190009296,20190401,4598080,449076,03:26,Monday,Polk,Local Road,9999,Unknown - Not Indicated - Unlocated,Mainline,Not reported,E DIEHL AVE,Municipal Road,Not Indicated as an Intersection,Property Damage Only,45000,Lost control,Alcohol (Statutory),200,,Not reported
20191106538,20190009296,20190401,4598080,449076,03:26,Monday,Polk,Local Road,9999,Unknown - Not Indicated - Unlocated,Mainline,Not reported,E DIEHL AVE,Municipal Road,Not Indicated as an Intersection,Property Damage Only,45000,Lost control,Alcohol (Statutory),44,>= 40 and <= 44,Female
20191106581,19-012193,20190331,4589277,664860,14:30,Sunday,Muscatine,Local Road,9999,Unknown - Not Indicated - Unlocated,Mainline,Not reported,OAKLAND DR,Municipal Road,Not Indicated as an Intersection,Property Damage Only,1600,Operating vehicle in an reckless, erratic, careless, negligent manner,Under Influence of Alcohol/Drugs/Medications,37,>= 35 and <= 39,Male
20191106581,19-012193,20190331,4589277,664860,14:30,Sunday,Muscatine,Local Road,9999,Unknown - Not Indicated - Unlocated,Mainline,Not reported,OAKLAND DR,Municipal Road,Not Indicated as an Intersection,Property Damage Only,1600,Operating vehicle in an reckless, erratic, careless, negligent manner,Under Influence of Alcohol/Drugs/Medications,200,,Not reported
20191106605,201900003379,20190331,4701821,431868,10:40,Sunday,Hamilton,Local Road,9999,Unknown - Not Indicated - Unlocated,Mainline,Not reported,WATER ST & GROVE ST,Municipal Road,Municipal - Municipal,Property Damage Only,11000,FTYROW:  At uncontrolled intersection,Refused,25,>= 25 and <= 29,Male
20191106605,201900003379,20190331,4701821,431868,10:40,Sunday,Hamilton,Local Road,9999,Unknown - Not Indicated - Unlocated,Mainline,Not reported,WATER ST & GROVE ST,Municipal Road,Municipal - Municipal,Property Damage Only,11000,FTYROW:  At uncontrolled intersection,Refused,22,>= 21 and <= 24,Male
20191106606,19-007596,20190401,4568677,256998,21:50,Monday,Pottawattamie,Interstate,29,Ramp,Ramp,Not reported,I-29 & I-80,Interstate,Interstate - Interstate,Property Damage Only,3000,Exceeded authorized speed,Under Influence of Alcohol/Drugs/Medications,24,>= 21 and <= 24,Male
20191106608,2019-25140,20190331,4601356,702369,02:03,Sunday,Scott,Iowa Route,461,No Travel Direction Consistent with Route,Mainline,Not reported,IA 461/BRADY ST & W LOCUST ST & E LOCUST ST,Iowa Route,IA Route - Municipal,Suspected Serious Injury Crash,14500,Ran traffic signal,Alcohol (Statutory),27,>= 25 and <= 29,Female
20191106608,2019-25140,20190331,4601356,702369,02:03,Sunday,Scott,Iowa Route,461,No Travel Direction Consistent with Route,Mainline,Not reported,IA 461/BRADY ST & W LOCUST ST & E LOCUST ST,Iowa Route,IA Route - Municipal,Suspected Serious Injury Crash,14500,Ran traffic signal,Alcohol (Statutory),33,>= 30 and <= 34,Male
20191106608,2019-25140,20190331,4601356,702369,02:03,Sunday,Scott,Iowa Route,461,No Travel Direction Consistent with Route,Mainline,Not reported,IA 461/BRADY ST & W LOCUST ST & E LOCUST ST,Iowa Route,IA Route - Municipal,Suspected Serious Injury Crash,14500,Ran traffic signal,Alcohol (Statutory),20,= 20,Male
20191106644,S-IN-19-0098,20190401,4593857,621760,20:50,Monday,Washington,Farm to Market Route,9999,Unknown - Not Indicated - Unlocated,Mainline,Not reported,Co Rd W64/VINE AVE,Secondary Road,Not Indicated as an Intersection,Suspected Minor Injury Crash,5000,Ran stop sign,Alcohol (Statutory),26,>= 25 and <= 29,Female
20191106675,19004526,20190401,4745672,240478,12:46,Monday,Plymouth,US Route,75,Ramp,Ramp,Not reported,US 75/US 75 RAMP,US Route,US Route - US Route,Possible/Unknown Injury Crash,4000,Unknown,Refused,60,>= 60 and <= 64,Not reported
20191106675,19004526,20190401,4745672,240478,12:46,Monday,Plymouth,US Route,75,Ramp,Ramp,Not reported,US 75/US 75 RAMP,US Route,US Route - US Route,Possible/Unknown Injury Crash,4000,Unknown,Refused,200,,Not reported
20191106709,19-002948,20190330,4511557,474288,01:44,Saturday,Wayne,Iowa Route,2,Eastbound (EB),Mainline,Not reported,IA 2/IOWA 2,Iowa Route,Not Indicated as an Intersection,Property Damage Only,3500,Operating vehicle in an reckless, erratic, careless, negligent manner,Alcohol (Statutory),21,>= 21 and <= 24,Not reported
20191106720,M19-0213,20190330,4683406,248635,19:41,Saturday,Woodbury,Farm to Market Route,9999,Unknown - Not Indicated - Unlocated,Mainline,Not reported,Co Rd D25/OLD HWY 141,Secondary Road,Not Indicated as an Intersection,Property Damage Only,3600,Operating vehicle in an reckless, erratic, careless, negligent manner,Alcohol (Statutory),68,>= 65 and <= 69,Male
20191106732,201901095,20190402,4681899,614417,17:51,Tuesday,Linn,Local Road,9999,Unknown - Not Indicated - Unlocated,Mainline,Not reported,SEVEN HILLS RD,Secondary Road,Not Indicated as an Intersection,Suspected Minor Injury Crash,5500,Ran off road - left,Under Influence of Alcohol/Drugs/Medications,30,>= 30 and <= 34,Male
20191106742,2019008154,20190323,4604421,449176,22:30,Saturday,Polk,Local Road,9999,Unknown - Not Indicated - Unlocated,Mainline,Not reported,E 6TH ST,Municipal Road,Not Indicated as an Intersection,Property Damage Only,1800,Other,Refused,20,= 20,Male
20191106742,2019008154,20190323,4604421,449176,22:30,Saturday,Polk,Local Road,9999,Unknown - Not Indicated - Unlocated,Mainline,Not reported,E 6TH ST,Municipal Road,Not Indicated as an Intersection,Property Damage Only,1800,Other,Refused,52,>= 50 and <= 54,Female
20191106807,2019007721,20190316,4712939,290998,05:22,Saturday,Ida,US Route,59,Both North and South,Mainline,Not reported,US 59,US Route,Not Indicated as an Intersection,Fatal Crash,20000,Crossed centerline (undivided),Alcohol (< Statutory),21,>= 21 and <= 24,Male
20191106807,2019007721,20190316,4712939,290998,05:22,Saturday,Ida,US Route,59,Both North and South,Mainline,Not reported,US 59,US Route,Not Indicated as an Intersection,Fatal Crash,20000,Crossed centerline (undivided),Alcohol (< Statutory),21,>= 21 and <= 24,Male
20191106821,201902599,20190330,4655644,423542,02:17,Saturday,Boone,Farm to Market Route,9999,Unknown - Not Indicated - Unlocated,Mainline,Not reported,Co Rd E41/216TH DR,Secondary Road,Not Indicated as an Intersection,Property Damage Only,8200,Ran off road - left,Alcohol (Statutory),24,>= 21 and <= 24,Male
20191106826,19-005417,20190331,4727139,542975,01:17,Sunday,Bremer,Iowa Route,116,Northbound (NB),Mainline,Not reported,IA 116/IOWA 116,Iowa Route,Not Indicated as an Intersection,Property Damage Only,6000,Ran off road - right,Refused,47,>= 45 and <= 49,Male
20191106923,19-10731,20190403,4518279,658630,22:56,Wednesday,Des Moines,Local Road,9999,Unknown - Not Indicated - Unlocated,Mainline,Not reported,WEST AVE & GARFIELD AVE,Municipal Road,Municipal - Municipal,Suspected Minor Injury Crash,2000,Lost control,Under Influence of Alcohol/Drugs/Medications,35,>= 35 and <= 39,Male
20191107041,19-001799,20190402,4619723,451670,16:20,Tuesday,Polk,Local Road,9999,Unknown - Not Indicated - Unlocated,Mainline,Not reported,SE UEHLAMAR DR & SE DELAWARE AVE,Municipal Road,Municipal - Municipal,Property Damage Only,6500,Lost control,Alcohol (Statutory),25,>= 25 and <= 29,Male
20191107041,19-001799,20190402,4619723,451670,16:20,Tuesday,Polk,Local Road,9999,Unknown - Not Indicated - Unlocated,Mainline,Not reported,SE UEHLAMAR DR & SE DELAWARE AVE,Municipal Road,Municipal - Municipal,Property Damage Only,6500,Lost control,Alcohol (Statutory),200,,Not reported
20191107086,2019-002423,20190404,4707677,686825,16:34,Thursday,Dubuque,Local Road,9999,Unknown - Not Indicated - Unlocated,Mainline,Not reported,BIES DR,Municipal Road,Not Indicated as an Intersection,Property Damage Only,36000,Ran off road - straight,Refused,61,>= 60 and <= 64,Male
20191107086,2019-002423,20190404,4707677,686825,16:34,Thursday,Dubuque,Local Road,9999,Unknown - Not Indicated - Unlocated,Mainline,Not reported,BIES DR,Municipal Road,Not Indicated as an Intersection,Property Damage Only,36000,Ran off road - straight,Refused,200,,Not reported
20191107107,19005715,20190405,4722143,538182,06:42,Friday,Bremer,Local Road,9999,Unknown - Not Indicated - Unlocated,Mainline,Not reported,BADGER AVE,Secondary Road,Not Indicated as an Intersection,Property Damage Only,1500,Ran off road - left,Alcohol (Statutory),53,>= 50 and <= 54,Female
20191107133,CL201900275,20190331,4776086,468717,02:05,Sunday,Cerro Gordo,Local Road,9999,Unknown - Not Indicated - Unlocated,Mainline,Not reported,2ND AVE N & N SHORE DR,Municipal Road,Municipal - Municipal,Property Damage Only,5000,Lost control,Alcohol (Statutory),200,,Not reported
20191107133,CL201900275,20190331,4776086,468717,02:05,Sunday,Cerro Gordo,Local Road,9999,Unknown - Not Indicated - Unlocated,Mainline,Not reported,2ND AVE N & N SHORE DR,Municipal Road,Municipal - Municipal,Property Damage Only,5000,Lost control,Alcohol (Statutory),37,>= 35 and <= 39,Female
20191107148,2019003112,20190403,4610138,624938,02:34,Wednesday,Johnson,Local Road,9999,Unknown - Not Indicated - Unlocated,Mainline,Not reported,WHISPERING PRAIRIE AVE,Municipal Road,Not Indicated as an Intersection,Suspected Minor Injury Crash,600,Operating vehicle in an reckless, erratic, careless, negligent manner,Refused,28,>= 25 and <= 29,Female
20191107190,19-007785,20190406,4568487,260106,02:45,Saturday,Pottawattamie,Interstate,29,No Travel Direction Consistent with Route,Mainline,Not reported,I-29,Interstate,Not Indicated as an Intersection,Property Damage Only,2000,Ran off road - right,Alcohol (Statutory),58,>= 55 and <= 59,Not reported
20191107209,20190009917,20190406,4606301,442248,00:51,Saturday,Polk,Local Road,9999,Unknown - Not Indicated - Unlocated,Mainline,Not reported,55TH ST,Municipal Road,Not Indicated as an Intersection,Suspected Minor Injury Crash,13000,Exceeded authorized speed,Alcohol (Statutory),200,,Not reported
20191107209,20190009917,20190406,4606301,442248,00:51,Saturday,Polk,Local Road,9999,Unknown - Not Indicated - Unlocated,Mainline,Not reported,55TH ST,Municipal Road,Not Indicated as an Intersection,Suspected Minor Injury Crash,13000,Exceeded authorized speed,Alcohol (Statutory),22,>= 21 and <= 24,Female
20191107242,J19000304,20190406,4608485,620557,18:59,Saturday,Johnson,US Route,218,Southbound (SB),Mainline,Not reported,US 218,US Route,Not Indicated as an Intersection,Possible/Unknown Injury Crash,7000,Driver Distraction:  Other interior distraction,Refused,33,>= 30 and <= 34,Male
20191107308,20190010046,20190407,4600316,448017,09:43,Sunday,Polk,Local Road,9999,Unknown - Not Indicated - Unlocated,Mainline,Not reported,SW 7TH ST,Municipal Road,Not Indicated as an Intersection,Property Damage Only,4000,Lost control,Alcohol (Statutory),23,>= 21 and <= 24,Male
20191107308,20190010046,20190407,4600316,448017,09:43,Sunday,Polk,Local Road,9999,Unknown - Not Indicated - Unlocated,Mainline,Not reported,SW 7TH ST,Municipal Road,Not Indicated as an Intersection,Property Damage Only,4000,Lost control,Alcohol (Statutory),200,,Not reported
20191107309,20190010049,20190407,4600204,448016,09:43,Sunday,Polk,Local Road,9999,Unknown - Not Indicated - Unlocated,Mainline,Not reported,THORNTON AVE & SW 7TH ST,Municipal Road,Municipal - Municipal,Property Damage Only,5000,Lost control,Alcohol (Statutory),23,>= 21 and <= 24,Male
20191107309,20190010049,20190407,4600204,448016,09:43,Sunday,Polk,Local Road,9999,Unknown - Not Indicated - Unlocated,Mainline,Not reported,THORNTON AVE & SW 7TH ST,Municipal Road,Municipal - Municipal,Property Damage Only,5000,Lost control,Alcohol (Statutory),200,,Not reported
20191107336,191377,20190407,4650351,303915,02:42,Sunday,Crawford,US Route,59,Southbound (SB),Mainline,Not reported,US 59,US Route,Not Indicated as an Intersection,Property Damage Only,4500,Exceeded authorized speed,Alcohol (Statutory),24,>= 21 and <= 24,Male
20191107349,19-000320,20190324,4654503,446945,01:53,Sunday,Story,Local Road,9999,Unknown - Not Indicated - Unlocated,Mainline,Not reported,STOTTS RD & BLANKENBURG DR,Institutional Road,Institutions - Institutions,Property Damage Only,9500,Operating vehicle in an reckless, erratic, careless, negligent manner,Alcohol (Statutory),200,,Not reported
20191107349,19-000320,20190324,4654503,446945,01:53,Sunday,Story,Local Road,9999,Unknown - Not Indicated - Unlocated,Mainline,Not reported,STOTTS RD & BLANKENBURG DR,Institutional Road,Institutions - Institutions,Property Damage Only,9500,Operating vehicle in an reckless, erratic, careless, negligent manner,Alcohol (Statutory),20,= 20,Female
20191107379,2019-002501,20190407,4707051,691851,16:08,Sunday,Dubuque,US Route,20,Eastbound (EB),Mainline,Not reported,US 20/DODGE ST,US Route,Not Indicated as an Intersection,Suspected Minor Injury Crash,19000,Driver Distraction:  Reaching for object(s)/fallen object(s),Alcohol (Statutory),52,>= 50 and <= 54,Male
20191107379,2019-002501,20190407,4707051,691851,16:08,Sunday,Dubuque,US Route,20,Eastbound (EB),Mainline,Not reported,US 20/DODGE ST,US Route,Not Indicated as an Intersection,Suspected Minor Injury Crash,19000,Driver Distraction:  Reaching for object(s)/fallen object(s),Alcohol (Statutory),26,>= 25 and <= 29,Male
20191107379,2019-002501,20190407,4707051,691851,16:08,Sunday,Dubuque,US Route,20,Eastbound (EB),Mainline,Not reported,US 20/DODGE ST,US Route,Not Indicated as an Intersection,Suspected Minor Injury Crash,19000,Driver Distraction:  Reaching for object(s)/fallen object(s),Alcohol (Statutory),62,>= 60 and <= 64,Male
20191107443,201905070,20190331,4648114,610074,22:39,Sunday,Linn,Iowa Route,922,No Travel Direction Consistent with Route,Mainline,Not reported,IA 922/1ST AVE W,Iowa Route,Not Indicated as an Intersection,Suspected Minor Injury Crash,15000,Lost control,Alcohol (Statutory),29,>= 25 and <= 29,Male
20191107443,201905070,20190331,4648114,610074,22:39,Sunday,Linn,Iowa Route,922,No Travel Direction Consistent with Route,Mainline,Not reported,IA 922/1ST AVE W,Iowa Route,Not Indicated as an Intersection,Suspected Minor Injury Crash,15000,Lost control,Alcohol (Statutory),200,,Not reported
20191107458,2019008850,20190329,4558148,258363,22:15,Friday,Mills,Local Road,9999,Unknown - Not Indicated - Unlocated,Mainline,Not reported,BUNGE AVE,Secondary Road,Not Indicated as an Intersection,Suspected Minor Injury Crash,12400,Ran off road - right,Alcohol (Statutory),25,>= 25 and <= 29,Male
20191107474,20190010142,20190408,4606834,445246,06:28,Monday,Polk,Local Road,9999,Unknown - Not Indicated - Unlocated,Mainline,Not reported,FRANKLIN AVE,Municipal Road,Not Indicated as an Intersection,Suspected Minor Injury Crash,4000,Ran off road - straight,Under Influence of Alcohol/Drugs/Medications,20,= 20,Male
20191107520,19-01808,20190408,4601123,435266,21:10,Monday,Polk,Local Road,9999,Unknown - Not Indicated - Unlocated,Mainline,Not reported,MILLS CIVIC PKWY,Municipal Road,Not Indicated as an Intersection,Possible/Unknown Injury Crash,21000,Ran traffic signal,Under Influence of Alcohol/Drugs/Medications,23,>= 21 and <= 24,Unknown
20191107520,19-01808,20190408,4601123,435266,21:10,Monday,Polk,Local Road,9999,Unknown - Not Indicated - Unlocated,Mainline,Not reported,MILLS CIVIC PKWY,Municipal Road,Not Indicated as an Intersection,Possible/Unknown Injury Crash,21000,Ran traffic signal,Under Influence of Alcohol/Drugs/Medications,39,>= 35 and <= 39,Male
20191107520,19-01808,20190408,4601123,435266,21:10,Monday,Polk,Local Road,9999,Unknown - Not Indicated - Unlocated,Mainline,Not reported,MILLS CIVIC PKWY,Municipal Road,Not Indicated as an Intersection,Possible/Unknown Injury Crash,21000,Ran traffic signal,Under Influence of Alcohol/Drugs/Medications,17,= 17,Male
20191107522,2019-12039,20190406,4614619,686031,05:33,Saturday,Scott,Iowa Route,130,No Travel Direction Consistent with Route,Mainline,Not reported,IA 130/NEW LIBERTY RD,Iowa Route,Not Indicated as an Intersection,Possible/Unknown Injury Crash,7800,Driver Distraction:  Exterior distraction,Alcohol (Statutory),32,>= 30 and <= 34,Female
20191107522,2019-12039,20190406,4614619,686031,05:33,Saturday,Scott,Iowa Route,130,No Travel Direction Consistent with Route,Mainline,Not reported,IA 130/NEW LIBERTY RD,Iowa Route,Not Indicated as an Intersection,Possible/Unknown Injury Crash,7800,Driver Distraction:  Exterior distraction,Alcohol (Statutory),24,>= 21 and <= 24,Male
20191107533,19-10859,20190406,4460000,190000,17:29,Saturday,Woodbury,Construction,9999,Unknown - Not Indicated - Unlocated,Mainline,Not reported,,Unknown,Not Indicated as an Intersection,Property Damage Only,3200,Operating vehicle in an reckless, erratic, careless, negligent manner,Alcohol (Statutory),38,>= 35 and <= 39,Female
20191107538,19-11000,20190407,4710100,218581,21:50,Sunday,Woodbury,Farm to Market Route,9999,Unknown - Not Indicated - Unlocated,Mainline,Not reported,HAMILTON BLVD,Municipal Road,Not Indicated as an Intersection,Property Damage Only,4737,Followed too close,Under Influence of Alcohol/Drugs/Medications,41,>= 40 and <= 44,Male
20191107538,19-11000,20190407,4710100,218581,21:50,Sunday,Woodbury,Farm to Market Route,9999,Unknown - Not Indicated - Unlocated,Mainline,Not reported,HAMILTON BLVD,Municipal Road,Not Indicated as an Intersection,Property Damage Only,4737,Followed too close,Under Influence of Alcohol/Drugs/Medications,56,>= 55 and <= 59,Female
20191107570,20190010113,20190407,4605821,445132,23:14,Sunday,Polk,Local Road,9999,Unknown - Not Indicated - Unlocated,Mainline,Not reported,CARPENTER AVE & 30TH ST & 31ST ST,Municipal Road,Municipal - Municipal,Property Damage Only,5000,Followed too close,Under Influence of Alcohol/Drugs/Medications,27,>= 25 and <= 29,Male
20191107570,20190010113,20190407,4605821,445132,23:14,Sunday,Polk,Local Road,9999,Unknown - Not Indicated - Unlocated,Mainline,Not reported,CARPENTER AVE & 30TH ST & 31ST ST,Municipal Road,Municipal - Municipal,Property Damage Only,5000,Followed too close,Under Influence of Alcohol/Drugs/Medications,57,>= 55 and <= 59,Female
20191107587,1904016,20190408,4510905,327334,17:36,Monday,Page,Local Road,9999,Unknown - Not Indicated - Unlocated,Mainline,Not reported,S 20TH ST,Municipal Road,Not Indicated as an Intersection,Suspected Serious Injury Crash,4000,Lost control,Under Influence of Alcohol/Drugs/Medications,51,>= 50 and <= 54,Male
20191107593,19-006119,20190406,4761104,584466,01:20,Saturday,Fayette,Local Road,9999,Unknown - Not Indicated - Unlocated,Mainline,Not reported,250TH ST,Secondary Road,Not Indicated as an Intersection,Property Damage Only,3700,Ran off road - right,Alcohol (Statutory),27,>= 25 and <= 29,Female
20191107650,19-0273,20190403,4607249,440617,19:58,Wednesday,Polk,US Route,6,Eastbound (EB),Mainline,Not reported,US 6/HICKMAN RD,US Route,Not Indicated as an Intersection,Property Damage Only,1500,Failed to keep in proper lane,Under Influence of Alcohol/Drugs/Medications,21,>= 21 and <= 24,Male
20191107650,19-0273,20190403,4607249,440617,19:58,Wednesday,Polk,US Route,6,Eastbound (EB),Mainline,Not reported,US 6/HICKMAN RD,US Route,Not Indicated as an Intersection,Property Damage Only,1500,Failed to keep in proper lane,Under Influence of Alcohol/Drugs/Medications,68,>= 65 and <= 69,Male
20191107734,20190010015,20190406,4604785,444211,23:00,Saturday,Polk,Interstate,235,Westbound (WB),Mainline,Not reported,I-235,Interstate,Not Indicated as an Intersection,Suspected Minor Injury Crash,5500,Ran off road - right,Alcohol (Statutory),34,>= 30 and <= 34,Female
20191107735,2019008887,20190330,4783581,631866,20:42,Saturday,Allamakee,Iowa Route,76,Both North and South,Mainline,Not reported,IA 76/IOWA 76,Iowa Route,Not Indicated as an Intersection,Suspected Minor Injury Crash,34000,Ran off road - left,Refused,17,= 17,Male
20191107735,2019008887,20190330,4783581,631866,20:42,Saturday,Allamakee,Iowa Route,76,Both North and South,Mainline,Not reported,IA 76/IOWA 76,Iowa Route,Not Indicated as an Intersection,Suspected Minor Injury Crash,34000,Ran off road - left,Refused,28,>= 25 and <= 29,Not reported
20191107771,201900017239,20190403,4539618,551968,15:02,Wednesday,Wapello,Farm to Market Route,9999,Unknown - Not Indicated - Unlocated,Mainline,Not reported,E MAIN ST,Municipal Road,Not Indicated as an Intersection,Suspected Minor Injury Crash,8000,Driver Distraction:  Other interior distraction,Refused,44,>= 40 and <= 44,Male
20191107788,201905430,20190406,4649857,612292,20:58,Saturday,Linn,Iowa Route,922,Northbound (NB),Mainline,Not reported,IA 922/1ST AVE E & 19TH ST SE & 19TH ST NE,Iowa Route,IA Route - Municipal,Suspected Minor Injury Crash,1500,Lost control,Refused,43,>= 40 and <= 44,Male
20191107789,201905473,20190407,4644712,603136,19:34,Sunday,Linn,Farm to Market Route,9999,Unknown - Not Indicated - Unlocated,Mainline,Not reported,STONY POINT RD SW,Municipal Road,Not Indicated as an Intersection,Possible/Unknown Injury Crash,10000,Exceeded authorized speed,Alcohol (Statutory),23,>= 21 and <= 24,Male
20191107789,201905473,20190407,4644712,603136,19:34,Sunday,Linn,Farm to Market Route,9999,Unknown - Not Indicated - Unlocated,Mainline,Not reported,STONY POINT RD SW,Municipal Road,Not Indicated as an Intersection,Possible/Unknown Injury Crash,10000,Exceeded authorized speed,Alcohol (Statutory),34,>= 30 and <= 34,Male
20191107871,C19001254,20190405,4616429,615794,21:11,Friday,Johnson,Iowa Route,965,Northbound (NB),Mainline,Not reported,IA 965/CORAL RIDGE AVE,Iowa Route,Not Indicated as an Intersection,Suspected Minor Injury Crash,13000,Followed too close,Alcohol (Statutory),43,>= 40 and <= 44,Male
20191107871,C19001254,20190405,4616429,615794,21:11,Friday,Johnson,Iowa Route,965,Northbound (NB),Mainline,Not reported,IA 965/CORAL RIDGE AVE,Iowa Route,Not Indicated as an Intersection,Suspected Minor Injury Crash,13000,Followed too close,Alcohol (Statutory),20,= 20,Female
20191107875,C19001318,20190410,4614085,619255,20:07,Wednesday,Johnson,US Route,6,Eastbound (EB),Mainline,Not reported,US 6/2ND ST & 2ND AVE,US Route,US Route - Municipal,Property Damage Only,13000,Operating vehicle in an reckless, erratic, careless, negligent manner,Refused,31,>= 30 and <= 34,Male
20191107875,C19001318,20190410,4614085,619255,20:07,Wednesday,Johnson,US Route,6,Eastbound (EB),Mainline,Not reported,US 6/2ND ST & 2ND AVE,US Route,US Route - Municipal,Property Damage Only,13000,Operating vehicle in an reckless, erratic, careless, negligent manner,Refused,26,>= 25 and <= 29,Female
20191107880,19-2453,20190405,4609742,449986,02:26,Friday,Polk,US Route,69,Northbound (NB),Mainline,Not reported,US 69/NE 14TH ST,US Route,Not Indicated as an Intersection,Suspected Minor Injury Crash,3500,Operating vehicle in an reckless, erratic, careless, negligent manner,Under Influence of Alcohol/Drugs/Medications,35,>= 35 and <= 39,Male
20191107930,S19-4790,20190408,4707927,227001,17:21,Monday,Woodbury,US Route,20,Ramp,Ramp,Not reported,US 20/NE LOOP,US Route,Not Indicated as an Intersection,Property Damage Only,5500,99,Alcohol (Statutory),46,>= 45 and <= 49,Female
20191107930,S19-4790,20190408,4707927,227001,17:21,Monday,Woodbury,US Route,20,Ramp,Ramp,Not reported,US 20/NE LOOP,US Route,Not Indicated as an Intersection,Property Damage Only,5500,99,Alcohol (Statutory),62,>= 60 and <= 64,Male
20191107967,19-1159,20190328,4607219,719108,00:54,Thursday,Scott,Interstate,80,Ramp,Ramp,Not reported,I-80,Interstate,Not Indicated as an Intersection,Suspected Minor Injury Crash,12000,Ran off road - right,Alcohol (Statutory),44,>= 40 and <= 44,Male
20191108028,MC1901335,20190407,4776674,485270,15:25,Sunday,Cerro Gordo,Farm to Market Route,9999,Unknown - Not Indicated - Unlocated,Mainline,Not reported,PARK LN & 9TH ST SE & S KENTUCKY AVE,Municipal Road,Municipal - Municipal,Property Damage Only,1750,Operating vehicle in an reckless, erratic, careless, negligent manner,Refused,60,>= 60 and <= 64,Male