Case Number,Law Enforcement Case Number,Date of Crash,Y-Coordinate (UTM NAD 83 Zone 15),X-Coordinate (UTM NAD 83 Zone 15),Time,Day of Week,County,Road System,Route,Cardinal Direction of Vehicles,Mainline or Ramp,Overpass/Underpass Information,Derived Literal Description,Road Classification,Intersection Class,Crash Severity,Amount of Property Damage,Major Cause,Drug or Alcohol Related,Driver Age,Driver Age - 5 year Bins,Driver Gender
20191108028,MC1901335,20190407,4776674,485270,15:25,Sunday,Cerro Gordo,Farm to Market Route,9999,Unknown - Not Indicated - Unlocated,Mainline,Not reported,PARK LN & 9TH ST SE & S KENTUCKY AVE,Municipal Road,Municipal - Municipal,Property Damage Only,1750,Operating vehicle in an reckless, erratic, careless, negligent manner,Refused,67,>= 65 and <= 69,Male
20191108029,MC1901337,20190407,4777746,480433,18:47,Sunday,Cerro Gordo,Local Road,9999,Unknown - Not Indicated - Unlocated,Mainline,Not reported,S TAFT AVE & W STATE ST & N TAFT AVE,Municipal Road,Municipal - Municipal,Property Damage Only,10000,FTYROW:  From stop sign,Alcohol (Statutory),58,>= 55 and <= 59,Female
20191108029,MC1901337,20190407,4777746,480433,18:47,Sunday,Cerro Gordo,Local Road,9999,Unknown - Not Indicated - Unlocated,Mainline,Not reported,S TAFT AVE & W STATE ST & N TAFT AVE,Municipal Road,Municipal - Municipal,Property Damage Only,10000,FTYROW:  From stop sign,Alcohol (Statutory),34,>= 30 and <= 34,Male
20191108045,19-013772,20190411,4588264,663388,00:29,Thursday,Muscatine,Farm to Market Route,9999,Unknown - Not Indicated - Unlocated,Mainline,Not reported,E 8TH ST,Municipal Road,Not Indicated as an Intersection,Property Damage Only,28500,Lost control,Alcohol (Statutory),200,,Not reported
20191108045,19-013772,20190411,4588264,663388,00:29,Thursday,Muscatine,Farm to Market Route,9999,Unknown - Not Indicated - Unlocated,Mainline,Not reported,E 8TH ST,Municipal Road,Not Indicated as an Intersection,Property Damage Only,28500,Lost control,Alcohol (Statutory),200,,Not reported
20191108045,19-013772,20190411,4588264,663388,00:29,Thursday,Muscatine,Farm to Market Route,9999,Unknown - Not Indicated - Unlocated,Mainline,Not reported,E 8TH ST,Municipal Road,Not Indicated as an Intersection,Property Damage Only,28500,Lost control,Alcohol (Statutory),200,,Not reported
20191108045,19-013772,20190411,4588264,663388,00:29,Thursday,Muscatine,Farm to Market Route,9999,Unknown - Not Indicated - Unlocated,Mainline,Not reported,E 8TH ST,Municipal Road,Not Indicated as an Intersection,Property Damage Only,28500,Lost control,Alcohol (Statutory),200,,Not reported
20191108045,19-013772,20190411,4588264,663388,00:29,Thursday,Muscatine,Farm to Market Route,9999,Unknown - Not Indicated - Unlocated,Mainline,Not reported,E 8TH ST,Municipal Road,Not Indicated as an Intersection,Property Damage Only,28500,Lost control,Alcohol (Statutory),39,>= 35 and <= 39,Male
20191108046,19-2625,20190412,4610818,452061,01:03,Friday,Polk,Interstate,35,Ramp,Ramp,Not reported,I-35 & I-235,Interstate,Interstate - Interstate,Suspected Minor Injury Crash,23200,Ran off road - right,Alcohol (Statutory),29,>= 25 and <= 29,Male
20191108054,201901230,20190411,4643602,602904,13:18,Thursday,Linn,US Route,151,Northbound (NB),Mainline,Not reported,US 151/WILLIAMS BLVD,US Route,Not Indicated as an Intersection,Property Damage Only,3000,Crossed centerline (undivided),Alcohol (Statutory),60,>= 60 and <= 64,Male
20191108054,201901230,20190411,4643602,602904,13:18,Thursday,Linn,US Route,151,Northbound (NB),Mainline,Not reported,US 151/WILLIAMS BLVD,US Route,Not Indicated as an Intersection,Property Damage Only,3000,Crossed centerline (undivided),Alcohol (Statutory),55,>= 55 and <= 59,Male
20191108076,20190010607,20190412,4607441,443924,02:45,Friday,Polk,Local Road,9999,Unknown - Not Indicated - Unlocated,Mainline,Not reported,HOLCOMB AVE & BEAVER AVE,Municipal Road,Municipal - Municipal,Property Damage Only,3000,Driver Distraction:  Manual operation of an electronic communication device,Alcohol (Statutory),200,,Not reported
20191108076,20190010607,20190412,4607441,443924,02:45,Friday,Polk,Local Road,9999,Unknown - Not Indicated - Unlocated,Mainline,Not reported,HOLCOMB AVE & BEAVER AVE,Municipal Road,Municipal - Municipal,Property Damage Only,3000,Driver Distraction:  Manual operation of an electronic communication device,Alcohol (Statutory),24,>= 21 and <= 24,Female
20191108097,201904106,20190316,4651358,613200,02:02,Saturday,Linn,Farm to Market Route,9999,Unknown - Not Indicated - Unlocated,Mainline,Not reported,29TH ST DR SE,Municipal Road,Not Indicated as an Intersection,Property Damage Only,5000,Ran off road - right,Alcohol (Statutory),200,,Not reported
20191108097,201904106,20190316,4651358,613200,02:02,Saturday,Linn,Farm to Market Route,9999,Unknown - Not Indicated - Unlocated,Mainline,Not reported,29TH ST DR SE,Municipal Road,Not Indicated as an Intersection,Property Damage Only,5000,Ran off road - right,Alcohol (Statutory),49,>= 45 and <= 49,Male
20191108097,201904106,20190316,4651358,613200,02:02,Saturday,Linn,Farm to Market Route,9999,Unknown - Not Indicated - Unlocated,Mainline,Not reported,29TH ST DR SE,Municipal Road,Not Indicated as an Intersection,Property Damage Only,5000,Ran off road - right,Alcohol (Statutory),200,,Not reported
20191108097,201904106,20190316,4651358,613200,02:02,Saturday,Linn,Farm to Market Route,9999,Unknown - Not Indicated - Unlocated,Mainline,Not reported,29TH ST DR SE,Municipal Road,Not Indicated as an Intersection,Property Damage Only,5000,Ran off road - right,Alcohol (Statutory),200,,Not reported
20191108104,201904418,20190320,4646554,609088,21:49,Wednesday,Linn,Local Road,9999,Unknown - Not Indicated - Unlocated,Mainline,Not reported,11TH ST SW,Municipal Road,Not Indicated as an Intersection,Possible/Unknown Injury Crash,2000,Ran off road - right,Under Influence of Alcohol/Drugs/Medications,40,>= 40 and <= 44,Male
20191108126,90-19-126,20190331,4731897,392938,03:30,Sunday,Humboldt,Iowa Route,3,Eastbound (EB),Mainline,Not reported,IA 3/220TH ST,Iowa Route,Not Indicated as an Intersection,Suspected Minor Injury Crash,5000,Ran off road - left,Under Influence of Alcohol/Drugs/Medications,37,>= 35 and <= 39,Female
20191108188,19-4803,20190412,4680990,710671,22:20,Friday,Jackson,Farm to Market Route,9999,Unknown - Not Indicated - Unlocated,Mainline,Not reported,Co Rd D61/BELLEVUE-CASCADE RD,Secondary Road,Not Indicated as an Intersection,Property Damage Only,6500,Operating vehicle in an reckless, erratic, careless, negligent manner,Alcohol (Statutory),17,= 17,Male
20191108188,19-4803,20190412,4680990,710671,22:20,Friday,Jackson,Farm to Market Route,9999,Unknown - Not Indicated - Unlocated,Mainline,Not reported,Co Rd D61/BELLEVUE-CASCADE RD,Secondary Road,Not Indicated as an Intersection,Property Damage Only,6500,Operating vehicle in an reckless, erratic, careless, negligent manner,Alcohol (Statutory),26,>= 25 and <= 29,Male
20191108193,W19-026717,20190405,4703661,555060,20:10,Friday,Black Hawk,Local Road,9999,Unknown - Not Indicated - Unlocated,Mainline,Not reported,MINNESOTA ST,Municipal Road,Not Indicated as an Intersection,Property Damage Only,6500,Operating vehicle in an reckless, erratic, careless, negligent manner,Refused,42,>= 40 and <= 44,Female
20191108193,W19-026717,20190405,4703661,555060,20:10,Friday,Black Hawk,Local Road,9999,Unknown - Not Indicated - Unlocated,Mainline,Not reported,MINNESOTA ST,Municipal Road,Not Indicated as an Intersection,Property Damage Only,6500,Operating vehicle in an reckless, erratic, careless, negligent manner,Refused,200,,Not reported
20191108205,19-005066,20190411,4718383,260509,01:38,Thursday,Plymouth,Farm to Market Route,9999,Unknown - Not Indicated - Unlocated,Mainline,Not reported,Co Rd L21/SHAMROCK AVE,Secondary Road,Not Indicated as an Intersection,Suspected Minor Injury Crash,10000,Ran off road - right,Refused,27,>= 25 and <= 29,Male
20191108212,20190010740,20190413,4598947,450216,02:24,Saturday,Polk,US Route,69,No Travel Direction Consistent with Route,Mainline,Not reported,US 69/SE 14TH ST & E MCKINLEY AVE,US Route,US Route - Municipal,Suspected Minor Injury Crash,1500,Operating vehicle in an reckless, erratic, careless, negligent manner,Alcohol (Statutory),47,>= 45 and <= 49,Male
20191108353,J19000318,20190413,4627054,612445,04:06,Saturday,Johnson,Interstate,380,Southbound (SB),Mainline,Not reported,I-380,Interstate,Not Indicated as an Intersection,Suspected Serious Injury Crash,10000,Ran off road - right,Alcohol (Statutory),35,>= 35 and <= 39,Female
20191108369,19-007193,20190413,4558251,486859,05:01,Saturday,Marion,Farm to Market Route,9999,Unknown - Not Indicated - Unlocated,Mainline,Not reported,VIRGINIA ST,Secondary Road,Not Indicated as an Intersection,Suspected Minor Injury Crash,5000,Ran off road - right,Alcohol (Statutory),18,= 18,Male
20191108411,19-006105,20190414,4547583,260258,00:41,Sunday,Mills,US Route,34,Westbound (WB),Mainline,Not reported,US 34,US Route,Not Indicated as an Intersection,Suspected Minor Injury Crash,8000,Driver Distraction:  Other interior distraction,Alcohol (Statutory),26,>= 25 and <= 29,Female
20191108496,19-11887,20190413,4517590,660606,17:23,Saturday,Des Moines,Local Road,9999,Unknown - Not Indicated - Unlocated,Mainline,Not reported,GLENN AVE & RIVER ST,Municipal Road,Municipal - Municipal,Suspected Minor Injury Crash,110000,Unknown,Alcohol (< Statutory),54,>= 50 and <= 54,Male
20191108506,19015210,20190407,4655374,506797,18:11,Sunday,Marshall,Local Road,9999,Unknown - Not Indicated - Unlocated,Mainline,Not reported,W STATE ST & N 3RD ST,Municipal Road,Municipal - Municipal,Property Damage Only,5000,FTYROW:  From stop sign,Under Influence of Alcohol/Drugs/Medications,18,= 18,Male
20191108506,19015210,20190407,4655374,506797,18:11,Sunday,Marshall,Local Road,9999,Unknown - Not Indicated - Unlocated,Mainline,Not reported,W STATE ST & N 3RD ST,Municipal Road,Municipal - Municipal,Property Damage Only,5000,FTYROW:  From stop sign,Under Influence of Alcohol/Drugs/Medications,47,>= 45 and <= 49,Female
20191108553,19-008198,20190415,4571952,258299,23:40,Monday,Pottawattamie,Local Road,9999,Unknown - Not Indicated - Unlocated,Mainline,Not reported,AVE A,Municipal Road,Not Indicated as an Intersection,Property Damage Only,8000,Other,Refused,43,>= 40 and <= 44,Male
20191108553,19-008198,20190415,4571952,258299,23:40,Monday,Pottawattamie,Local Road,9999,Unknown - Not Indicated - Unlocated,Mainline,Not reported,AVE A,Municipal Road,Not Indicated as an Intersection,Property Damage Only,8000,Other,Refused,34,>= 30 and <= 34,Male
20191108557,2019-000825,20190321,4698728,688094,04:30,Thursday,Dubuque,US Route,151,No Travel Direction Consistent with Route,Mainline,Not reported,US 151,US Route,Not Indicated as an Intersection,Property Damage Only,10000,Ran off road - right,Alcohol (Statutory),32,>= 30 and <= 34,Male
20191108573,19-014161,20190414,4593605,683260,02:46,Sunday,Muscatine,Farm to Market Route,9999,Unknown - Not Indicated - Unlocated,Mainline,Not reported,Co Rd Y36/ZACHARY AVE,Secondary Road,Not Indicated as an Intersection,Suspected Minor Injury Crash,10000,Ran off road - left,Refused,33,>= 30 and <= 34,Female
20191108574,19009088,20190415,4657710,614351,18:29,Monday,Linn,Farm to Market Route,9999,Unknown - Not Indicated - Unlocated,Mainline,Not reported,Co Rd W58/ALBURNETT RD,Secondary Road,Not Indicated as an Intersection,Property Damage Only,2500,Operating vehicle in an reckless, erratic, careless, negligent manner,Alcohol (Statutory),37,>= 35 and <= 39,Female
20191108586,19006254,20190416,4545197,288716,01:11,Tuesday,Mills,US Route,34,Eastbound (EB),Mainline,Not reported,US 34,US Route,Not Indicated as an Intersection,Possible/Unknown Injury Crash,5000,Driver Distraction:  Talking on a hand-held device,Under Influence of Alcohol/Drugs/Medications,25,>= 25 and <= 29,Female
20191108671,19003387,20190415,4553950,652944,19:55,Monday,Louisa,US Route,61,Southbound (SB),Mainline,Not reported,US 61,US Route,Not Indicated as an Intersection,Property Damage Only,4000,Ran off road - right,Refused,52,>= 50 and <= 54,Male
20191108672,2019-27770,20190408,4603653,703176,19:08,Monday,Scott,US Route,6,Eastbound (EB),Mainline,Not reported,US 6/E KIMBERLY RD & DAVENPORT AVE,US Route,US Route - Municipal,Possible/Unknown Injury Crash,5906,Followed too close,Alcohol (Statutory),41,>= 40 and <= 44,Male
20191108672,2019-27770,20190408,4603653,703176,19:08,Monday,Scott,US Route,6,Eastbound (EB),Mainline,Not reported,US 6/E KIMBERLY RD & DAVENPORT AVE,US Route,US Route - Municipal,Possible/Unknown Injury Crash,5906,Followed too close,Alcohol (Statutory),28,>= 25 and <= 29,Male
20191108768,19-000612,20190416,4610579,461927,02:25,Tuesday,Polk,Local Road,9999,Unknown - Not Indicated - Unlocated,Mainline,Not reported,7TH ST SE & 7TH AVE SE,Municipal Road,Municipal - Municipal,Property Damage Only,5000,Followed too close,Alcohol (Statutory),60,>= 60 and <= 64,Male
20191108768,19-000612,20190416,4610579,461927,02:25,Tuesday,Polk,Local Road,9999,Unknown - Not Indicated - Unlocated,Mainline,Not reported,7TH ST SE & 7TH AVE SE,Municipal Road,Municipal - Municipal,Property Damage Only,5000,Followed too close,Alcohol (Statutory),28,>= 25 and <= 29,Female
20191108773,20190011133,20190416,4606056,444729,21:47,Tuesday,Polk,Local Road,9999,Unknown - Not Indicated - Unlocated,Mainline,Not reported,34TH ST,Municipal Road,Not Indicated as an Intersection,Possible/Unknown Injury Crash,24500,Operating vehicle in an reckless, erratic, careless, negligent manner,Refused,200,,Not reported
20191108773,20190011133,20190416,4606056,444729,21:47,Tuesday,Polk,Local Road,9999,Unknown - Not Indicated - Unlocated,Mainline,Not reported,34TH ST,Municipal Road,Not Indicated as an Intersection,Possible/Unknown Injury Crash,24500,Operating vehicle in an reckless, erratic, careless, negligent manner,Refused,200,,Not reported
20191108773,20190011133,20190416,4606056,444729,21:47,Tuesday,Polk,Local Road,9999,Unknown - Not Indicated - Unlocated,Mainline,Not reported,34TH ST,Municipal Road,Not Indicated as an Intersection,Possible/Unknown Injury Crash,24500,Operating vehicle in an reckless, erratic, careless, negligent manner,Refused,23,>= 21 and <= 24,Male
20191108798,19001757,20190405,4652105,446483,19:16,Friday,Story,Local Road,9999,Unknown - Not Indicated - Unlocated,Mainline,Not reported,KNAPP ST & LYNN AVE,Municipal Road,Municipal - Municipal,Property Damage Only,8000,Followed too close,Alcohol (Statutory),64,>= 60 and <= 64,Male
20191108798,19001757,20190405,4652105,446483,19:16,Friday,Story,Local Road,9999,Unknown - Not Indicated - Unlocated,Mainline,Not reported,KNAPP ST & LYNN AVE,Municipal Road,Municipal - Municipal,Property Damage Only,8000,Followed too close,Alcohol (Statutory),35,>= 35 and <= 39,Male
20191108893,,20190416,4499495,640915,00:57,Tuesday,Lee,Local Road,9999,Unknown - Not Indicated - Unlocated,Mainline,Not reported,AVE D,Municipal Road,Not Indicated as an Intersection,Suspected Minor Injury Crash,11000,Lost control,Alcohol (Statutory),200,,Not reported
20191108893,,20190416,4499495,640915,00:57,Tuesday,Lee,Local Road,9999,Unknown - Not Indicated - Unlocated,Mainline,Not reported,AVE D,Municipal Road,Not Indicated as an Intersection,Suspected Minor Injury Crash,11000,Lost control,Alcohol (Statutory),20,= 20,Male
20191108893,,20190416,4499495,640915,00:57,Tuesday,Lee,Local Road,9999,Unknown - Not Indicated - Unlocated,Mainline,Not reported,AVE D,Municipal Road,Not Indicated as an Intersection,Suspected Minor Injury Crash,11000,Lost control,Alcohol (Statutory),200,,Not reported
20191108920,C19001414,20190417,4615227,618160,21:01,Wednesday,Johnson,Farm to Market Route,9999,Unknown - Not Indicated - Unlocated,Mainline,Not reported,12TH AVE,Municipal Road,Not Indicated as an Intersection,Property Damage Only,16000,Failed to keep in proper lane,Refused,21,>= 21 and <= 24,Female
20191108920,C19001414,20190417,4615227,618160,21:01,Wednesday,Johnson,Farm to Market Route,9999,Unknown - Not Indicated - Unlocated,Mainline,Not reported,12TH AVE,Municipal Road,Not Indicated as an Intersection,Property Damage Only,16000,Failed to keep in proper lane,Refused,200,,Not reported
20191108927,201905028,20190331,4648641,614446,02:18,Sunday,Linn,Local Road,9999,Unknown - Not Indicated - Unlocated,Mainline,Not reported,34TH ST SE,Municipal Road,Not Indicated as an Intersection,Suspected Minor Injury Crash,10000,Ran off road - left,Refused,32,>= 30 and <= 34,Male
20191108935,201905261,20190404,4652040,612742,01:56,Thursday,Linn,Local Road,9999,Unknown - Not Indicated - Unlocated,Mainline,Not reported,34TH ST NE & C AVE NE,Municipal Road,Municipal - Municipal,Property Damage Only,7000,Driver Distraction:  Other interior distraction,Alcohol (Statutory),53,>= 50 and <= 54,Female
20191108961,2019-002762,20190417,4708219,691489,21:19,Wednesday,Dubuque,Local Road,9999,Unknown - Not Indicated - Unlocated,Mainline,Not reported,LOCUST ST S,Municipal Road,Not Indicated as an Intersection,Suspected Minor Injury Crash,7500,Traveling wrong way or on wrong side of road,Alcohol (Statutory),200,,Not reported
20191108961,2019-002762,20190417,4708219,691489,21:19,Wednesday,Dubuque,Local Road,9999,Unknown - Not Indicated - Unlocated,Mainline,Not reported,LOCUST ST S,Municipal Road,Not Indicated as an Intersection,Suspected Minor Injury Crash,7500,Traveling wrong way or on wrong side of road,Alcohol (Statutory),29,>= 25 and <= 29,Female
20191108968,19-04106A,20190410,4504463,330155,23:05,Wednesday,Page,Farm to Market Route,9999,Unknown - Not Indicated - Unlocated,Mainline,Not reported,T AVE,Secondary Road,Not Indicated as an Intersection,Property Damage Only,7000,Operating vehicle in an reckless, erratic, careless, negligent manner,Alcohol (Statutory),47,>= 45 and <= 49,Female
20191108991,C19001415,20190417,4616867,616707,21:00,Wednesday,Johnson,Local Road,9999,Unknown - Not Indicated - Unlocated,Mainline,Not reported,HOLIDAY RD,Municipal Road,Not Indicated as an Intersection,Possible/Unknown Injury Crash,2000,Followed too close,Refused,32,>= 30 and <= 34,Female
20191108991,C19001415,20190417,4616867,616707,21:00,Wednesday,Johnson,Local Road,9999,Unknown - Not Indicated - Unlocated,Mainline,Not reported,HOLIDAY RD,Municipal Road,Not Indicated as an Intersection,Possible/Unknown Injury Crash,2000,Followed too close,Refused,21,>= 21 and <= 24,Female
20191108992,SO1901830,20190413,4552262,573797,02:18,Saturday,Jefferson,Farm to Market Route,9999,Unknown - Not Indicated - Unlocated,Mainline,Not reported,COLOMBINE BLVD,Secondary Road,Not Indicated as an Intersection,Property Damage Only,4100,Ran off road - right,Alcohol (Statutory),19,= 19,Male
20191109009,19010792,20190416,4605567,474493,02:33,Tuesday,Jasper,Iowa Route,163,Westbound (WB),Mainline,Not reported,IA 163/IOWA 163 W,Iowa Route,Not Indicated as an Intersection,Possible/Unknown Injury Crash,10000,Driver Distraction:  Other electronic device activity,Alcohol (Statutory),47,>= 45 and <= 49,Female
20191109063,19002201,20190416,4717181,279401,00:18,Tuesday,Cherokee,Farm to Market Route,9999,Unknown - Not Indicated - Unlocated,Mainline,Not reported,Co Rd C66/650TH ST,Secondary Road,Not Indicated as an Intersection,Suspected Minor Injury Crash,5800,Ran off road - right,Under Influence of Alcohol/Drugs/Medications,29,>= 25 and <= 29,Male
20191109075,201905727,20190412,4648124,612825,01:05,Friday,Linn,Farm to Market Route,9999,Unknown - Not Indicated - Unlocated,Mainline,Not reported,MOUNT VERNON RD SE,Municipal Road,Not Indicated as an Intersection,Property Damage Only,55000,Lost control,Refused,45,>= 45 and <= 49,Male
20191109083,20190011346,20190418,4607499,455304,20:35,Thursday,Polk,Local Road,9999,Unknown - Not Indicated - Unlocated,Mainline,Not reported,E 40TH CT,Municipal Road,Not Indicated as an Intersection,Property Damage Only,12500,Operating vehicle in an reckless, erratic, careless, negligent manner,Alcohol (Statutory),200,,Not reported
20191109083,20190011346,20190418,4607499,455304,20:35,Thursday,Polk,Local Road,9999,Unknown - Not Indicated - Unlocated,Mainline,Not reported,E 40TH CT,Municipal Road,Not Indicated as an Intersection,Property Damage Only,12500,Operating vehicle in an reckless, erratic, careless, negligent manner,Alcohol (Statutory),56,>= 55 and <= 59,Female
20191109131,19-014764,20190418,4588501,661686,14:39,Thursday,Muscatine,Local Road,9999,Unknown - Not Indicated - Unlocated,Mainline,Not reported,LOGAN ST,Municipal Road,Not Indicated as an Intersection,Property Damage Only,3000,Operating vehicle in an reckless, erratic, careless, negligent manner,Alcohol (Statutory),200,,Not reported
20191109131,19-014764,20190418,4588501,661686,14:39,Thursday,Muscatine,Local Road,9999,Unknown - Not Indicated - Unlocated,Mainline,Not reported,LOGAN ST,Municipal Road,Not Indicated as an Intersection,Property Damage Only,3000,Operating vehicle in an reckless, erratic, careless, negligent manner,Alcohol (Statutory),37,>= 35 and <= 39,Female
20191109132,19-133,20190418,4510745,353228,14:49,Thursday,Taylor,Iowa Route,148,No Travel Direction Consistent with Route,Mainline,Not reported,IA 148/IOWA 148,Iowa Route,Not Indicated as an Intersection,Property Damage Only,20000,Exceeded authorized speed,Alcohol (Statutory),53,>= 50 and <= 54,Female
20191109132,19-133,20190418,4510745,353228,14:49,Thursday,Taylor,Iowa Route,148,No Travel Direction Consistent with Route,Mainline,Not reported,IA 148/IOWA 148,Iowa Route,Not Indicated as an Intersection,Property Damage Only,20000,Exceeded authorized speed,Alcohol (Statutory),75,>= 75 and <= 79,Male
20191109243,201905959,20190415,4648817,610601,22:30,Monday,Linn,Interstate,380,Northbound (NB),Mainline,On underpass,I-380 & 7TH ST NE,Interstate,Interstate - Municipal,Property Damage Only,3000,Failed to keep in proper lane,Alcohol (Statutory),60,>= 60 and <= 64,Female
20191109364,20190011553,20190420,4607184,454857,19:15,Saturday,Polk,Farm to Market Route,9999,Unknown - Not Indicated - Unlocated,Mainline,Not reported,EASTON BLVD & E 38TH ST,Municipal Road,Municipal - Municipal,Suspected Minor Injury Crash,12000,FTYROW:  Making left turn,Alcohol (Statutory),29,>= 25 and <= 29,Male
20191109364,20190011553,20190420,4607184,454857,19:15,Saturday,Polk,Farm to Market Route,9999,Unknown - Not Indicated - Unlocated,Mainline,Not reported,EASTON BLVD & E 38TH ST,Municipal Road,Municipal - Municipal,Suspected Minor Injury Crash,12000,FTYROW:  Making left turn,Alcohol (Statutory),59,>= 55 and <= 59,Female
20191109390,PD19-00948,20190421,4655372,506276,02:15,Sunday,Marshall,Local Road,9999,Unknown - Not Indicated - Unlocated,Mainline,Not reported,W STATE ST,Municipal Road,Not Indicated as an Intersection,Property Damage Only,26200,Ran off road - right,Alcohol (Statutory),200,,Not reported
20191109390,PD19-00948,20190421,4655372,506276,02:15,Sunday,Marshall,Local Road,9999,Unknown - Not Indicated - Unlocated,Mainline,Not reported,W STATE ST,Municipal Road,Not Indicated as an Intersection,Property Damage Only,26200,Ran off road - right,Alcohol (Statutory),21,>= 21 and <= 24,Male
20191109390,PD19-00948,20190421,4655372,506276,02:15,Sunday,Marshall,Local Road,9999,Unknown - Not Indicated - Unlocated,Mainline,Not reported,W STATE ST,Municipal Road,Not Indicated as an Intersection,Property Damage Only,26200,Ran off road - right,Alcohol (Statutory),200,,Not reported
20191109411,2019003766,20190420,4610510,624672,21:05,Saturday,Johnson,Local Road,9999,Unknown - Not Indicated - Unlocated,Mainline,Not reported,ARIZONA AVE,Municipal Road,Not Indicated as an Intersection,Property Damage Only,3000,FTYROW:  From driveway,Under Influence of Alcohol/Drugs/Medications,37,>= 35 and <= 39,Male
20191109411,2019003766,20190420,4610510,624672,21:05,Saturday,Johnson,Local Road,9999,Unknown - Not Indicated - Unlocated,Mainline,Not reported,ARIZONA AVE,Municipal Road,Not Indicated as an Intersection,Property Damage Only,3000,FTYROW:  From driveway,Under Influence of Alcohol/Drugs/Medications,200,,Not reported
20191109454,19-000387,20190407,4653203,447336,21:37,Sunday,Story,Local Road,9999,Unknown - Not Indicated - Unlocated,Mainline,Not reported,UNIVERSITY BLVD & CY RIDE DR,Institutional Road,Institutions - Institutions,Possible/Unknown Injury Crash,14500,Operating vehicle in an reckless, erratic, careless, negligent manner,Refused,200,,Not reported
20191109454,19-000387,20190407,4653203,447336,21:37,Sunday,Story,Local Road,9999,Unknown - Not Indicated - Unlocated,Mainline,Not reported,UNIVERSITY BLVD & CY RIDE DR,Institutional Road,Institutions - Institutions,Possible/Unknown Injury Crash,14500,Operating vehicle in an reckless, erratic, careless, negligent manner,Refused,20,= 20,Female
20191109454,19-000387,20190407,4653203,447336,21:37,Sunday,Story,Local Road,9999,Unknown - Not Indicated - Unlocated,Mainline,Not reported,UNIVERSITY BLVD & CY RIDE DR,Institutional Road,Institutions - Institutions,Possible/Unknown Injury Crash,14500,Operating vehicle in an reckless, erratic, careless, negligent manner,Refused,35,>= 35 and <= 39,Male
20191109460,19004093,20190330,4658382,689879,23:09,Saturday,Jackson,Iowa Route,64,Eastbound (EB),Mainline,Not reported,IA 64/HWY 64,Iowa Route,Not Indicated as an Intersection,Possible/Unknown Injury Crash,2000,Ran off road - right,Alcohol (Statutory),29,>= 25 and <= 29,Male
20191109476,19017428,20190420,4653943,507359,20:46,Saturday,Marshall,Local Road,9999,Unknown - Not Indicated - Unlocated,Mainline,Not reported,S 1ST AVE,Municipal Road,Not Indicated as an Intersection,Suspected Minor Injury Crash,20000,Operating vehicle in an reckless, erratic, careless, negligent manner,Under Influence of Alcohol/Drugs/Medications,38,>= 35 and <= 39,Male
20191109476,19017428,20190420,4653943,507359,20:46,Saturday,Marshall,Local Road,9999,Unknown - Not Indicated - Unlocated,Mainline,Not reported,S 1ST AVE,Municipal Road,Not Indicated as an Intersection,Suspected Minor Injury Crash,20000,Operating vehicle in an reckless, erratic, careless, negligent manner,Under Influence of Alcohol/Drugs/Medications,200,,Not reported
20191109476,19017428,20190420,4653943,507359,20:46,Saturday,Marshall,Local Road,9999,Unknown - Not Indicated - Unlocated,Mainline,Not reported,S 1ST AVE,Municipal Road,Not Indicated as an Intersection,Suspected Minor Injury Crash,20000,Operating vehicle in an reckless, erratic, careless, negligent manner,Under Influence of Alcohol/Drugs/Medications,200,,Not reported
20191109505,19-010692,20190417,4481780,624637,15:04,Wednesday,Lee,Farm to Market Route,9999,Unknown - Not Indicated - Unlocated,Mainline,Not reported,Co Rd W62/ARGYLE RD,Secondary Road,Not Indicated as an Intersection,Property Damage Only,3000,Ran off road - right,Alcohol (Statutory),67,>= 65 and <= 69,Male
20191109516,19-12239,20190418,4711886,220484,20:18,Thursday,Woodbury,Local Road,9999,Unknown - Not Indicated - Unlocated,Mainline,Not reported,JACKSON ST,Municipal Road,Not Indicated as an Intersection,Property Damage Only,3000,Operating vehicle in an reckless, erratic, careless, negligent manner,Refused,200,,Not reported
20191109516,19-12239,20190418,4711886,220484,20:18,Thursday,Woodbury,Local Road,9999,Unknown - Not Indicated - Unlocated,Mainline,Not reported,JACKSON ST,Municipal Road,Not Indicated as an Intersection,Property Damage Only,3000,Operating vehicle in an reckless, erratic, careless, negligent manner,Refused,42,>= 40 and <= 44,Male
20191109530,19-12512,20190420,4711567,220858,23:05,Saturday,Woodbury,Local Road,9999,Unknown - Not Indicated - Unlocated,Mainline,Not reported,15TH ST & VIRGINIA ST,Municipal Road,Municipal - Municipal,Property Damage Only,9000,Lost control,Alcohol (Statutory),200,,Not reported
20191109530,19-12512,20190420,4711567,220858,23:05,Saturday,Woodbury,Local Road,9999,Unknown - Not Indicated - Unlocated,Mainline,Not reported,15TH ST & VIRGINIA ST,Municipal Road,Municipal - Municipal,Property Damage Only,9000,Lost control,Alcohol (Statutory),200,,Not reported