Case Number,Law Enforcement Case Number,Date of Crash,Y-Coordinate (UTM NAD 83 Zone 15),X-Coordinate (UTM NAD 83 Zone 15),Time,Day of Week,County,Road System,Route,Cardinal Direction of Vehicles,Mainline or Ramp,Overpass/Underpass Information,Derived Literal Description,Road Classification,Intersection Class,Crash Severity,Amount of Property Damage,Major Cause,Drug or Alcohol Related,Driver Age,Driver Age - 5 year Bins,Driver Gender
20191109530,19-12512,20190420,4711567,220858,23:05,Saturday,Woodbury,Local Road,9999,Unknown - Not Indicated - Unlocated,Mainline,Not reported,15TH ST & VIRGINIA ST,Municipal Road,Municipal - Municipal,Property Damage Only,9000,Lost control,Alcohol (Statutory),37,>= 35 and <= 39,Male
20191109531,19-12523,20190421,4712302,214622,00:15,Sunday,Woodbury,Iowa Route,12,Northbound (NB),Mainline,Not reported,IA 12/RIVERSIDE BLVD,Iowa Route,Not Indicated as an Intersection,Suspected Serious Injury Crash,2500,Over correcting/over steering,Under Influence of Alcohol/Drugs/Medications,39,>= 35 and <= 39,Male
20191109585,2019-31463,20190421,4600989,701888,00:46,Sunday,Scott,Local Road,9999,Unknown - Not Indicated - Unlocated,Mainline,Not reported,W 15TH ST & SCOTT ST,Municipal Road,Municipal - Municipal,Property Damage Only,10000,Lost control,Alcohol (Statutory),37,>= 35 and <= 39,Not reported
20191109585,2019-31463,20190421,4600989,701888,00:46,Sunday,Scott,Local Road,9999,Unknown - Not Indicated - Unlocated,Mainline,Not reported,W 15TH ST & SCOTT ST,Municipal Road,Municipal - Municipal,Property Damage Only,10000,Lost control,Alcohol (Statutory),200,,Not reported
20191109602,2019010242,20190416,4616212,556640,16:25,Tuesday,Poweshiek,Interstate,80,Westbound (WB),Mainline,On overpass,I-80 & Co Rd V30/240TH ST,Interstate,Interstate - Secondary,Property Damage Only,32500,Exceeded authorized speed,Alcohol (Statutory),41,>= 40 and <= 44,Male
20191109602,2019010242,20190416,4616212,556640,16:25,Tuesday,Poweshiek,Interstate,80,Westbound (WB),Mainline,On overpass,I-80 & Co Rd V30/240TH ST,Interstate,Interstate - Secondary,Property Damage Only,32500,Exceeded authorized speed,Alcohol (Statutory),29,>= 25 and <= 29,Male
20191109607,2019010823,20190421,4608567,697916,22:08,Sunday,Scott,Iowa Route,130,No Travel Direction Consistent with Route,Mainline,Not reported,IA 130/NEW LIBERTY RD & W 83RD ST & HILLANDALE RD,Iowa Route,IA Route - Municipal,Property Damage Only,7500,FTYROW:  Making left turn,Alcohol (Statutory),32,>= 30 and <= 34,Male
20191109607,2019010823,20190421,4608567,697916,22:08,Sunday,Scott,Iowa Route,130,No Travel Direction Consistent with Route,Mainline,Not reported,IA 130/NEW LIBERTY RD & W 83RD ST & HILLANDALE RD,Iowa Route,IA Route - Municipal,Property Damage Only,7500,FTYROW:  Making left turn,Alcohol (Statutory),54,>= 50 and <= 54,Male
20191109659,,20190223,4615958,515683,05:08,Saturday,Jasper,Interstate,80,Westbound (WB),Mainline,Not reported,I-80,Interstate,Not Indicated as an Intersection,Property Damage Only,16772,Driving too fast for conditions,Alcohol (< Statutory),18,= 18,Male
20191109714,201906387,20190422,4647316,614118,21:12,Monday,Linn,Local Road,9999,Unknown - Not Indicated - Unlocated,Mainline,Not reported,PIONEER AVE SE,Municipal Road,Not Indicated as an Intersection,Suspected Minor Injury Crash,2000,Other,Alcohol (Statutory),36,>= 35 and <= 39,Female
20191109721,201905426,20190406,4638657,609833,18:39,Saturday,Linn,Local Road,9999,Unknown - Not Indicated - Unlocated,Mainline,Not reported,6TH ST SW & AMERICA DR SW,Municipal Road,Municipal - Municipal,Fatal Crash,15000,Exceeded authorized speed,Alcohol (Statutory),55,>= 55 and <= 59,Male
20191109721,201905426,20190406,4638657,609833,18:39,Saturday,Linn,Local Road,9999,Unknown - Not Indicated - Unlocated,Mainline,Not reported,6TH ST SW & AMERICA DR SW,Municipal Road,Municipal - Municipal,Fatal Crash,15000,Exceeded authorized speed,Alcohol (Statutory),19,= 19,Female
20191109724,CLP19001323,20190422,4632975,729049,20:20,Monday,Clinton,US Route,30,Eastbound (EB),Mainline,Not reported,US 30/LINCOLN WAY & US 67/WASHINGTON BLVD & VALLEY WEST CT,US Route,US Route - US Route,Property Damage Only,3000,FTYROW:  Making left turn,Refused,29,>= 25 and <= 29,Male
20191109724,CLP19001323,20190422,4632975,729049,20:20,Monday,Clinton,US Route,30,Eastbound (EB),Mainline,Not reported,US 30/LINCOLN WAY & US 67/WASHINGTON BLVD & VALLEY WEST CT,US Route,US Route - US Route,Property Damage Only,3000,FTYROW:  Making left turn,Refused,24,>= 21 and <= 24,Female
20191109753,2019-002891,20190422,4707642,688989,17:34,Monday,Dubuque,Local Road,9999,Unknown - Not Indicated - Unlocated,Mainline,Not reported,UNIVERSITY AVE,Municipal Road,Not Indicated as an Intersection,Property Damage Only,10500,Lost control,Alcohol (Statutory),200,,Not reported
20191109753,2019-002891,20190422,4707642,688989,17:34,Monday,Dubuque,Local Road,9999,Unknown - Not Indicated - Unlocated,Mainline,Not reported,UNIVERSITY AVE,Municipal Road,Not Indicated as an Intersection,Property Damage Only,10500,Lost control,Alcohol (Statutory),48,>= 45 and <= 49,Female
20191109753,2019-002891,20190422,4707642,688989,17:34,Monday,Dubuque,Local Road,9999,Unknown - Not Indicated - Unlocated,Mainline,Not reported,UNIVERSITY AVE,Municipal Road,Not Indicated as an Intersection,Property Damage Only,10500,Lost control,Alcohol (Statutory),200,,Not reported
20191109916,BV19-0214,20190408,4717475,326145,03:50,Monday,Buena Vista,Local Road,9999,Unknown - Not Indicated - Unlocated,Mainline,Not reported,640TH ST,Secondary Road,Not Indicated as an Intersection,Property Damage Only,3500,Operating vehicle in an reckless, erratic, careless, negligent manner,Refused,34,>= 30 and <= 34,Male
20191109921,19-013134,20190424,4518455,659241,05:16,Wednesday,Des Moines,Local Road,9999,Unknown - Not Indicated - Unlocated,Mainline,Not reported,ANGULAR ST & CENTRAL AVE,Municipal Road,Municipal - Municipal,Property Damage Only,5046,Ran stop sign,Alcohol (Statutory),26,>= 25 and <= 29,Female
20191109921,19-013134,20190424,4518455,659241,05:16,Wednesday,Des Moines,Local Road,9999,Unknown - Not Indicated - Unlocated,Mainline,Not reported,ANGULAR ST & CENTRAL AVE,Municipal Road,Municipal - Municipal,Property Damage Only,5046,Ran stop sign,Alcohol (Statutory),55,>= 55 and <= 59,Female
20191109927,19-6726,20190419,4736563,538103,02:59,Friday,Bremer,US Route,218,Northbound (NB),Mainline,Not reported,US 218,US Route,Not Indicated as an Intersection,Suspected Minor Injury Crash,11000,Operating vehicle in an reckless, erratic, careless, negligent manner,Alcohol (Statutory),60,>= 60 and <= 64,Male
20191109927,19-6726,20190419,4736563,538103,02:59,Friday,Bremer,US Route,218,Northbound (NB),Mainline,Not reported,US 218,US Route,Not Indicated as an Intersection,Suspected Minor Injury Crash,11000,Operating vehicle in an reckless, erratic, careless, negligent manner,Alcohol (Statutory),61,>= 60 and <= 64,Male
20191109983,19-12262,20190416,4511404,655498,20:40,Tuesday,Des Moines,US Route,61,Southbound (SB),Mainline,Not reported,US 61,US Route,Not Indicated as an Intersection,Suspected Minor Injury Crash,2500,Exceeded authorized speed,Under Influence of Alcohol/Drugs/Medications,47,>= 45 and <= 49,Male
20191110169,19-003275,20190408,4522783,461447,19:33,Monday,Wayne,Farm to Market Route,9999,Unknown - Not Indicated - Unlocated,Mainline,Not reported,Co Rd J22/J22,Secondary Road,Not Indicated as an Intersection,Suspected Serious Injury Crash,10000,Operating vehicle in an reckless, erratic, careless, negligent manner,Alcohol (Statutory),34,>= 30 and <= 34,Female
20191110196,19-01030,20190425,4609859,432178,12:01,Thursday,Polk,Local Road,9999,Unknown - Not Indicated - Unlocated,Mainline,Not reported,142ND ST,Municipal Road,Not Indicated as an Intersection,Property Damage Only,15000,Operating vehicle in an reckless, erratic, careless, negligent manner,Refused,45,>= 45 and <= 49,Female
20191110201,19-3017,20190426,4622043,443656,03:27,Friday,Polk,Local Road,9999,Unknown - Not Indicated - Unlocated,Mainline,Not reported,NW 44TH ST,Secondary Road,Not Indicated as an Intersection,Suspected Minor Injury Crash,5000,Exceeded authorized speed,Refused,26,>= 25 and <= 29,Male
20191110205,19-002301,20190424,4612724,452033,00:35,Wednesday,Polk,Interstate,35,Northbound (NB),Mainline,Not reported,I-35,Interstate,Not Indicated as an Intersection,Possible/Unknown Injury Crash,4000,Improper or erratic lane changing,Under Influence of Alcohol/Drugs/Medications,45,>= 45 and <= 49,Male
20191110205,19-002301,20190424,4612724,452033,00:35,Wednesday,Polk,Interstate,35,Northbound (NB),Mainline,Not reported,I-35,Interstate,Not Indicated as an Intersection,Possible/Unknown Injury Crash,4000,Improper or erratic lane changing,Under Influence of Alcohol/Drugs/Medications,35,>= 35 and <= 39,Male
20191110374,PD19-01006,20190426,4655245,508896,00:49,Friday,Marshall,Farm to Market Route,9999,Unknown - Not Indicated - Unlocated,Mainline,Not reported,E MAIN ST & S 12TH AVE/LENNOX DR,Municipal Road,Municipal - Municipal,Property Damage Only,4500,Operating vehicle in an reckless, erratic, careless, negligent manner,Alcohol (Statutory),55,>= 55 and <= 59,Male
20191110374,PD19-01006,20190426,4655245,508896,00:49,Friday,Marshall,Farm to Market Route,9999,Unknown - Not Indicated - Unlocated,Mainline,Not reported,E MAIN ST & S 12TH AVE/LENNOX DR,Municipal Road,Municipal - Municipal,Property Damage Only,4500,Operating vehicle in an reckless, erratic, careless, negligent manner,Alcohol (Statutory),26,>= 25 and <= 29,Male
20191110388,PD19-01006,20190426,4655239,507611,23:00,Friday,Marshall,Iowa Route,14,Northbound (NB),Mainline,Not reported,IA 14/3RD AVE/N 3RD AVE & E MAIN ST,Iowa Route,IA Route - Municipal,Property Damage Only,8000,Ran traffic signal,Alcohol (Statutory),50,>= 50 and <= 54,Male
20191110388,PD19-01006,20190426,4655239,507611,23:00,Friday,Marshall,Iowa Route,14,Northbound (NB),Mainline,Not reported,IA 14/3RD AVE/N 3RD AVE & E MAIN ST,Iowa Route,IA Route - Municipal,Property Damage Only,8000,Ran traffic signal,Alcohol (Statutory),26,>= 25 and <= 29,Male
20191110391,19C01810,20190427,4545116,384765,03:32,Saturday,Union,US Route,34,Westbound (WB),Mainline,Not reported,US 34/W TAYLOR ST,US Route,Not Indicated as an Intersection,Property Damage Only,4000,Failed to keep in proper lane,Alcohol (Statutory),25,>= 25 and <= 29,Male
20191110391,19C01810,20190427,4545116,384765,03:32,Saturday,Union,US Route,34,Westbound (WB),Mainline,Not reported,US 34/W TAYLOR ST,US Route,Not Indicated as an Intersection,Property Damage Only,4000,Failed to keep in proper lane,Alcohol (Statutory),41,>= 40 and <= 44,Female
20191110439,201901449,20190427,4642472,617815,03:29,Saturday,Linn,US Route,30,Eastbound (EB),Mainline,Not reported,US 30 & Co Rd W8E/JAPPA RD,US Route,US Route - Secondary,Suspected Serious Injury Crash,30000,Ran stop sign,Alcohol (Statutory),56,>= 55 and <= 59,Male
20191110439,201901449,20190427,4642472,617815,03:29,Saturday,Linn,US Route,30,Eastbound (EB),Mainline,Not reported,US 30 & Co Rd W8E/JAPPA RD,US Route,US Route - Secondary,Suspected Serious Injury Crash,30000,Ran stop sign,Alcohol (Statutory),19,= 19,Female
20191110534,2019-30891,20190419,4601484,702236,01:52,Friday,Scott,Local Road,9999,Unknown - Not Indicated - Unlocated,Mainline,Not reported,W PLEASANT ST & MAIN ST,Municipal Road,Municipal - Municipal,Property Damage Only,6500,Ran off road - left,Alcohol (Statutory),27,>= 25 and <= 29,Male
20191110554,19-00577,20190426,4606607,437039,18:02,Friday,Polk,Local Road,9999,Unknown - Not Indicated - Unlocated,Mainline,Not reported,LINCOLN AVE & NW 100TH ST,Municipal Road,Municipal - Municipal,Property Damage Only,3000,Operating vehicle in an reckless, erratic, careless, negligent manner,Alcohol (Statutory),49,>= 45 and <= 49,Female
20191110554,19-00577,20190426,4606607,437039,18:02,Friday,Polk,Local Road,9999,Unknown - Not Indicated - Unlocated,Mainline,Not reported,LINCOLN AVE & NW 100TH ST,Municipal Road,Municipal - Municipal,Property Damage Only,3000,Operating vehicle in an reckless, erratic, careless, negligent manner,Alcohol (Statutory),200,,Not reported
20191110564,2019-33578,20190428,4600151,702269,04:38,Sunday,Scott,Local Road,9999,Unknown - Not Indicated - Unlocated,Mainline,Not reported,MAIN ST,Municipal Road,Not Indicated as an Intersection,Property Damage Only,10500,Lost control,Alcohol (Statutory),22,>= 21 and <= 24,Male
20191110564,2019-33578,20190428,4600151,702269,04:38,Sunday,Scott,Local Road,9999,Unknown - Not Indicated - Unlocated,Mainline,Not reported,MAIN ST,Municipal Road,Not Indicated as an Intersection,Property Damage Only,10500,Lost control,Alcohol (Statutory),200,,Not reported
20191110564,2019-33578,20190428,4600151,702269,04:38,Sunday,Scott,Local Road,9999,Unknown - Not Indicated - Unlocated,Mainline,Not reported,MAIN ST,Municipal Road,Not Indicated as an Intersection,Property Damage Only,10500,Lost control,Alcohol (Statutory),200,,Not reported
20191110572,W19-033268,20190428,4703757,555451,03:03,Sunday,Black Hawk,Local Road,9999,Unknown - Not Indicated - Unlocated,Mainline,Not reported,JEFFERSON ST,Municipal Road,Not Indicated as an Intersection,Property Damage Only,2000,Traveling wrong way or on wrong side of road,Alcohol (Statutory),45,>= 45 and <= 49,Male
20191110572,W19-033268,20190428,4703757,555451,03:03,Sunday,Black Hawk,Local Road,9999,Unknown - Not Indicated - Unlocated,Mainline,Not reported,JEFFERSON ST,Municipal Road,Not Indicated as an Intersection,Property Damage Only,2000,Traveling wrong way or on wrong side of road,Alcohol (Statutory),200,,Not reported
20191110579,20190012499,20190428,4606219,444922,22:03,Sunday,Polk,Local Road,9999,Unknown - Not Indicated - Unlocated,Mainline,Not reported,CLARK ST & 32ND ST,Municipal Road,Municipal - Municipal,Property Damage Only,3000,Lost control,Alcohol (Statutory),200,,Not reported
20191110579,20190012499,20190428,4606219,444922,22:03,Sunday,Polk,Local Road,9999,Unknown - Not Indicated - Unlocated,Mainline,Not reported,CLARK ST & 32ND ST,Municipal Road,Municipal - Municipal,Property Damage Only,3000,Lost control,Alcohol (Statutory),23,>= 21 and <= 24,Male
20191110579,20190012499,20190428,4606219,444922,22:03,Sunday,Polk,Local Road,9999,Unknown - Not Indicated - Unlocated,Mainline,Not reported,CLARK ST & 32ND ST,Municipal Road,Municipal - Municipal,Property Damage Only,3000,Lost control,Alcohol (Statutory),200,,Not reported
20191110583,201906729,20190428,4651390,611471,19:44,Sunday,Linn,Local Road,9999,Unknown - Not Indicated - Unlocated,Mainline,Not reported,29TH ST NE,Municipal Road,Not Indicated as an Intersection,Property Damage Only,15000,Driver Distraction:  Other interior distraction,Alcohol (Statutory),200,,Not reported
20191110583,201906729,20190428,4651390,611471,19:44,Sunday,Linn,Local Road,9999,Unknown - Not Indicated - Unlocated,Mainline,Not reported,29TH ST NE,Municipal Road,Not Indicated as an Intersection,Property Damage Only,15000,Driver Distraction:  Other interior distraction,Alcohol (Statutory),25,>= 25 and <= 29,Male
20191110595,19-10517,20190420,4605735,711085,20:39,Saturday,Scott,Local Road,9999,Unknown - Not Indicated - Unlocated,Mainline,Not reported,53RD AVE,Municipal Road,Not Indicated as an Intersection,Suspected Serious Injury Crash,20000,Driver Distraction:  Exterior distraction,Refused,68,>= 65 and <= 69,Male
20191110630,2019-003028,20190428,4709412,691298,02:00,Sunday,Dubuque,Local Road,9999,Unknown - Not Indicated - Unlocated,Mainline,Not reported,KAUFMANN AVE,Municipal Road,Not Indicated as an Intersection,Property Damage Only,8400,Made improper turn,Alcohol (Statutory),28,>= 25 and <= 29,Male
20191110654,19002870,20190427,4657484,242173,01:49,Saturday,Monona,Local Road,9999,Unknown - Not Indicated - Unlocated,Mainline,Not reported,IOWA AVE N,Municipal Road,Not Indicated as an Intersection,Property Damage Only,10000,Ran off road - right,Alcohol (Statutory),18,= 18,Not reported
20191110659,2019-14881,20190427,4599050,699555,23:57,Saturday,Scott,Local Road,9999,Unknown - Not Indicated - Unlocated,Mainline,Not reported,S PINE ST,Municipal Road,Not Indicated as an Intersection,Property Damage Only,16300,Driver Distraction:  Talking on a hand-held device,Alcohol (Statutory),19,= 19,Female
20191110697,1904-027,20190423,4809391,277456,19:54,Tuesday,Osceola,Local Road,9999,Unknown - Not Indicated - Unlocated,Mainline,Not reported,4TH AVE,Municipal Road,Not Indicated as an Intersection,Property Damage Only,11000,Driver Distraction:  Manual operation of an electronic communication device,Alcohol (Statutory),40,>= 40 and <= 44,Female
20191110697,1904-027,20190423,4809391,277456,19:54,Tuesday,Osceola,Local Road,9999,Unknown - Not Indicated - Unlocated,Mainline,Not reported,4TH AVE,Municipal Road,Not Indicated as an Intersection,Property Damage Only,11000,Driver Distraction:  Manual operation of an electronic communication device,Alcohol (Statutory),200,,Not reported
20191110703,PD19-01006B,20190426,4655263,510661,23:15,Friday,Marshall,Farm to Market Route,9999,Unknown - Not Indicated - Unlocated,Mainline,Not reported,Co Rd E35/MAIN ST RD,Secondary Road,Not Indicated as an Intersection,Property Damage Only,4000,Operating vehicle in an reckless, erratic, careless, negligent manner,Alcohol (Statutory),26,>= 25 and <= 29,Male
20191110805,PD19-01015,20190428,4655443,506796,05:45,Sunday,Marshall,Local Road,9999,Unknown - Not Indicated - Unlocated,Mainline,Not reported,N 3RD ST,Municipal Road,Not Indicated as an Intersection,Suspected Minor Injury Crash,7000,Operating vehicle in an reckless, erratic, careless, negligent manner,Alcohol (Statutory),200,,Not reported
20191110805,PD19-01015,20190428,4655443,506796,05:45,Sunday,Marshall,Local Road,9999,Unknown - Not Indicated - Unlocated,Mainline,Not reported,N 3RD ST,Municipal Road,Not Indicated as an Intersection,Suspected Minor Injury Crash,7000,Operating vehicle in an reckless, erratic, careless, negligent manner,Alcohol (Statutory),46,>= 45 and <= 49,Male
20191110826,19-007006,20190428,4547705,264379,02:41,Sunday,Mills,US Route,34,Eastbound (EB),Mainline,Not reported,US 34,US Route,Not Indicated as an Intersection,Property Damage Only,11000,Failed to yield to emergency vehicle,Refused,30,>= 30 and <= 34,Male
20191110856,2019-32346,20190424,4600420,700663,03:11,Wednesday,Scott,Local Road,9999,Unknown - Not Indicated - Unlocated,Mainline,Not reported,CLAY ST,Municipal Road,Not Indicated as an Intersection,Property Damage Only,7500,Lost control,Refused,37,>= 35 and <= 39,Male
20191110857,2019-32347,20190424,4600330,700553,03:27,Wednesday,Scott,Local Road,9999,Unknown - Not Indicated - Unlocated,Mainline,Not reported,W 10TH ST,Municipal Road,Not Indicated as an Intersection,Property Damage Only,5000,Lost control,Refused,200,,Not reported
20191110857,2019-32347,20190424,4600330,700553,03:27,Wednesday,Scott,Local Road,9999,Unknown - Not Indicated - Unlocated,Mainline,Not reported,W 10TH ST,Municipal Road,Not Indicated as an Intersection,Property Damage Only,5000,Lost control,Refused,37,>= 35 and <= 39,Male
20191110897,19-2858,20190424,4788284,407942,21:24,Wednesday,Kossuth,Farm to Market Route,9999,Unknown - Not Indicated - Unlocated,Mainline,Not reported,Co Rd B14/330 ST & 167 AVE,Secondary Road,Secondary - Secondary,Property Damage Only,7500,Ran off road - right,Alcohol (Statutory),34,>= 30 and <= 34,Female
20191110976,20190012673,20190430,4599272,450220,14:41,Tuesday,Polk,US Route,69,Southbound (SB),Mainline,Not reported,US 69/SE 14TH ST & E EMMA AVE,US Route,US Route - Municipal,Possible/Unknown Injury Crash,7000,FTYROW:  From stop sign,Refused,68,>= 65 and <= 69,Male
20191110976,20190012673,20190430,4599272,450220,14:41,Tuesday,Polk,US Route,69,Southbound (SB),Mainline,Not reported,US 69/SE 14TH ST & E EMMA AVE,US Route,US Route - Municipal,Possible/Unknown Injury Crash,7000,FTYROW:  From stop sign,Refused,19,= 19,Male
20191110981,2019004164,20190430,4613215,623160,21:50,Tuesday,Johnson,Local Road,9999,Unknown - Not Indicated - Unlocated,Mainline,Not reported,MUSCATINE AVE & IOWA AVE & EVANS ST,Municipal Road,Municipal - Municipal,Possible/Unknown Injury Crash,1000,Lost control,Alcohol (Statutory),51,>= 50 and <= 54,Male
20191111008,20190012720,20190430,4604579,450701,23:07,Tuesday,Polk,Local Road,9999,Unknown - Not Indicated - Unlocated,Mainline,Not reported,DEAN AVE & E 16TH ST,Municipal Road,Municipal - Municipal,Property Damage Only,9500,Operating vehicle in an reckless, erratic, careless, negligent manner,Alcohol (Statutory),19,= 19,Female
20191111008,20190012720,20190430,4604579,450701,23:07,Tuesday,Polk,Local Road,9999,Unknown - Not Indicated - Unlocated,Mainline,Not reported,DEAN AVE & E 16TH ST,Municipal Road,Municipal - Municipal,Property Damage Only,9500,Operating vehicle in an reckless, erratic, careless, negligent manner,Alcohol (Statutory),200,,Not reported
20191111009,C19001591,20190430,4615049,618099,04:11,Tuesday,Johnson,Local Road,9999,Unknown - Not Indicated - Unlocated,Mainline,Not reported,7TH ST,Municipal Road,Not Indicated as an Intersection,Suspected Serious Injury Crash,30900,Exceeded authorized speed,Alcohol (Statutory),200,,Not reported
20191111009,C19001591,20190430,4615049,618099,04:11,Tuesday,Johnson,Local Road,9999,Unknown - Not Indicated - Unlocated,Mainline,Not reported,7TH ST,Municipal Road,Not Indicated as an Intersection,Suspected Serious Injury Crash,30900,Exceeded authorized speed,Alcohol (Statutory),200,,Not reported
20191111009,C19001591,20190430,4615049,618099,04:11,Tuesday,Johnson,Local Road,9999,Unknown - Not Indicated - Unlocated,Mainline,Not reported,7TH ST,Municipal Road,Not Indicated as an Intersection,Suspected Serious Injury Crash,30900,Exceeded authorized speed,Alcohol (Statutory),200,,Not reported
20191111009,C19001591,20190430,4615049,618099,04:11,Tuesday,Johnson,Local Road,9999,Unknown - Not Indicated - Unlocated,Mainline,Not reported,7TH ST,Municipal Road,Not Indicated as an Intersection,Suspected Serious Injury Crash,30900,Exceeded authorized speed,Alcohol (Statutory),200,,Not reported
20191111009,C19001591,20190430,4615049,618099,04:11,Tuesday,Johnson,Local Road,9999,Unknown - Not Indicated - Unlocated,Mainline,Not reported,7TH ST,Municipal Road,Not Indicated as an Intersection,Suspected Serious Injury Crash,30900,Exceeded authorized speed,Alcohol (Statutory),200,,Not reported
20191111009,C19001591,20190430,4615049,618099,04:11,Tuesday,Johnson,Local Road,9999,Unknown - Not Indicated - Unlocated,Mainline,Not reported,7TH ST,Municipal Road,Not Indicated as an Intersection,Suspected Serious Injury Crash,30900,Exceeded authorized speed,Alcohol (Statutory),38,>= 35 and <= 39,Not reported
20191111033,2019-003094,20190430,4708835,691335,23:41,Tuesday,Dubuque,Local Road,9999,Unknown - Not Indicated - Unlocated,Mainline,Not reported,W 17TH ST & MAIN ST & MADISON ST,Municipal Road,Municipal - Municipal,Property Damage Only,7770,Lost control,Alcohol (< Statutory),200,,Not reported
20191111033,2019-003094,20190430,4708835,691335,23:41,Tuesday,Dubuque,Local Road,9999,Unknown - Not Indicated - Unlocated,Mainline,Not reported,W 17TH ST & MAIN ST & MADISON ST,Municipal Road,Municipal - Municipal,Property Damage Only,7770,Lost control,Alcohol (< Statutory),200,,Not reported
20191111033,2019-003094,20190430,4708835,691335,23:41,Tuesday,Dubuque,Local Road,9999,Unknown - Not Indicated - Unlocated,Mainline,Not reported,W 17TH ST & MAIN ST & MADISON ST,Municipal Road,Municipal - Municipal,Property Damage Only,7770,Lost control,Alcohol (< Statutory),48,>= 45 and <= 49,Female
20191111078,19-13277,20190427,4711799,220983,03:07,Saturday,Woodbury,Local Road,9999,Unknown - Not Indicated - Unlocated,Mainline,Not reported,COURT ST,Municipal Road,Not Indicated as an Intersection,Property Damage Only,8500,Lost control,Alcohol (Statutory),21,>= 21 and <= 24,Female
20191111078,19-13277,20190427,4711799,220983,03:07,Saturday,Woodbury,Local Road,9999,Unknown - Not Indicated - Unlocated,Mainline,Not reported,COURT ST,Municipal Road,Not Indicated as an Intersection,Property Damage Only,8500,Lost control,Alcohol (Statutory),200,,Not reported
20191111112,201900020500,20190420,4541650,548970,22:37,Saturday,Wapello,Local Road,9999,Unknown - Not Indicated - Unlocated,Mainline,Not reported,W 4TH ST,Municipal Road,Not Indicated as an Intersection,Property Damage Only,12200,Lost control,Alcohol (Statutory),200,,Not reported
20191111112,201900020500,20190420,4541650,548970,22:37,Saturday,Wapello,Local Road,9999,Unknown - Not Indicated - Unlocated,Mainline,Not reported,W 4TH ST,Municipal Road,Not Indicated as an Intersection,Property Damage Only,12200,Lost control,Alcohol (Statutory),200,,Not reported
20191111112,201900020500,20190420,4541650,548970,22:37,Saturday,Wapello,Local Road,9999,Unknown - Not Indicated - Unlocated,Mainline,Not reported,W 4TH ST,Municipal Road,Not Indicated as an Intersection,Property Damage Only,12200,Lost control,Alcohol (Statutory),19,= 19,Female
20191111124,201900021849,20190428,4539957,546414,00:18,Sunday,Wapello,Farm to Market Route,9999,Unknown - Not Indicated - Unlocated,Mainline,Not reported,WILDWOOD DR,Municipal Road,Not Indicated as an Intersection,Suspected Minor Injury Crash,11000,Driving too fast for conditions,Refused,200,,Not reported
20191111124,201900021849,20190428,4539957,546414,00:18,Sunday,Wapello,Farm to Market Route,9999,Unknown - Not Indicated - Unlocated,Mainline,Not reported,WILDWOOD DR,Municipal Road,Not Indicated as an Intersection,Suspected Minor Injury Crash,11000,Driving too fast for conditions,Refused,200,,Not reported
20191111124,201900021849,20190428,4539957,546414,00:18,Sunday,Wapello,Farm to Market Route,9999,Unknown - Not Indicated - Unlocated,Mainline,Not reported,WILDWOOD DR,Municipal Road,Not Indicated as an Intersection,Suspected Minor Injury Crash,11000,Driving too fast for conditions,Refused,40,>= 40 and <= 44,Male
20191111202,19-007187,20190430,4547366,267744,22:22,Tuesday,Mills,Local Road,9999,Unknown - Not Indicated - Unlocated,Mainline,Not reported,HICKORY RIDGE LN,Municipal Road,Not Indicated as an Intersection,Property Damage Only,7500,Other,Alcohol (Statutory),200,,Not reported
20191111202,19-007187,20190430,4547366,267744,22:22,Tuesday,Mills,Local Road,9999,Unknown - Not Indicated - Unlocated,Mainline,Not reported,HICKORY RIDGE LN,Municipal Road,Not Indicated as an Intersection,Property Damage Only,7500,Other,Alcohol (Statutory),21,>= 21 and <= 24,Male
20191111202,19-007187,20190430,4547366,267744,22:22,Tuesday,Mills,Local Road,9999,Unknown - Not Indicated - Unlocated,Mainline,Not reported,HICKORY RIDGE LN,Municipal Road,Not Indicated as an Intersection,Property Damage Only,7500,Other,Alcohol (Statutory),200,,Not reported
20191111220,20190012860,20190502,4604102,448346,02:29,Thursday,Polk,Local Road,9999,Unknown - Not Indicated - Unlocated,Mainline,Not reported,WALNUT ST & 2ND AVE,Municipal Road,Municipal - Municipal,Property Damage Only,8000,Exceeded authorized speed,Alcohol (Statutory),19,= 19,Male
20191111220,20190012860,20190502,4604102,448346,02:29,Thursday,Polk,Local Road,9999,Unknown - Not Indicated - Unlocated,Mainline,Not reported,WALNUT ST & 2ND AVE,Municipal Road,Municipal - Municipal,Property Damage Only,8000,Exceeded authorized speed,Alcohol (Statutory),30,>= 30 and <= 34,Male
20191111262,19-13478,20190429,4711766,220480,01:36,Monday,Woodbury,Local Road,9999,Unknown - Not Indicated - Unlocated,Mainline,Not reported,JACKSON ST,Municipal Road,Not Indicated as an Intersection,Property Damage Only,13000,Lost control,Alcohol (Statutory),200,,Not reported