Case Number,Law Enforcement Case Number,Date of Crash,Y-Coordinate (UTM NAD 83 Zone 15),X-Coordinate (UTM NAD 83 Zone 15),Time,Day of Week,County,Road System,Route,Cardinal Direction of Vehicles,Mainline or Ramp,Overpass/Underpass Information,Derived Literal Description,Road Classification,Intersection Class,Crash Severity,Amount of Property Damage,Major Cause,Drug or Alcohol Related,Driver Age,Driver Age - 5 year Bins,Driver Gender
20191114976,20190015573,20190525,4607616,448710,21:45,Saturday,Polk,Local Road,9999,Unknown - Not Indicated - Unlocated,Mainline,Not reported,E SHERIDAN AVE,Municipal Road,Not Indicated as an Intersection,Possible/Unknown Injury Crash,17317,Driving too fast for conditions,Drug/Alcohol (< Statutory),55,>= 55 and <= 59,Male
20191114976,20190015573,20190525,4607616,448710,21:45,Saturday,Polk,Local Road,9999,Unknown - Not Indicated - Unlocated,Mainline,Not reported,E SHERIDAN AVE,Municipal Road,Not Indicated as an Intersection,Possible/Unknown Injury Crash,17317,Driving too fast for conditions,Drug/Alcohol (< Statutory),200,,Not reported
20191114976,20190015573,20190525,4607616,448710,21:45,Saturday,Polk,Local Road,9999,Unknown - Not Indicated - Unlocated,Mainline,Not reported,E SHERIDAN AVE,Municipal Road,Not Indicated as an Intersection,Possible/Unknown Injury Crash,17317,Driving too fast for conditions,Drug/Alcohol (< Statutory),200,,Not reported
20191115017,20190015610,20190526,4605796,452667,05:40,Sunday,Polk,Local Road,9999,Unknown - Not Indicated - Unlocated,Mainline,Not reported,E 26TH ST,Municipal Road,Not Indicated as an Intersection,Property Damage Only,7000,Lost control,Under Influence of Alcohol/Drugs/Medications,200,,Not reported
20191115017,20190015610,20190526,4605796,452667,05:40,Sunday,Polk,Local Road,9999,Unknown - Not Indicated - Unlocated,Mainline,Not reported,E 26TH ST,Municipal Road,Not Indicated as an Intersection,Property Damage Only,7000,Lost control,Under Influence of Alcohol/Drugs/Medications,22,>= 21 and <= 24,Male
20191115031,19-5565,20190510,4637478,361018,20:16,Friday,Carroll,Local Road,9999,Unknown - Not Indicated - Unlocated,Mainline,Not reported,NORTH ST & 3RD AVE,Municipal Road,Municipal - Municipal,Suspected Serious Injury Crash,1000,Operating vehicle in an reckless, erratic, careless, negligent manner,Alcohol (Statutory),27,>= 25 and <= 29,Male
20191115034,19-002917,20190525,4623795,450333,19:54,Saturday,Polk,Local Road,9999,Unknown - Not Indicated - Unlocated,Mainline,Not reported,NE 41TH ST,Municipal Road,Not Indicated as an Intersection,Property Damage Only,16000,Exceeded authorized speed,Under Influence of Alcohol/Drugs/Medications,24,>= 21 and <= 24,Male
20191115051,19002853,20190315,4503401,495758,20:24,Friday,Appanoose,Farm to Market Route,9999,Unknown - Not Indicated - Unlocated,Mainline,Not reported,Co Rd J46/HWY J46,Secondary Road,Not Indicated as an Intersection,Suspected Minor Injury Crash,2500,Driver Distraction:  Inattentive/lost in thought,Alcohol (Statutory),56,>= 55 and <= 59,Female
20191115063,19-010069,20190527,4571288,259185,01:00,Monday,Pottawattamie,Local Road,9999,Unknown - Not Indicated - Unlocated,Mainline,Not reported,5TH AVE,Municipal Road,Not Indicated as an Intersection,Property Damage Only,10500,Lost control,Under Influence of Alcohol/Drugs/Medications,200,,Not reported
20191115063,19-010069,20190527,4571288,259185,01:00,Monday,Pottawattamie,Local Road,9999,Unknown - Not Indicated - Unlocated,Mainline,Not reported,5TH AVE,Municipal Road,Not Indicated as an Intersection,Property Damage Only,10500,Lost control,Under Influence of Alcohol/Drugs/Medications,200,,Not reported
20191115063,19-010069,20190527,4571288,259185,01:00,Monday,Pottawattamie,Local Road,9999,Unknown - Not Indicated - Unlocated,Mainline,Not reported,5TH AVE,Municipal Road,Not Indicated as an Intersection,Property Damage Only,10500,Lost control,Under Influence of Alcohol/Drugs/Medications,27,>= 25 and <= 29,Male
20191115068,W19-041244,20190525,4704871,555444,22:36,Saturday,Black Hawk,Local Road,9999,Unknown - Not Indicated - Unlocated,Mainline,Not reported,LANE ST,Municipal Road,Not Indicated as an Intersection,Suspected Minor Injury Crash,35000,Ran off road - right,Alcohol (Statutory),32,>= 30 and <= 34,Male
20191115068,W19-041244,20190525,4704871,555444,22:36,Saturday,Black Hawk,Local Road,9999,Unknown - Not Indicated - Unlocated,Mainline,Not reported,LANE ST,Municipal Road,Not Indicated as an Intersection,Suspected Minor Injury Crash,35000,Ran off road - right,Alcohol (Statutory),200,,Not reported
20191115078,20190015705,20190527,4607246,442578,01:51,Monday,Polk,Local Road,9999,Unknown - Not Indicated - Unlocated,Mainline,Not reported,HICKMAN RD & 51ST ST,Municipal Road,Municipal - Municipal,Possible/Unknown Injury Crash,14000,Operating vehicle in an reckless, erratic, careless, negligent manner,Under Influence of Alcohol/Drugs/Medications,40,>= 40 and <= 44,Male
20191115078,20190015705,20190527,4607246,442578,01:51,Monday,Polk,Local Road,9999,Unknown - Not Indicated - Unlocated,Mainline,Not reported,HICKMAN RD & 51ST ST,Municipal Road,Municipal - Municipal,Possible/Unknown Injury Crash,14000,Operating vehicle in an reckless, erratic, careless, negligent manner,Under Influence of Alcohol/Drugs/Medications,200,,Not reported
20191115112,193M0525-2,20190526,4627575,577142,02:28,Sunday,Iowa,Local Road,9999,Unknown - Not Indicated - Unlocated,Mainline,Not reported,FRANKLIN AVE,Municipal Road,Not Indicated as an Intersection,Property Damage Only,4000,Lost control,Alcohol (Statutory),41,>= 40 and <= 44,Male
20191115112,193M0525-2,20190526,4627575,577142,02:28,Sunday,Iowa,Local Road,9999,Unknown - Not Indicated - Unlocated,Mainline,Not reported,FRANKLIN AVE,Municipal Road,Not Indicated as an Intersection,Property Damage Only,4000,Lost control,Alcohol (Statutory),200,,Not reported
20191115116,W19-041332,20190526,4707016,554814,04:21,Sunday,Black Hawk,Local Road,9999,Unknown - Not Indicated - Unlocated,Mainline,Not reported,E 4TH ST,Municipal Road,Not Indicated as an Intersection,Property Damage Only,21000,Lost control,Alcohol (Statutory),200,,Not reported
20191115116,W19-041332,20190526,4707016,554814,04:21,Sunday,Black Hawk,Local Road,9999,Unknown - Not Indicated - Unlocated,Mainline,Not reported,E 4TH ST,Municipal Road,Not Indicated as an Intersection,Property Damage Only,21000,Lost control,Alcohol (Statutory),20,= 20,Female
20191115116,W19-041332,20190526,4707016,554814,04:21,Sunday,Black Hawk,Local Road,9999,Unknown - Not Indicated - Unlocated,Mainline,Not reported,E 4TH ST,Municipal Road,Not Indicated as an Intersection,Property Damage Only,21000,Lost control,Alcohol (Statutory),200,,Not reported
20191115120,2019-42528,20190527,4603840,704189,01:13,Monday,Scott,Local Road,9999,Unknown - Not Indicated - Unlocated,Mainline,Not reported,E 39TH ST & EASTERN AVE,Municipal Road,Municipal - Municipal,Property Damage Only,3000,Made improper turn,Refused,41,>= 40 and <= 44,Male
20191115154,021088,20190526,4795997,362088,21:30,Sunday,Emmet,Farm to Market Route,9999,Unknown - Not Indicated - Unlocated,Mainline,Not reported,Co Rd N40/450 AVE,Secondary Road,Not Indicated as an Intersection,Suspected Minor Injury Crash,4900,Operating vehicle in an reckless, erratic, careless, negligent manner,Under Influence of Alcohol/Drugs/Medications,26,>= 25 and <= 29,Male
20191115158,201908412,20190528,4646999,608047,01:22,Tuesday,Linn,Local Road,9999,Unknown - Not Indicated - Unlocated,Mainline,Not reported,18TH ST SW,Municipal Road,Not Indicated as an Intersection,Property Damage Only,9000,Lost control,Alcohol (Statutory),200,,Not reported
20191115158,201908412,20190528,4646999,608047,01:22,Tuesday,Linn,Local Road,9999,Unknown - Not Indicated - Unlocated,Mainline,Not reported,18TH ST SW,Municipal Road,Not Indicated as an Intersection,Property Damage Only,9000,Lost control,Alcohol (Statutory),34,>= 30 and <= 34,Female
20191115175,201908348,20190526,4645241,605698,19:53,Sunday,Linn,Iowa Route,922,Southbound (SB),Mainline,Not reported,IA 922/WILLIAMS BLVD & WILEY BLVD SW,Iowa Route,IA Route - Municipal,Property Damage Only,2200,Operating vehicle in an reckless, erratic, careless, negligent manner,Refused,30,>= 30 and <= 34,Male
20191115192,2019-003814,20190524,4711653,690906,15:00,Friday,Dubuque,Farm to Market Route,9999,Unknown - Not Indicated - Unlocated,Mainline,Not reported,PERU RD & AEROSTAR DR,Municipal Road,Municipal - Municipal,Possible/Unknown Injury Crash,2500,Lost control,Alcohol (Statutory),56,>= 55 and <= 59,Male
20191115192,2019-003814,20190524,4711653,690906,15:00,Friday,Dubuque,Farm to Market Route,9999,Unknown - Not Indicated - Unlocated,Mainline,Not reported,PERU RD & AEROSTAR DR,Municipal Road,Municipal - Municipal,Possible/Unknown Injury Crash,2500,Lost control,Alcohol (Statutory),60,>= 60 and <= 64,Male
20191115193,2019-003830,20190525,4708331,691656,03:33,Saturday,Dubuque,Local Road,9999,Unknown - Not Indicated - Unlocated,Mainline,Not reported,W 11TH ST & IOWA ST,Municipal Road,Municipal - Municipal,Property Damage Only,2000,Lost control,Refused,34,>= 30 and <= 34,Male
20191115195,2019-003843,20190525,4710870,690246,17:25,Saturday,Dubuque,Local Road,9999,Unknown - Not Indicated - Unlocated,Mainline,Not reported,SAUNDERS ST & LEMON ST,Municipal Road,Municipal - Municipal,Suspected Minor Injury Crash,10000,FTYROW:  Making left turn,Alcohol (Statutory),27,>= 25 and <= 29,Female
20191115195,2019-003843,20190525,4710870,690246,17:25,Saturday,Dubuque,Local Road,9999,Unknown - Not Indicated - Unlocated,Mainline,Not reported,SAUNDERS ST & LEMON ST,Municipal Road,Municipal - Municipal,Suspected Minor Injury Crash,10000,FTYROW:  Making left turn,Alcohol (Statutory),88,>= 85 and <= 89,Female
20191115203,S19-001393,20190524,4569718,256579,03:03,Friday,Pottawattamie,Interstate,29,Southbound (SB),Mainline,Not reported,I-29,Interstate,Not Indicated as an Intersection,Property Damage Only,8500,Lost control,Alcohol (Statutory),29,>= 25 and <= 29,Not reported
20191115210,S19-001419,20190527,4563137,296703,21:10,Monday,Pottawattamie,Local Road,9999,Unknown - Not Indicated - Unlocated,Mainline,Not reported,EVANS ST & CLAYTON ST,Municipal Road,Municipal - Municipal,Suspected Minor Injury Crash,100,Exceeded authorized speed,Under Influence of Alcohol/Drugs/Medications,32,>= 30 and <= 34,Male
20191115234,19-16555,20190525,4710243,220954,01:08,Saturday,Woodbury,Local Road,9999,Unknown - Not Indicated - Unlocated,Mainline,Not reported,4TH ST,Municipal Road,Not Indicated as an Intersection,Suspected Minor Injury Crash,1000,Lost control,Alcohol (Statutory),31,>= 30 and <= 34,Male
20191115238,19-16816,20190526,4714128,223713,23:35,Sunday,Woodbury,Local Road,9999,Unknown - Not Indicated - Unlocated,Mainline,Not reported,OUTER DR N,Municipal Road,Not Indicated as an Intersection,Property Damage Only,5300,Lost control,Alcohol (Statutory),26,>= 25 and <= 29,Female
20191115258,19-008714,20190519,4724840,543110,01:30,Sunday,Bremer,US Route,218,Southbound (SB),Mainline,Not reported,US 218,US Route,Not Indicated as an Intersection,Property Damage Only,15350,Ran off road - left,Alcohol (Statutory),42,>= 40 and <= 44,Male
20191115274,2019-16042,20190525,4578506,451529,11:39,Saturday,Warren,Iowa Route,92,No Travel Direction Consistent with Route,Mainline,Not reported,IA 92/W 2ND AVE,Iowa Route,Not Indicated as an Intersection,Property Damage Only,3000,FTYROW:  From driveway,Alcohol (Statutory),87,>= 85 and <= 89,Male
20191115274,2019-16042,20190525,4578506,451529,11:39,Saturday,Warren,Iowa Route,92,No Travel Direction Consistent with Route,Mainline,Not reported,IA 92/W 2ND AVE,Iowa Route,Not Indicated as an Intersection,Property Damage Only,3000,FTYROW:  From driveway,Alcohol (Statutory),29,>= 25 and <= 29,Male
20191115352,201900026005,20190519,4539102,550089,19:03,Sunday,Wapello,US Route,34,Ramp,Ramp,Not reported,US 34/NW RAMP,US Route,Not Indicated as an Intersection,Suspected Minor Injury Crash,7500,Lost control,Alcohol (Statutory),45,>= 45 and <= 49,Male
20191115415,2019-40003,20190518,4599421,701626,21:34,Saturday,Scott,US Route,67,Ramp,Ramp,Not reported,US 67/GAINES ST/NE RAMP,US Route,US Route - US Route,Suspected Minor Injury Crash,4000,Followed too close,Refused,62,>= 60 and <= 64,Male
20191115415,2019-40003,20190518,4599421,701626,21:34,Saturday,Scott,US Route,67,Ramp,Ramp,Not reported,US 67/GAINES ST/NE RAMP,US Route,US Route - US Route,Suspected Minor Injury Crash,4000,Followed too close,Refused,47,>= 45 and <= 49,Male
20191115453,CLP19001754,20190529,4639507,733715,00:44,Wednesday,Clinton,Local Road,9999,Unknown - Not Indicated - Unlocated,Mainline,Not reported,N 3RD ST,Municipal Road,Not Indicated as an Intersection,Suspected Minor Injury Crash,6500,Ran off road - right,Alcohol (Statutory),35,>= 35 and <= 39,Female
20191115480,2019-003761,20190522,4710746,689199,16:44,Wednesday,Dubuque,Local Road,9999,Unknown - Not Indicated - Unlocated,Mainline,Not reported,W 32ND ST & GRANDVIEW AVE N,Municipal Road,Municipal - Municipal,Property Damage Only,5000,Ran stop sign,Alcohol (Statutory),47,>= 45 and <= 49,Female
20191115480,2019-003761,20190522,4710746,689199,16:44,Wednesday,Dubuque,Local Road,9999,Unknown - Not Indicated - Unlocated,Mainline,Not reported,W 32ND ST & GRANDVIEW AVE N,Municipal Road,Municipal - Municipal,Property Damage Only,5000,Ran stop sign,Alcohol (Statutory),58,>= 55 and <= 59,Male
20191115490,A19-032,20190512,4576793,416075,02:47,Sunday,Madison,Local Road,9999,Unknown - Not Indicated - Unlocated,Mainline,Not reported,E FILMORE ST & N 10TH ST,Municipal Road,Municipal - Municipal,Property Damage Only,10500,Other,Alcohol (Statutory),27,>= 25 and <= 29,Female
20191115490,A19-032,20190512,4576793,416075,02:47,Sunday,Madison,Local Road,9999,Unknown - Not Indicated - Unlocated,Mainline,Not reported,E FILMORE ST & N 10TH ST,Municipal Road,Municipal - Municipal,Property Damage Only,10500,Other,Alcohol (Statutory),200,,Not reported
20191115535,19050523,20190518,4536307,534774,00:51,Saturday,Wapello,Farm to Market Route,9999,Unknown - Not Indicated - Unlocated,Mainline,Not reported,Co Rd H41/BLUEGRASS RD,Secondary Road,Not Indicated as an Intersection,Suspected Minor Injury Crash,19000,Ran off road - right,Alcohol (Statutory),37,>= 35 and <= 39,Female
20191115596,19004895,20190520,4715172,456444,03:02,Monday,Wright,Interstate,35,Southbound (SB),Mainline,Not reported,I-35,Interstate,Not Indicated as an Intersection,Suspected Minor Injury Crash,7500,Exceeded authorized speed,Refused,29,>= 25 and <= 29,Male
20191115596,19004895,20190520,4715172,456444,03:02,Monday,Wright,Interstate,35,Southbound (SB),Mainline,Not reported,I-35,Interstate,Not Indicated as an Intersection,Suspected Minor Injury Crash,7500,Exceeded authorized speed,Refused,62,>= 60 and <= 64,Male
20191115633,PDI20190531,20190526,4621305,522772,20:24,Sunday,Poweshiek,Farm to Market Route,9999,Unknown - Not Indicated - Unlocated,Mainline,Not reported,4TH AVE,Municipal Road,Not Indicated as an Intersection,Property Damage Only,3000,FTYROW:  From parked position,Under Influence of Alcohol/Drugs/Medications,200,,Not reported
20191115633,PDI20190531,20190526,4621305,522772,20:24,Sunday,Poweshiek,Farm to Market Route,9999,Unknown - Not Indicated - Unlocated,Mainline,Not reported,4TH AVE,Municipal Road,Not Indicated as an Intersection,Property Damage Only,3000,FTYROW:  From parked position,Under Influence of Alcohol/Drugs/Medications,46,>= 45 and <= 49,Female
20191115634,19-003366,20190419,4789153,360273,04:19,Friday,Palo Alto,Farm to Market Route,9999,Unknown - Not Indicated - Unlocated,Mainline,Not reported,Co Rd B14/280 ST,Secondary Road,Not Indicated as an Intersection,Suspected Minor Injury Crash,4500,Ran off road - right,Alcohol (Statutory),25,>= 25 and <= 29,Male
20191115665,PD19-01281,20190527,4656056,507065,01:43,Monday,Marshall,Local Road,9999,Unknown - Not Indicated - Unlocated,Mainline,Not reported,N 1ST ST,Municipal Road,Not Indicated as an Intersection,Property Damage Only,6500,Other,Refused,42,>= 40 and <= 44,Female
20191115665,PD19-01281,20190527,4656056,507065,01:43,Monday,Marshall,Local Road,9999,Unknown - Not Indicated - Unlocated,Mainline,Not reported,N 1ST ST,Municipal Road,Not Indicated as an Intersection,Property Damage Only,6500,Other,Refused,200,,Not reported
20191115673,CG1900814,20190525,4769519,472323,00:57,Saturday,Cerro Gordo,Farm to Market Route,9999,Unknown - Not Indicated - Unlocated,Mainline,Not reported,INDIGO AVE,Secondary Road,Not Indicated as an Intersection,Suspected Minor Injury Crash,8100,Operating vehicle in an reckless, erratic, careless, negligent manner,Alcohol (Statutory),36,>= 35 and <= 39,Male
20191115691,19-06267,20190517,4652041,664816,20:25,Friday,Jones,Farm to Market Route,9999,Unknown - Not Indicated - Unlocated,Mainline,Not reported,Co Rd X75/65 AVE,Secondary Road,Not Indicated as an Intersection,Property Damage Only,5000,Driver Distraction:  Other interior distraction,Under Influence of Alcohol/Drugs/Medications,60,>= 60 and <= 64,Male
20191115731,201908532,20190530,4646570,610839,00:05,Thursday,Linn,Local Road,9999,Unknown - Not Indicated - Unlocated,Mainline,Not reported,16TH AVE SW & D ST SW,Municipal Road,Municipal - Municipal,Suspected Serious Injury Crash,14500,Ran off road - right,Refused,60,>= 60 and <= 64,Male
20191115737,19-170527-01,20190527,4634244,584137,20:00,Monday,Iowa,Local Road,9999,Unknown - Not Indicated - Unlocated,Mainline,Not reported,Co Rd W12/Q AVE,Secondary Road,Not Indicated as an Intersection,Suspected Minor Injury Crash,3000,Driving too fast for conditions,Alcohol (Statutory),28,>= 25 and <= 29,Male
20191115845,20190016167,20190531,4604312,448300,00:48,Friday,Polk,Local Road,9999,Unknown - Not Indicated - Unlocated,Mainline,Not reported,GRAND AVE & E GRAND AVE & 2ND AVE,Municipal Road,Municipal - Municipal,Suspected Minor Injury Crash,10000,Ran traffic signal,Refused,32,>= 30 and <= 34,Female
20191115845,20190016167,20190531,4604312,448300,00:48,Friday,Polk,Local Road,9999,Unknown - Not Indicated - Unlocated,Mainline,Not reported,GRAND AVE & E GRAND AVE & 2ND AVE,Municipal Road,Municipal - Municipal,Suspected Minor Injury Crash,10000,Ran traffic signal,Refused,30,>= 30 and <= 34,Male
20191115855,19-17951,20190531,4519676,659889,02:11,Friday,Des Moines,Local Road,9999,Unknown - Not Indicated - Unlocated,Mainline,Not reported,5TH ST,Municipal Road,Not Indicated as an Intersection,Possible/Unknown Injury Crash,6500,Lost control,Refused,23,>= 21 and <= 24,Male
20191115855,19-17951,20190531,4519676,659889,02:11,Friday,Des Moines,Local Road,9999,Unknown - Not Indicated - Unlocated,Mainline,Not reported,5TH ST,Municipal Road,Not Indicated as an Intersection,Possible/Unknown Injury Crash,6500,Lost control,Refused,200,,Not reported
20191115857,PD19-01272,20190526,4654839,506543,01:17,Sunday,Marshall,Local Road,9999,Unknown - Not Indicated - Unlocated,Mainline,Not reported,S 5TH ST,Municipal Road,Not Indicated as an Intersection,Possible/Unknown Injury Crash,11688,FTYROW:  From stop sign,Alcohol (Statutory),22,>= 21 and <= 24,Male
20191115857,PD19-01272,20190526,4654839,506543,01:17,Sunday,Marshall,Local Road,9999,Unknown - Not Indicated - Unlocated,Mainline,Not reported,S 5TH ST,Municipal Road,Not Indicated as an Intersection,Possible/Unknown Injury Crash,11688,FTYROW:  From stop sign,Alcohol (Statutory),19,= 19,Male
20191115857,PD19-01272,20190526,4654839,506543,01:17,Sunday,Marshall,Local Road,9999,Unknown - Not Indicated - Unlocated,Mainline,Not reported,S 5TH ST,Municipal Road,Not Indicated as an Intersection,Possible/Unknown Injury Crash,11688,FTYROW:  From stop sign,Alcohol (Statutory),200,,Not reported
20191115893,05-19-396,20190523,4741944,240025,18:30,Thursday,Plymouth,Local Road,9999,Unknown - Not Indicated - Unlocated,Mainline,Not reported,6TH ST SW & 8TH AVE SW,Municipal Road,Municipal - Municipal,Property Damage Only,2750,Ran off road - right,Alcohol (< Statutory),44,>= 40 and <= 44,Male
20191115991,19003974,20190528,4528065,274875,22:16,Tuesday,Fremont,Farm to Market Route,9999,Unknown - Not Indicated - Unlocated,Mainline,Not reported,Co Rd J18/120 ST,Secondary Road,Not Indicated as an Intersection,Property Damage Only,2000,Made improper turn,Under Influence of Alcohol/Drugs/Medications,37,>= 35 and <= 39,Male
20191116010,19-16244,20190518,4521511,656719,05:23,Saturday,Des Moines,US Route,61,Southbound (SB),Mainline,Not reported,US 61,US Route,Not Indicated as an Intersection,Property Damage Only,3500,Passing:  On wrong side,Refused,21,>= 21 and <= 24,Female
20191116010,19-16244,20190518,4521511,656719,05:23,Saturday,Des Moines,US Route,61,Southbound (SB),Mainline,Not reported,US 61,US Route,Not Indicated as an Intersection,Property Damage Only,3500,Passing:  On wrong side,Refused,80,>= 80 and <= 84,Male
20191116236,201901906,20190602,4661167,619891,15:42,Sunday,Linn,Iowa Route,13,Northbound (NB),Mainline,Not reported,IA 13/IOWA 13,Iowa Route,Not Indicated as an Intersection,Possible/Unknown Injury Crash,22500,Operating vehicle in an reckless, erratic, careless, negligent manner,Alcohol (Statutory),56,>= 55 and <= 59,Female
20191116236,201901906,20190602,4661167,619891,15:42,Sunday,Linn,Iowa Route,13,Northbound (NB),Mainline,Not reported,IA 13/IOWA 13,Iowa Route,Not Indicated as an Intersection,Possible/Unknown Injury Crash,22500,Operating vehicle in an reckless, erratic, careless, negligent manner,Alcohol (Statutory),54,>= 50 and <= 54,Male
20191116236,201901906,20190602,4661167,619891,15:42,Sunday,Linn,Iowa Route,13,Northbound (NB),Mainline,Not reported,IA 13/IOWA 13,Iowa Route,Not Indicated as an Intersection,Possible/Unknown Injury Crash,22500,Operating vehicle in an reckless, erratic, careless, negligent manner,Alcohol (Statutory),57,>= 55 and <= 59,Male
20191116238,J19000487,20190601,4604241,597824,17:27,Saturday,Johnson,Local Road,9999,Unknown - Not Indicated - Unlocated,Mainline,Not reported,Co Rd W38/480TH ST,Secondary Road,Not Indicated as an Intersection,Possible/Unknown Injury Crash,14000,Ran off road - left,Refused,64,>= 60 and <= 64,Male
20191116242,1904036,20190529,4540702,586407,22:00,Wednesday,Jefferson,Farm to Market Route,9999,Unknown - Not Indicated - Unlocated,Mainline,Not reported,W KIRKWOOD AVE,Municipal Road,Not Indicated as an Intersection,Property Damage Only,13100,Driver Distraction:  Other interior distraction,Alcohol (Statutory),200,,Not reported
20191116242,1904036,20190529,4540702,586407,22:00,Wednesday,Jefferson,Farm to Market Route,9999,Unknown - Not Indicated - Unlocated,Mainline,Not reported,W KIRKWOOD AVE,Municipal Road,Not Indicated as an Intersection,Property Damage Only,13100,Driver Distraction:  Other interior distraction,Alcohol (Statutory),200,,Not reported
20191116242,1904036,20190529,4540702,586407,22:00,Wednesday,Jefferson,Farm to Market Route,9999,Unknown - Not Indicated - Unlocated,Mainline,Not reported,W KIRKWOOD AVE,Municipal Road,Not Indicated as an Intersection,Property Damage Only,13100,Driver Distraction:  Other interior distraction,Alcohol (Statutory),200,,Not reported
20191116242,1904036,20190529,4540702,586407,22:00,Wednesday,Jefferson,Farm to Market Route,9999,Unknown - Not Indicated - Unlocated,Mainline,Not reported,W KIRKWOOD AVE,Municipal Road,Not Indicated as an Intersection,Property Damage Only,13100,Driver Distraction:  Other interior distraction,Alcohol (Statutory),200,,Not reported
20191116242,1904036,20190529,4540702,586407,22:00,Wednesday,Jefferson,Farm to Market Route,9999,Unknown - Not Indicated - Unlocated,Mainline,Not reported,W KIRKWOOD AVE,Municipal Road,Not Indicated as an Intersection,Property Damage Only,13100,Driver Distraction:  Other interior distraction,Alcohol (Statutory),48,>= 45 and <= 49,Male
20191116269,J19000488,20190602,4599103,624985,16:34,Sunday,Johnson,Farm to Market Route,9999,Unknown - Not Indicated - Unlocated,Mainline,Not reported,Co Rd W66/SAND RD,Secondary Road,Not Indicated as an Intersection,Possible/Unknown Injury Crash,20000,Exceeded authorized speed,Refused,31,>= 30 and <= 34,Male
20191116286,19004739,20190602,4542436,435974,04:23,Sunday,Clarke,US Route,34,Eastbound (EB),Mainline,Not reported,US 34/E MC LANE ST,US Route,Not Indicated as an Intersection,Property Damage Only,35000,Ran off road - right,Alcohol (Statutory),28,>= 25 and <= 29,Male
20191116367,19-6910,20190602,4812539,330806,17:57,Sunday,Dickinson,Local Road,9999,Unknown - Not Indicated - Unlocated,Mainline,Not reported,140TH ST & 253RD AVE,Municipal Road,Municipal - Municipal,Property Damage Only,5650,Ran stop sign,Alcohol (Statutory),38,>= 35 and <= 39,Male
20191116367,19-6910,20190602,4812539,330806,17:57,Sunday,Dickinson,Local Road,9999,Unknown - Not Indicated - Unlocated,Mainline,Not reported,140TH ST & 253RD AVE,Municipal Road,Municipal - Municipal,Property Damage Only,5650,Ran stop sign,Alcohol (Statutory),81,>= 80 and <= 84,Male
20191116385,2019-44640,20190602,4600577,700845,15:57,Sunday,Scott,Local Road,9999,Unknown - Not Indicated - Unlocated,Mainline,Not reported,W 12TH ST,Municipal Road,Not Indicated as an Intersection,Property Damage Only,3000,Lost control,Under Influence of Alcohol/Drugs/Medications,200,,Not reported
20191116385,2019-44640,20190602,4600577,700845,15:57,Sunday,Scott,Local Road,9999,Unknown - Not Indicated - Unlocated,Mainline,Not reported,W 12TH ST,Municipal Road,Not Indicated as an Intersection,Property Damage Only,3000,Lost control,Under Influence of Alcohol/Drugs/Medications,200,,Not reported
20191116490,201908717,20190601,4642008,611385,23:22,Saturday,Linn,Farm to Market Route,9999,Unknown - Not Indicated - Unlocated,Mainline,Not reported,KIRKWOOD BLVD SW,Municipal Road,Not Indicated as an Intersection,Property Damage Only,8000,Lost control,Alcohol (Statutory),26,>= 25 and <= 29,Male
20191116498,201901915,20190603,4661193,617097,17:54,Monday,Linn,Farm to Market Route,9999,Unknown - Not Indicated - Unlocated,Mainline,Not reported,Co Rd E34/COUNTY HOME RD & WINSLOW RD,Secondary Road,Secondary - Secondary,Property Damage Only,3500,Ran off road - right,Under Influence of Alcohol/Drugs/Medications,37,>= 35 and <= 39,Female
20191116523,2019-004122,20190525,4708870,691423,03:36,Saturday,Dubuque,Local Road,9999,Unknown - Not Indicated - Unlocated,Mainline,Not reported,W 17TH ST & IOWA ST,Municipal Road,Municipal - Municipal,Property Damage Only,5417,Lost control,Under Influence of Alcohol/Drugs/Medications,34,>= 30 and <= 34,Male
20191116523,2019-004122,20190525,4708870,691423,03:36,Saturday,Dubuque,Local Road,9999,Unknown - Not Indicated - Unlocated,Mainline,Not reported,W 17TH ST & IOWA ST,Municipal Road,Municipal - Municipal,Property Damage Only,5417,Lost control,Under Influence of Alcohol/Drugs/Medications,200,,Not reported
20191116568,2019014120,20190523,4499461,636978,22:28,Thursday,Lee,US Route,61,Southbound (SB),Mainline,Not reported,US 61,US Route,Not Indicated as an Intersection,Fatal Crash,10000,Ran off road - left,Alcohol (Statutory),46,>= 45 and <= 49,Male
20191116607,19-010401,20190603,4572186,260761,19:16,Monday,Pottawattamie,Farm to Market Route,9999,Unknown - Not Indicated - Unlocated,Mainline,Not reported,N 8TH ST,Municipal Road,Not Indicated as an Intersection,Possible/Unknown Injury Crash,4500,99,Alcohol (Statutory),27,>= 25 and <= 29,Female
20191116607,19-010401,20190603,4572186,260761,19:16,Monday,Pottawattamie,Farm to Market Route,9999,Unknown - Not Indicated - Unlocated,Mainline,Not reported,N 8TH ST,Municipal Road,Not Indicated as an Intersection,Possible/Unknown Injury Crash,4500,99,Alcohol (Statutory),30,>= 30 and <= 34,Female