Case Number,Law Enforcement Case Number,Date of Crash,Y-Coordinate (UTM NAD 83 Zone 15),X-Coordinate (UTM NAD 83 Zone 15),Time,Day of Week,County,Road System,Route,Cardinal Direction of Vehicles,Mainline or Ramp,Overpass/Underpass Information,Derived Literal Description,Road Classification,Intersection Class,Crash Severity,Amount of Property Damage,Major Cause,Drug or Alcohol Related,Driver Age,Driver Age - 5 year Bins,Driver Gender
20191116652,20190016735,20190604,4597884,454610,15:37,Tuesday,Polk,Local Road,9999,Unknown - Not Indicated - Unlocated,Mainline,Not reported,SE 36TH ST,Municipal Road,Not Indicated as an Intersection,Property Damage Only,4600,Ran off road - right,Alcohol (Statutory),56,>= 55 and <= 59,Female
20191116671,201908650,20190531,4648615,610727,21:00,Friday,Linn,Iowa Route,922,No Travel Direction Consistent with Route,Mainline,Not reported,IA 922/1ST AVE E,Iowa Route,Not Indicated as an Intersection,Suspected Minor Injury Crash,33500,Lost control,Alcohol (Statutory),200,,Not reported
20191116671,201908650,20190531,4648615,610727,21:00,Friday,Linn,Iowa Route,922,No Travel Direction Consistent with Route,Mainline,Not reported,IA 922/1ST AVE E,Iowa Route,Not Indicated as an Intersection,Suspected Minor Injury Crash,33500,Lost control,Alcohol (Statutory),200,,Not reported
20191116671,201908650,20190531,4648615,610727,21:00,Friday,Linn,Iowa Route,922,No Travel Direction Consistent with Route,Mainline,Not reported,IA 922/1ST AVE E,Iowa Route,Not Indicated as an Intersection,Suspected Minor Injury Crash,33500,Lost control,Alcohol (Statutory),22,>= 21 and <= 24,Female
20191116678,201908873,20190604,4647372,610255,18:40,Tuesday,Linn,Local Road,9999,Unknown - Not Indicated - Unlocated,Mainline,Not reported,DIAGONAL DR SW & 1ST ST SW,Municipal Road,Municipal - Municipal,Property Damage Only,3500,Lost control,Alcohol (Statutory),21,>= 21 and <= 24,Female
20191116678,201908873,20190604,4647372,610255,18:40,Tuesday,Linn,Local Road,9999,Unknown - Not Indicated - Unlocated,Mainline,Not reported,DIAGONAL DR SW & 1ST ST SW,Municipal Road,Municipal - Municipal,Property Damage Only,3500,Lost control,Alcohol (Statutory),38,>= 35 and <= 39,Female
20191116688,19-00805,20190604,4607308,430545,07:55,Tuesday,Dallas,Local Road,9999,Unknown - Not Indicated - Unlocated,Mainline,Not reported,NW 156TH ST,Municipal Road,Not Indicated as an Intersection,Property Damage Only,2000,Followed too close,Alcohol (Statutory),53,>= 50 and <= 54,Female
20191116688,19-00805,20190604,4607308,430545,07:55,Tuesday,Dallas,Local Road,9999,Unknown - Not Indicated - Unlocated,Mainline,Not reported,NW 156TH ST,Municipal Road,Not Indicated as an Intersection,Property Damage Only,2000,Followed too close,Alcohol (Statutory),26,>= 25 and <= 29,Male
20191116721,19-004118,20190601,4700470,433022,23:28,Saturday,Hamilton,Local Road,9999,Unknown - Not Indicated - Unlocated,Mainline,Not reported,FAIRMEADOW DR,Municipal Road,Not Indicated as an Intersection,Suspected Minor Injury Crash,12000,Operating vehicle in an reckless, erratic, careless, negligent manner,Alcohol (Statutory),20,= 20,Male
20191116721,19-004118,20190601,4700470,433022,23:28,Saturday,Hamilton,Local Road,9999,Unknown - Not Indicated - Unlocated,Mainline,Not reported,FAIRMEADOW DR,Municipal Road,Not Indicated as an Intersection,Suspected Minor Injury Crash,12000,Operating vehicle in an reckless, erratic, careless, negligent manner,Alcohol (Statutory),20,= 20,Male
20191116772,19008175,20190603,4613744,637474,23:05,Monday,Cedar,Interstate,80,Ramp,Ramp,Not reported,I-80,Interstate,Not Indicated as an Intersection,Property Damage Only,3500,Ran off road - left,Refused,36,>= 35 and <= 39,Female
20191116802,2019008124,20190322,4599853,426167,23:26,Friday,Dallas,Farm to Market Route,9999,Unknown - Not Indicated - Unlocated,Mainline,Not reported,Co Rd R22/UTE AVE & 340TH TRL,Secondary Road,Secondary - Secondary,Fatal Crash,11200,Operating vehicle in an reckless, erratic, careless, negligent manner,Alcohol (Statutory),40,>= 40 and <= 44,Female
20191116843,19004018,20190604,4744909,521885,20:00,Tuesday,Butler,Farm to Market Route,9999,Unknown - Not Indicated - Unlocated,Mainline,Not reported,Co Rd T47/PACKARD AVE,Secondary Road,Not Indicated as an Intersection,Possible/Unknown Injury Crash,10000,Over correcting/over steering,Alcohol (Statutory),31,>= 30 and <= 34,Male
20191116899,19013772,20190605,4654517,615941,19:05,Wednesday,Linn,Farm to Market Route,9999,Unknown - Not Indicated - Unlocated,Mainline,Not reported,10TH ST,Municipal Road,Not Indicated as an Intersection,Property Damage Only,1500,Operating vehicle in an reckless, erratic, careless, negligent manner,Alcohol (Statutory),65,>= 65 and <= 69,Female
20191116899,19013772,20190605,4654517,615941,19:05,Wednesday,Linn,Farm to Market Route,9999,Unknown - Not Indicated - Unlocated,Mainline,Not reported,10TH ST,Municipal Road,Not Indicated as an Intersection,Property Damage Only,1500,Operating vehicle in an reckless, erratic, careless, negligent manner,Alcohol (Statutory),26,>= 25 and <= 29,Male
20191116914,PDI20190519,20190524,4621630,522667,04:52,Friday,Poweshiek,US Route,6,Eastbound (EB),Mainline,Not reported,US 6/6TH AVE & IA 146/WEST ST,US Route,US Route - IA Route,Property Damage Only,4500,Ran off road - right,Refused,22,>= 21 and <= 24,Male
20191116981,2019014837,20190531,4595100,368838,09:06,Friday,Adair,Interstate,80,Westbound (WB),Mainline,Not reported,I-80,Interstate,Not Indicated as an Intersection,Suspected Serious Injury Crash,6500,Operating vehicle in an reckless, erratic, careless, negligent manner,Alcohol (Statutory),29,>= 25 and <= 29,Male
20191116981,2019014837,20190531,4595100,368838,09:06,Friday,Adair,Interstate,80,Westbound (WB),Mainline,Not reported,I-80,Interstate,Not Indicated as an Intersection,Suspected Serious Injury Crash,6500,Operating vehicle in an reckless, erratic, careless, negligent manner,Alcohol (Statutory),64,>= 60 and <= 64,Male
20191116986,2019015377,20190605,4585800,434802,00:10,Wednesday,Warren,Interstate,35,Southbound (SB),Mainline,Not reported,I-35,Interstate,Not Indicated as an Intersection,Property Damage Only,6350,Ran off road - left,Alcohol (Statutory),27,>= 25 and <= 29,Female
20191117305,2019-45873,20190606,4599878,698912,06:40,Thursday,Scott,Local Road,9999,Unknown - Not Indicated - Unlocated,Mainline,Not reported,WAVERLY RD,Municipal Road,Not Indicated as an Intersection,Property Damage Only,10000,Operating vehicle in an reckless, erratic, careless, negligent manner,Alcohol (Statutory),34,>= 30 and <= 34,Female
20191117314,20190017171,20190607,4597368,449405,23:22,Friday,Polk,Local Road,9999,Unknown - Not Indicated - Unlocated,Mainline,Not reported,E ARMY POST RD & SE 5TH ST,Municipal Road,Municipal - Municipal,Property Damage Only,1600,Crossed median (divided),Alcohol (Statutory),24,>= 21 and <= 24,Not reported
20191117316,20190017189,20190608,4600207,447815,03:02,Saturday,Polk,Local Road,9999,Unknown - Not Indicated - Unlocated,Mainline,Not reported,THORNTON AVE & SW 9TH ST,Municipal Road,Municipal - Municipal,Property Damage Only,4500,Lost control,Alcohol (Statutory),18,= 18,Male
20191117351,2019015638,20190608,4545096,390831,01:50,Saturday,Union,US Route,34,Westbound (WB),Mainline,Not reported,US 34 & Co Rd P39/JAGUAR AVE,US Route,US Route - Secondary,Suspected Serious Injury Crash,7500,Ran off road - right,Alcohol (Statutory),23,>= 21 and <= 24,Male
20191117381,19-4161,20190608,4616289,446845,21:01,Saturday,Polk,Farm to Market Route,9999,Unknown - Not Indicated - Unlocated,Mainline,Not reported,Co Rd R56/NW 6TH DR/NW 16TH ST,Secondary Road,Secondary - Secondary,Suspected Minor Injury Crash,28027,Ran stop sign,Drug,40,>= 40 and <= 44,Male
20191117381,19-4161,20190608,4616289,446845,21:01,Saturday,Polk,Farm to Market Route,9999,Unknown - Not Indicated - Unlocated,Mainline,Not reported,Co Rd R56/NW 6TH DR/NW 16TH ST,Secondary Road,Secondary - Secondary,Suspected Minor Injury Crash,28027,Ran stop sign,Drug,200,,Not reported
20191117383,19-004107,20190609,4656952,243286,01:00,Sunday,Monona,Local Road,9999,Unknown - Not Indicated - Unlocated,Mainline,Not reported,GRANITE ST,Municipal Road,Not Indicated as an Intersection,Property Damage Only,1550,Ran off road - left,Alcohol (Statutory),67,>= 65 and <= 69,Male
20191117402,2019-46659,20190608,4600675,700116,13:56,Saturday,Scott,Local Road,9999,Unknown - Not Indicated - Unlocated,Mainline,Not reported,W 13TH ST & N DIVISION ST,Municipal Road,Municipal - Municipal,Property Damage Only,5000,FTYROW:  From stop sign,Refused,36,>= 35 and <= 39,Male
20191117402,2019-46659,20190608,4600675,700116,13:56,Saturday,Scott,Local Road,9999,Unknown - Not Indicated - Unlocated,Mainline,Not reported,W 13TH ST & N DIVISION ST,Municipal Road,Municipal - Municipal,Property Damage Only,5000,FTYROW:  From stop sign,Refused,27,>= 25 and <= 29,Male
20191117421,201909016,20190607,4653010,606786,01:55,Friday,Linn,Local Road,9999,Unknown - Not Indicated - Unlocated,Mainline,Not reported,42ND ST NE,Municipal Road,Not Indicated as an Intersection,Property Damage Only,6000,Ran off road - left,Alcohol (Statutory),46,>= 45 and <= 49,Male
20191117435,201909070,20190608,4648916,610534,00:30,Saturday,Linn,Interstate,380,Ramp,Ramp,Not reported,I-380 & C AVE NE & 7TH ST NE & 8TH ST NE,Interstate,Interstate - Municipal,Property Damage Only,3000,Traveling wrong way or on wrong side of road,Alcohol (Statutory),40,>= 40 and <= 44,Male
20191117435,201909070,20190608,4648916,610534,00:30,Saturday,Linn,Interstate,380,Ramp,Ramp,Not reported,I-380 & C AVE NE & 7TH ST NE & 8TH ST NE,Interstate,Interstate - Municipal,Property Damage Only,3000,Traveling wrong way or on wrong side of road,Alcohol (Statutory),29,>= 25 and <= 29,Male
20191117442,2019015687,20190609,4503112,587264,07:15,Sunday,Van Buren,Iowa Route,2,Westbound (WB),Mainline,Not reported,IA 2/IOWA 2 & LARK AVE,Iowa Route,IA Route - Secondary,Fatal Crash,6000,Ran off road - left,Alcohol (Statutory),56,>= 55 and <= 59,Female
20191117470,MC1902232,20190605,4777896,483144,19:08,Wednesday,Cerro Gordo,Local Road,9999,Unknown - Not Indicated - Unlocated,Mainline,Not reported,2ND ST NW & N MADISON AVE,Municipal Road,Municipal - Municipal,Property Damage Only,7000,FTYROW:  At uncontrolled intersection,Drug/Alcohol (Statutory),19,= 19,Male
20191117470,MC1902232,20190605,4777896,483144,19:08,Wednesday,Cerro Gordo,Local Road,9999,Unknown - Not Indicated - Unlocated,Mainline,Not reported,2ND ST NW & N MADISON AVE,Municipal Road,Municipal - Municipal,Property Damage Only,7000,FTYROW:  At uncontrolled intersection,Drug/Alcohol (Statutory),30,>= 30 and <= 34,Female
20191117484,20190017350,20190609,4608892,441877,17:58,Sunday,Polk,Iowa Route,28,Southbound (SB),Mainline,Not reported,IA 28/MERLE HAY RD,Iowa Route,Not Indicated as an Intersection,Possible/Unknown Injury Crash,3000,Operating vehicle in an reckless, erratic, careless, negligent manner,Under Influence of Alcohol/Drugs/Medications,43,>= 40 and <= 44,Male
20191117484,20190017350,20190609,4608892,441877,17:58,Sunday,Polk,Iowa Route,28,Southbound (SB),Mainline,Not reported,IA 28/MERLE HAY RD,Iowa Route,Not Indicated as an Intersection,Possible/Unknown Injury Crash,3000,Operating vehicle in an reckless, erratic, careless, negligent manner,Under Influence of Alcohol/Drugs/Medications,53,>= 50 and <= 54,Female
20191117496,19-010705,20190610,4570792,261412,01:38,Monday,Pottawattamie,Local Road,9999,Unknown - Not Indicated - Unlocated,Mainline,Not reported,9TH AVE,Municipal Road,Not Indicated as an Intersection,Suspected Minor Injury Crash,3000,Other,Alcohol (Statutory),53,>= 50 and <= 54,Male
20191117497,19034574,20190503,4706898,546127,02:30,Friday,Black Hawk,Local Road,9999,Unknown - Not Indicated - Unlocated,Mainline,Not reported,UNIVERSITY AVE & BOULDER DR,Municipal Road,Municipal - Municipal,Suspected Serious Injury Crash,12500,Ran off road - straight,Alcohol (Statutory),26,>= 25 and <= 29,Male
20191117513,19-010701,20190610,4571986,257171,00:05,Monday,Pottawattamie,Local Road,9999,Unknown - Not Indicated - Unlocated,Mainline,Not reported,AVE A,Municipal Road,Not Indicated as an Intersection,Property Damage Only,6000,Operating vehicle in an reckless, erratic, careless, negligent manner,Alcohol (Statutory),24,>= 21 and <= 24,Male
20191117513,19-010701,20190610,4571986,257171,00:05,Monday,Pottawattamie,Local Road,9999,Unknown - Not Indicated - Unlocated,Mainline,Not reported,AVE A,Municipal Road,Not Indicated as an Intersection,Property Damage Only,6000,Operating vehicle in an reckless, erratic, careless, negligent manner,Alcohol (Statutory),200,,Not reported
20191117513,19-010701,20190610,4571986,257171,00:05,Monday,Pottawattamie,Local Road,9999,Unknown - Not Indicated - Unlocated,Mainline,Not reported,AVE A,Municipal Road,Not Indicated as an Intersection,Property Damage Only,6000,Operating vehicle in an reckless, erratic, careless, negligent manner,Alcohol (Statutory),200,,Not reported
20191117522,19-000725,20190601,4656196,451886,01:05,Saturday,Story,Farm to Market Route,9999,Unknown - Not Indicated - Unlocated,Mainline,Not reported,Co Rd R63/N DAYTON AVE,Secondary Road,Not Indicated as an Intersection,Suspected Minor Injury Crash,2500,Operating vehicle in an reckless, erratic, careless, negligent manner,Alcohol (Statutory),26,>= 25 and <= 29,Male
20191117539,19-004088,20190608,4646975,242665,02:27,Saturday,Monona,Interstate,29,Southbound (SB),Mainline,Not reported,I-29,Interstate,Not Indicated as an Intersection,Property Damage Only,10000,Exceeded authorized speed,Alcohol (Statutory),37,>= 35 and <= 39,Not reported
20191117539,19-004088,20190608,4646975,242665,02:27,Saturday,Monona,Interstate,29,Southbound (SB),Mainline,Not reported,I-29,Interstate,Not Indicated as an Intersection,Property Damage Only,10000,Exceeded authorized speed,Alcohol (Statutory),20,= 20,Female
20191117582,19-07278,20190605,4678113,649619,17:52,Wednesday,Jones,Local Road,9999,Unknown - Not Indicated - Unlocated,Mainline,Not reported,E 3RD ST,Municipal Road,Not Indicated as an Intersection,Property Damage Only,2500,Driver Distraction:  Inattentive/lost in thought,Alcohol (Statutory),200,,Not reported
20191117582,19-07278,20190605,4678113,649619,17:52,Wednesday,Jones,Local Road,9999,Unknown - Not Indicated - Unlocated,Mainline,Not reported,E 3RD ST,Municipal Road,Not Indicated as an Intersection,Property Damage Only,2500,Driver Distraction:  Inattentive/lost in thought,Alcohol (Statutory),66,>= 65 and <= 69,Male
20191117595,19-18575,20190609,4713640,220538,17:57,Sunday,Woodbury,Local Road,9999,Unknown - Not Indicated - Unlocated,Mainline,Not reported,JACKSON ST,Municipal Road,Not Indicated as an Intersection,Property Damage Only,3200,Lost control,Refused,41,>= 40 and <= 44,Male
20191117595,19-18575,20190609,4713640,220538,17:57,Sunday,Woodbury,Local Road,9999,Unknown - Not Indicated - Unlocated,Mainline,Not reported,JACKSON ST,Municipal Road,Not Indicated as an Intersection,Property Damage Only,3200,Lost control,Refused,200,,Not reported
20191117624,19010397,20190609,4737028,544523,20:53,Sunday,Bremer,Local Road,9999,Unknown - Not Indicated - Unlocated,Mainline,Not reported,FAIRVIEW AVE,Secondary Road,Not Indicated as an Intersection,Property Damage Only,7000,Driver Distraction:  Other interior distraction,Alcohol (Statutory),28,>= 25 and <= 29,Male
20191117651,19-0471,20190608,4606857,441267,02:07,Saturday,Polk,Local Road,9999,Unknown - Not Indicated - Unlocated,Mainline,Not reported,FRANKLIN AVE & 64TH ST,Municipal Road,Municipal - Municipal,Suspected Minor Injury Crash,1000,Exceeded authorized speed,Refused,35,>= 35 and <= 39,Male
20191117863,2019005575,20190607,4614265,622487,21:20,Friday,Johnson,Local Road,9999,Unknown - Not Indicated - Unlocated,Mainline,Not reported,VAN BUREN ST,Municipal Road,Not Indicated as an Intersection,Possible/Unknown Injury Crash,4200,Operating vehicle in an reckless, erratic, careless, negligent manner,Alcohol (Statutory),43,>= 40 and <= 44,Male
20191117936,20190017582,20190611,4598240,447801,15:57,Tuesday,Polk,Local Road,9999,Unknown - Not Indicated - Unlocated,Mainline,Not reported,SW 9TH ST,Municipal Road,Not Indicated as an Intersection,Suspected Serious Injury Crash,1500,Unknown,Under Influence of Alcohol/Drugs/Medications,39,>= 35 and <= 39,Male
20191117942,2019-17775,20190609,4579462,454211,19:08,Sunday,Warren,Local Road,9999,Unknown - Not Indicated - Unlocated,Mainline,Not reported,E EUCLID AVE & N 9TH ST,Municipal Road,Municipal - Municipal,Property Damage Only,3000,FTYROW:  From stop sign,Alcohol (Statutory),43,>= 40 and <= 44,Female
20191117942,2019-17775,20190609,4579462,454211,19:08,Sunday,Warren,Local Road,9999,Unknown - Not Indicated - Unlocated,Mainline,Not reported,E EUCLID AVE & N 9TH ST,Municipal Road,Municipal - Municipal,Property Damage Only,3000,FTYROW:  From stop sign,Alcohol (Statutory),33,>= 30 and <= 34,Male
20191117943,SOI20190183,20190519,4602865,533577,04:30,Sunday,Poweshiek,Farm to Market Route,9999,Unknown - Not Indicated - Unlocated,Mainline,Not reported,Co Rd F57/DIAMOND TRAIL RD,Secondary Road,Not Indicated as an Intersection,Fatal Crash,7500,Ran off road - right,Under Influence of Alcohol/Drugs/Medications,49,>= 45 and <= 49,Female
20191117971,C19002198,20190611,4615830,616212,19:01,Tuesday,Johnson,US Route,6,Eastbound (EB),Mainline,Not reported,US 6/2ND ST & 25TH AVE,US Route,US Route - Municipal,Possible/Unknown Injury Crash,45000,Operating vehicle in an reckless, erratic, careless, negligent manner,Alcohol (Statutory),59,>= 55 and <= 59,Male
20191117971,C19002198,20190611,4615830,616212,19:01,Tuesday,Johnson,US Route,6,Eastbound (EB),Mainline,Not reported,US 6/2ND ST & 25TH AVE,US Route,US Route - Municipal,Possible/Unknown Injury Crash,45000,Operating vehicle in an reckless, erratic, careless, negligent manner,Alcohol (Statutory),48,>= 45 and <= 49,Female
20191117971,C19002198,20190611,4615830,616212,19:01,Tuesday,Johnson,US Route,6,Eastbound (EB),Mainline,Not reported,US 6/2ND ST & 25TH AVE,US Route,US Route - Municipal,Possible/Unknown Injury Crash,45000,Operating vehicle in an reckless, erratic, careless, negligent manner,Alcohol (Statutory),45,>= 45 and <= 49,Female
20191117973,19-2450,20190612,4716486,348957,00:20,Wednesday,Pocahontas,Local Road,9999,Unknown - Not Indicated - Unlocated,Mainline,Not reported,FAIRBURN ST,Municipal Road,Not Indicated as an Intersection,Suspected Minor Injury Crash,25000,Operating vehicle in an reckless, erratic, careless, negligent manner,Alcohol (Statutory),39,>= 35 and <= 39,Female
20191117975,19-010286,20190606,4540725,621874,01:00,Thursday,Henry,Farm to Market Route,9999,Unknown - Not Indicated - Unlocated,Mainline,Not reported,IOWA AVE,Secondary Road,Not Indicated as an Intersection,Suspected Serious Injury Crash,5000,Ran off road - left,Alcohol (Statutory),31,>= 30 and <= 34,Male
20191117996,19005416,20190608,4697831,632908,20:25,Saturday,Delaware,Local Road,9999,Unknown - Not Indicated - Unlocated,Mainline,Not reported,210TH AVE,Secondary Road,Not Indicated as an Intersection,Suspected Minor Injury Crash,0,Operating vehicle in an reckless, erratic, careless, negligent manner,Alcohol (Statutory),28,>= 25 and <= 29,Male
20191118024,19-004402,20190612,4678317,452947,00:42,Wednesday,Hamilton,Interstate,35,Northbound (NB),Mainline,Not reported,I-35,Interstate,Not Indicated as an Intersection,Suspected Minor Injury Crash,20000,Operating vehicle in an reckless, erratic, careless, negligent manner,Under Influence of Alcohol/Drugs/Medications,18,= 18,Male
20191118024,19-004402,20190612,4678317,452947,00:42,Wednesday,Hamilton,Interstate,35,Northbound (NB),Mainline,Not reported,I-35,Interstate,Not Indicated as an Intersection,Suspected Minor Injury Crash,20000,Operating vehicle in an reckless, erratic, careless, negligent manner,Under Influence of Alcohol/Drugs/Medications,200,,Male
20191118027,19-004860,20190610,4742635,650956,04:35,Monday,Clayton,US Route,52,Southbound (SB),Mainline,Not reported,US 52,US Route,Not Indicated as an Intersection,Suspected Minor Injury Crash,6000,Ran off road - left,Under Influence of Alcohol/Drugs/Medications,27,>= 25 and <= 29,Male
20191118041,S19-7678,20190604,4704392,269284,22:06,Tuesday,Woodbury,Local Road,9999,Unknown - Not Indicated - Unlocated,Mainline,Not reported,OBRIEN AVE,Secondary Road,Not Indicated as an Intersection,Suspected Serious Injury Crash,14000,Ran off road - straight,Under Influence of Alcohol/Drugs/Medications,36,>= 35 and <= 39,Male
20191118060,19062025,20190609,4512437,328303,02:20,Sunday,Page,Local Road,9999,Unknown - Not Indicated - Unlocated,Mainline,Not reported,E NISHNA ST & N 13TH ST,Municipal Road,Municipal - Municipal,Suspected Serious Injury Crash,37000,Exceeded authorized speed,Under Influence of Alcohol/Drugs/Medications,30,>= 30 and <= 34,Male
20191118060,19062025,20190609,4512437,328303,02:20,Sunday,Page,Local Road,9999,Unknown - Not Indicated - Unlocated,Mainline,Not reported,E NISHNA ST & N 13TH ST,Municipal Road,Municipal - Municipal,Suspected Serious Injury Crash,37000,Exceeded authorized speed,Under Influence of Alcohol/Drugs/Medications,34,>= 30 and <= 34,Male
20191118076,19-1569,20190519,4780154,625694,00:34,Sunday,Allamakee,Farm to Market Route,9999,Unknown - Not Indicated - Unlocated,Mainline,Not reported,Co Rd X16/FOREST MILLS RD,Secondary Road,Not Indicated as an Intersection,Suspected Minor Injury Crash,14000,Driver Distraction:  Other interior distraction,Alcohol (Statutory),36,>= 35 and <= 39,Male
20191118080,2019-001659,20190525,4798019,626516,04:00,Saturday,Allamakee,Iowa Route,9,No Travel Direction Consistent with Route,Mainline,Not reported,IA 9/IOWA 9,Iowa Route,Not Indicated as an Intersection,Possible/Unknown Injury Crash,12000,Exceeded authorized speed,Alcohol (Statutory),15,= 15,Male
20191118139,2019-47894,20190611,4603292,699785,21:36,Tuesday,Scott,Local Road,9999,Unknown - Not Indicated - Unlocated,Mainline,Not reported,W 36TH ST,Municipal Road,Not Indicated as an Intersection,Property Damage Only,3000,Lost control,Alcohol (Statutory),35,>= 35 and <= 39,Female
20191118139,2019-47894,20190611,4603292,699785,21:36,Tuesday,Scott,Local Road,9999,Unknown - Not Indicated - Unlocated,Mainline,Not reported,W 36TH ST,Municipal Road,Not Indicated as an Intersection,Property Damage Only,3000,Lost control,Alcohol (Statutory),200,,Not reported
20191118155,J19000522,20190612,4615699,599739,00:06,Wednesday,Johnson,Interstate,80,Ramp,Ramp,Not reported,I-80,Interstate,Not Indicated as an Intersection,Suspected Serious Injury Crash,10500,Ran off road - left,Under Influence of Alcohol/Drugs/Medications,45,>= 45 and <= 49,Male
20191118160,19004822,20190608,4693273,608937,22:00,Saturday,Buchanan,Farm to Market Route,9999,Unknown - Not Indicated - Unlocated,Mainline,Not reported,Co Rd W45/TROY MILLS BLVD,Secondary Road,Not Indicated as an Intersection,Suspected Serious Injury Crash,4000,Ran stop sign,Refused,38,>= 35 and <= 39,Male
20191118166,W19-046486,20190611,4702939,554857,23:02,Tuesday,Black Hawk,Local Road,9999,Unknown - Not Indicated - Unlocated,Mainline,Not reported,OREGON ST,Municipal Road,Not Indicated as an Intersection,Possible/Unknown Injury Crash,16000,Exceeded authorized speed,Alcohol (Statutory),20,= 20,Male
20191118166,W19-046486,20190611,4702939,554857,23:02,Tuesday,Black Hawk,Local Road,9999,Unknown - Not Indicated - Unlocated,Mainline,Not reported,OREGON ST,Municipal Road,Not Indicated as an Intersection,Possible/Unknown Injury Crash,16000,Exceeded authorized speed,Alcohol (Statutory),200,,Not reported
20191118171,19-003262,20190611,4623799,450102,22:49,Tuesday,Polk,US Route,69,Both North and South,Mainline,Not reported,US 69/N ANKENY BLVD & NE 41TH ST,US Route,US Route - Municipal,Suspected Minor Injury Crash,16000,FTYROW:  Making left turn,Drug/Alcohol (Statutory),22,>= 21 and <= 24,Male
20191118171,19-003262,20190611,4623799,450102,22:49,Tuesday,Polk,US Route,69,Both North and South,Mainline,Not reported,US 69/N ANKENY BLVD & NE 41TH ST,US Route,US Route - Municipal,Suspected Minor Injury Crash,16000,FTYROW:  Making left turn,Drug/Alcohol (Statutory),52,>= 50 and <= 54,Female
20191118230,2019-004367,20190612,4707454,691600,09:12,Wednesday,Dubuque,Local Road,9999,Unknown - Not Indicated - Unlocated,Mainline,Not reported,W 3RD ST,Municipal Road,Not Indicated as an Intersection,Property Damage Only,9000,Lost control,Drug,200,,Not reported
20191118230,2019-004367,20190612,4707454,691600,09:12,Wednesday,Dubuque,Local Road,9999,Unknown - Not Indicated - Unlocated,Mainline,Not reported,W 3RD ST,Municipal Road,Not Indicated as an Intersection,Property Damage Only,9000,Lost control,Drug,27,>= 25 and <= 29,Not reported
20191118254,19-004231,20190606,4675108,423133,00:23,Thursday,Hamilton,Farm to Market Route,9999,Unknown - Not Indicated - Unlocated,Mainline,Not reported,Co Rd R21/STAGECOACH RD,Secondary Road,Not Indicated as an Intersection,Suspected Minor Injury Crash,12550,Ran stop sign,Alcohol (Statutory),22,>= 21 and <= 24,Male
20191118306,19-4296,20190613,4618188,446236,18:59,Thursday,Polk,Local Road,9999,Unknown - Not Indicated - Unlocated,Mainline,Not reported,NW 84TH AVE,Secondary Road,Not Indicated as an Intersection,Property Damage Only,11000,Driver Distraction:  Other interior distraction,Alcohol (Statutory),31,>= 30 and <= 34,Female
20191118320,2019015677,20190609,4499548,614883,01:19,Sunday,Lee,Iowa Route,2,Both East and West,Mainline,Not reported,IA 2/IOWA 2 & 140 AVE,Iowa Route,IA Route - Secondary,Fatal Crash,10000,Ran off road - right,Alcohol (< Statutory),28,>= 25 and <= 29,Male
20191118320,2019015677,20190609,4499548,614883,01:19,Sunday,Lee,Iowa Route,2,Both East and West,Mainline,Not reported,IA 2/IOWA 2 & 140 AVE,Iowa Route,IA Route - Secondary,Fatal Crash,10000,Ran off road - right,Alcohol (< Statutory),63,>= 60 and <= 64,Male
20191118355,201907473,20190510,4648206,611612,22:32,Friday,Linn,Farm to Market Route,9999,Unknown - Not Indicated - Unlocated,Mainline,Not reported,MT VERNON RD SE,Municipal Road,Not Indicated as an Intersection,Suspected Minor Injury Crash,5100,Ran off road - left,Alcohol (Statutory),37,>= 35 and <= 39,Male
20191118370,W19-047093,20190613,4701124,552723,21:57,Thursday,Black Hawk,Local Road,9999,Unknown - Not Indicated - Unlocated,Mainline,Not reported,PHEASANT LN,Municipal Road,Not Indicated as an Intersection,Possible/Unknown Injury Crash,7000,Other,Alcohol (Statutory),20,= 20,Male
20191118463,201909490,20190614,4647739,612209,08:58,Friday,Linn,Local Road,9999,Unknown - Not Indicated - Unlocated,Mainline,Not reported,12TH AVE SE,Municipal Road,Not Indicated as an Intersection,Property Damage Only,5000,Ran off road - right,Alcohol (Statutory),22,>= 21 and <= 24,Male
20191118568,19-01414,20190607,4611370,436929,02:00,Friday,Polk,Interstate,35,No Travel Direction Consistent with Route,Mainline,Not reported,I-35,Interstate,Not Indicated as an Intersection,Suspected Minor Injury Crash,11500,Exceeded authorized speed,Alcohol (Statutory),23,>= 21 and <= 24,Male
20191118568,19-01414,20190607,4611370,436929,02:00,Friday,Polk,Interstate,35,No Travel Direction Consistent with Route,Mainline,Not reported,I-35,Interstate,Not Indicated as an Intersection,Suspected Minor Injury Crash,11500,Exceeded authorized speed,Alcohol (Statutory),21,>= 21 and <= 24,Female
20191118568,19-01414,20190607,4611370,436929,02:00,Friday,Polk,Interstate,35,No Travel Direction Consistent with Route,Mainline,Not reported,I-35,Interstate,Not Indicated as an Intersection,Suspected Minor Injury Crash,11500,Exceeded authorized speed,Alcohol (Statutory),22,>= 21 and <= 24,Male
20191118609,2019-18084,20190612,4578040,451684,19:42,Wednesday,Warren,Farm to Market Route,9999,Unknown - Not Indicated - Unlocated,Mainline,Not reported,S K ST,Municipal Road,Not Indicated as an Intersection,Property Damage Only,10000,Operating vehicle in an reckless, erratic, careless, negligent manner,Alcohol (Statutory),47,>= 45 and <= 49,Male