Case Number,Law Enforcement Case Number,Date of Crash,Y-Coordinate (UTM NAD 83 Zone 15),X-Coordinate (UTM NAD 83 Zone 15),Time,Day of Week,County,Road System,Route,Cardinal Direction of Vehicles,Mainline or Ramp,Overpass/Underpass Information,Derived Literal Description,Road Classification,Intersection Class,Crash Severity,Amount of Property Damage,Major Cause,Drug or Alcohol Related,Driver Age,Driver Age - 5 year Bins,Driver Gender
20191118695,19-010958,20190615,4569803,260064,22:12,Saturday,Pottawattamie,Local Road,9999,Unknown - Not Indicated - Unlocated,Mainline,Not reported,S 13TH ST,Municipal Road,Not Indicated as an Intersection,Property Damage Only,8000,Driver Distraction:  Other interior distraction,Alcohol (Statutory),47,>= 45 and <= 49,Female
20191118695,19-010958,20190615,4569803,260064,22:12,Saturday,Pottawattamie,Local Road,9999,Unknown - Not Indicated - Unlocated,Mainline,Not reported,S 13TH ST,Municipal Road,Not Indicated as an Intersection,Property Damage Only,8000,Driver Distraction:  Other interior distraction,Alcohol (Statutory),200,,Not reported
20191118751,19-003353,20190615,4621767,451331,17:09,Saturday,Polk,Local Road,9999,Unknown - Not Indicated - Unlocated,Mainline,Not reported,NE MICHAEL DR,Municipal Road,Not Indicated as an Intersection,Suspected Minor Injury Crash,5000,Driving too fast for conditions,Alcohol (Statutory),41,>= 40 and <= 44,Male
20191118751,19-003353,20190615,4621767,451331,17:09,Saturday,Polk,Local Road,9999,Unknown - Not Indicated - Unlocated,Mainline,Not reported,NE MICHAEL DR,Municipal Road,Not Indicated as an Intersection,Suspected Minor Injury Crash,5000,Driving too fast for conditions,Alcohol (Statutory),28,>= 25 and <= 29,Female
20191118787,2019016226,20190614,4703228,628857,23:30,Friday,Delaware,US Route,20,Eastbound (EB),Mainline,Not reported,US 20,US Route,Not Indicated as an Intersection,Suspected Minor Injury Crash,3000,Driver Distraction:  Other electronic device activity,Alcohol (Statutory),23,>= 21 and <= 24,Male
20191118796,19041300,20190526,4704741,545029,01:45,Sunday,Black Hawk,Local Road,9999,Unknown - Not Indicated - Unlocated,Mainline,Not reported,QUESADA AVE,Municipal Road,Not Indicated as an Intersection,Property Damage Only,2500,Traveling wrong way or on wrong side of road,Under Influence of Alcohol/Drugs/Medications,200,,Not reported
20191118796,19041300,20190526,4704741,545029,01:45,Sunday,Black Hawk,Local Road,9999,Unknown - Not Indicated - Unlocated,Mainline,Not reported,QUESADA AVE,Municipal Road,Not Indicated as an Intersection,Property Damage Only,2500,Traveling wrong way or on wrong side of road,Under Influence of Alcohol/Drugs/Medications,17,= 17,Male
20191118807,19-023065,20190615,4588462,664657,02:15,Saturday,Muscatine,Local Road,9999,Unknown - Not Indicated - Unlocated,Mainline,Not reported,LAUREL ST & FAIRVIEW AVE,Municipal Road,Municipal - Municipal,Property Damage Only,16500,Ran off road - left,Alcohol (Statutory),23,>= 21 and <= 24,Male
20191118807,19-023065,20190615,4588462,664657,02:15,Saturday,Muscatine,Local Road,9999,Unknown - Not Indicated - Unlocated,Mainline,Not reported,LAUREL ST & FAIRVIEW AVE,Municipal Road,Municipal - Municipal,Property Damage Only,16500,Ran off road - left,Alcohol (Statutory),200,,Not reported
20191118823,W19-047953,20190616,4702913,554707,14:33,Sunday,Black Hawk,Local Road,9999,Unknown - Not Indicated - Unlocated,Mainline,Not reported,E MITCHELL AVE,Municipal Road,Not Indicated as an Intersection,Possible/Unknown Injury Crash,9000,Crossed centerline (undivided),Refused,40,>= 40 and <= 44,Male
20191118823,W19-047953,20190616,4702913,554707,14:33,Sunday,Black Hawk,Local Road,9999,Unknown - Not Indicated - Unlocated,Mainline,Not reported,E MITCHELL AVE,Municipal Road,Not Indicated as an Intersection,Possible/Unknown Injury Crash,9000,Crossed centerline (undivided),Refused,19,= 19,Female
20191118834,19-006204,20190606,4533215,309617,03:01,Thursday,Montgomery,Local Road,9999,Unknown - Not Indicated - Unlocated,Mainline,Not reported,FERNWOOD AVE,Secondary Road,Not Indicated as an Intersection,Suspected Serious Injury Crash,5000,Ran off road - left,Under Influence of Alcohol/Drugs/Medications,26,>= 25 and <= 29,Male
20191118866,19097851,20190616,4658970,636270,01:05,Sunday,Jones,US Route,151,No Travel Direction Consistent with Route,Mainline,Not reported,US 151,US Route,Not Indicated as an Intersection,Possible/Unknown Injury Crash,8000,Failed to keep in proper lane,Alcohol (Statutory),35,>= 35 and <= 39,Male
20191118923,19-06162A,20190616,4519129,306989,08:05,Sunday,Page,Farm to Market Route,9999,Unknown - Not Indicated - Unlocated,Mainline,Not reported,Co Rd J28/170 ST,Secondary Road,Not Indicated as an Intersection,Possible/Unknown Injury Crash,15000,Driving too fast for conditions,Refused,24,>= 21 and <= 24,Male
20191118929,201900007157,20190615,4613559,414831,04:21,Saturday,Dallas,US Route,169,Northbound (NB),Mainline,Not reported,US 169/N AVE,US Route,Not Indicated as an Intersection,Suspected Minor Injury Crash,1700,Other,Refused,22,>= 21 and <= 24,Male
20191118950,B19-5897,20190616,4682570,329946,16:40,Sunday,Sac,Farm to Market Route,9999,Unknown - Not Indicated - Unlocated,Mainline,Not reported,Co Rd D54/355TH ST,Secondary Road,Not Indicated as an Intersection,Suspected Minor Injury Crash,10000,Operating vehicle in an reckless, erratic, careless, negligent manner,Alcohol (Statutory),40,>= 40 and <= 44,Male
20191119003,19-15350,20190514,4712615,214583,23:03,Tuesday,Woodbury,Iowa Route,12,Northbound (NB),Mainline,Not reported,IA 12/RIVERSIDE BLVD,Iowa Route,Not Indicated as an Intersection,Suspected Minor Injury Crash,5000,Exceeded authorized speed,Alcohol (Statutory),28,>= 25 and <= 29,Male
20191119003,19-15350,20190514,4712615,214583,23:03,Tuesday,Woodbury,Iowa Route,12,Northbound (NB),Mainline,Not reported,IA 12/RIVERSIDE BLVD,Iowa Route,Not Indicated as an Intersection,Suspected Minor Injury Crash,5000,Exceeded authorized speed,Alcohol (Statutory),24,>= 21 and <= 24,Female
20191119009,19-19268,20190615,4715481,224809,04:41,Saturday,Woodbury,Iowa Route,376,Both North and South,Mainline,Not reported,IA 376/LEWIS BLVD,Iowa Route,Not Indicated as an Intersection,Possible/Unknown Injury Crash,6000,FTYROW:  Making left turn,Refused,31,>= 30 and <= 34,Male
20191119009,19-19268,20190615,4715481,224809,04:41,Saturday,Woodbury,Iowa Route,376,Both North and South,Mainline,Not reported,IA 376/LEWIS BLVD,Iowa Route,Not Indicated as an Intersection,Possible/Unknown Injury Crash,6000,FTYROW:  Making left turn,Refused,61,>= 60 and <= 64,Male
20191119016,190616-3281,20190616,4806047,379790,00:43,Sunday,Emmet,Local Road,9999,Unknown - Not Indicated - Unlocated,Mainline,Not reported,3RD ST,Municipal Road,Not Indicated as an Intersection,Property Damage Only,8200,Failed to keep in proper lane,Alcohol (Statutory),200,,Not reported
20191119016,190616-3281,20190616,4806047,379790,00:43,Sunday,Emmet,Local Road,9999,Unknown - Not Indicated - Unlocated,Mainline,Not reported,3RD ST,Municipal Road,Not Indicated as an Intersection,Property Damage Only,8200,Failed to keep in proper lane,Alcohol (Statutory),26,>= 25 and <= 29,Male
20191119049,19-0013,20190102,4521577,432124,17:53,Wednesday,Decatur,Interstate,35,Southbound (SB),Mainline,Not reported,I-35,Interstate,Not Indicated as an Intersection,Possible/Unknown Injury Crash,3000,Ran off road - left,Alcohol (Statutory),55,>= 55 and <= 59,Female
20191119067,19-012637,20190616,4589196,497646,05:38,Sunday,Marion,Iowa Route,163,No Travel Direction Consistent with Route,Mainline,Not reported,IA 163/IOWA 163,Iowa Route,Not Indicated as an Intersection,Property Damage Only,5000,Ran off road - right,Under Influence of Alcohol/Drugs/Medications,36,>= 35 and <= 39,Male
20191119113,MC1902404,20190615,4779022,483904,18:55,Saturday,Cerro Gordo,Local Road,9999,Unknown - Not Indicated - Unlocated,Mainline,Not reported,N PENNSYLVANIA AVE,Municipal Road,Not Indicated as an Intersection,Suspected Minor Injury Crash,10000,Operating vehicle in an reckless, erratic, careless, negligent manner,Refused,59,>= 55 and <= 59,Female
20191119113,MC1902404,20190615,4779022,483904,18:55,Saturday,Cerro Gordo,Local Road,9999,Unknown - Not Indicated - Unlocated,Mainline,Not reported,N PENNSYLVANIA AVE,Municipal Road,Not Indicated as an Intersection,Suspected Minor Injury Crash,10000,Operating vehicle in an reckless, erratic, careless, negligent manner,Refused,26,>= 25 and <= 29,Female
20191119129,19-011003,20190615,4536169,635435,23:55,Saturday,Henry,Farm to Market Route,9999,Unknown - Not Indicated - Unlocated,Mainline,Not reported,Co Rd X23/RACINE AVE,Secondary Road,Not Indicated as an Intersection,Suspected Serious Injury Crash,25000,Ran off road - right,Alcohol (Statutory),28,>= 25 and <= 29,Male
20191119144,19-011026,20190617,4574526,262566,23:22,Monday,Pottawattamie,Farm to Market Route,9999,Unknown - Not Indicated - Unlocated,Mainline,Not reported,N BROADWAY,Municipal Road,Not Indicated as an Intersection,Property Damage Only,5702,Lost control,Alcohol (Statutory),200,,Not reported
20191119144,19-011026,20190617,4574526,262566,23:22,Monday,Pottawattamie,Farm to Market Route,9999,Unknown - Not Indicated - Unlocated,Mainline,Not reported,N BROADWAY,Municipal Road,Not Indicated as an Intersection,Property Damage Only,5702,Lost control,Alcohol (Statutory),29,>= 25 and <= 29,Male
20191119173,19005729,20190617,4706579,622860,17:41,Monday,Delaware,Local Road,9999,Unknown - Not Indicated - Unlocated,Mainline,Not reported,197TH ST,Secondary Road,Not Indicated as an Intersection,Property Damage Only,10000,Ran off road - left,Refused,27,>= 25 and <= 29,Female
20191119217,201900030387,20190614,4544437,549500,22:45,Friday,Wapello,Local Road,9999,Unknown - Not Indicated - Unlocated,Mainline,Not reported,NORTHGATE ST,Municipal Road,Not Indicated as an Intersection,Property Damage Only,2000,FTYROW:  To pedestrian,Alcohol (Statutory),200,,Not reported
20191119217,201900030387,20190614,4544437,549500,22:45,Friday,Wapello,Local Road,9999,Unknown - Not Indicated - Unlocated,Mainline,Not reported,NORTHGATE ST,Municipal Road,Not Indicated as an Intersection,Property Damage Only,2000,FTYROW:  To pedestrian,Alcohol (Statutory),28,>= 25 and <= 29,Female
20191119223,201908456,20190528,4646535,605578,18:36,Tuesday,Linn,Local Road,9999,Unknown - Not Indicated - Unlocated,Mainline,Not reported,16TH AVE SW & WILEY BLVD SW,Municipal Road,Municipal - Municipal,Suspected Serious Injury Crash,9000,Ran traffic signal,Alcohol (Statutory),66,>= 65 and <= 69,Male
20191119223,201908456,20190528,4646535,605578,18:36,Tuesday,Linn,Local Road,9999,Unknown - Not Indicated - Unlocated,Mainline,Not reported,16TH AVE SW & WILEY BLVD SW,Municipal Road,Municipal - Municipal,Suspected Serious Injury Crash,9000,Ran traffic signal,Alcohol (Statutory),55,>= 55 and <= 59,Male
20191119248,80-19-157,20190608,4730937,400297,21:31,Saturday,Humboldt,Local Road,9999,Unknown - Not Indicated - Unlocated,Mainline,Not reported,3RD AVE N & TAFT ST N,Municipal Road,Municipal - Municipal,Possible/Unknown Injury Crash,42000,Ran off road - straight,Alcohol (Statutory),25,>= 25 and <= 29,Female
20191119334,19034924,20190504,4707813,546465,02:21,Saturday,Black Hawk,Local Road,9999,Unknown - Not Indicated - Unlocated,Mainline,Not reported,RAINBOW DR,Municipal Road,Not Indicated as an Intersection,Suspected Serious Injury Crash,16000,Lost control,Alcohol (Statutory),28,>= 25 and <= 29,Male
20191119421,19-19371,20190615,4711422,221173,23:26,Saturday,Woodbury,Local Road,9999,Unknown - Not Indicated - Unlocated,Mainline,Not reported,FLOYD BLVD,Municipal Road,Not Indicated as an Intersection,Fatal Crash,3000,Driver Distraction:  Other interior distraction,Alcohol (Statutory),59,>= 55 and <= 59,Male
20191119546,19-008925,20190616,4645654,534883,00:46,Sunday,Tama,Local Road,9999,Unknown - Not Indicated - Unlocated,Mainline,Not reported,3RD ST,Municipal Road,Not Indicated as an Intersection,Property Damage Only,3500,99,Alcohol (Statutory),21,>= 21 and <= 24,Male
20191119546,19-008925,20190616,4645654,534883,00:46,Sunday,Tama,Local Road,9999,Unknown - Not Indicated - Unlocated,Mainline,Not reported,3RD ST,Municipal Road,Not Indicated as an Intersection,Property Damage Only,3500,99,Alcohol (Statutory),200,,Not reported
20191119590,19-007048,20190616,4788587,232313,01:11,Sunday,Sioux,Farm to Market Route,9999,Unknown - Not Indicated - Unlocated,Mainline,Not reported,16TH AVE,Municipal Road,Not Indicated as an Intersection,Suspected Minor Injury Crash,15000,Operating vehicle in an reckless, erratic, careless, negligent manner,Alcohol (Statutory),27,>= 25 and <= 29,Male
20191119605,19-006373,20190619,4584742,331418,02:30,Wednesday,Cass,Local Road,9999,Unknown - Not Indicated - Unlocated,Mainline,Not reported,14TH ST,Municipal Road,Not Indicated as an Intersection,Property Damage Only,4000,Operating vehicle in an reckless, erratic, careless, negligent manner,Refused,16,= 16,Female
20191119605,19-006373,20190619,4584742,331418,02:30,Wednesday,Cass,Local Road,9999,Unknown - Not Indicated - Unlocated,Mainline,Not reported,14TH ST,Municipal Road,Not Indicated as an Intersection,Property Damage Only,4000,Operating vehicle in an reckless, erratic, careless, negligent manner,Refused,200,,Not reported
20191119654,19-011140,20190620,4569941,256910,17:00,Thursday,Pottawattamie,Local Road,9999,Unknown - Not Indicated - Unlocated,Mainline,Not reported,NEBRASKA AVE & S 35TH ST,Municipal Road,Municipal - Municipal,Property Damage Only,8000,Followed too close,Refused,83,>= 80 and <= 84,Male
20191119654,19-011140,20190620,4569941,256910,17:00,Thursday,Pottawattamie,Local Road,9999,Unknown - Not Indicated - Unlocated,Mainline,Not reported,NEBRASKA AVE & S 35TH ST,Municipal Road,Municipal - Municipal,Property Damage Only,8000,Followed too close,Refused,52,>= 50 and <= 54,Male
20191119868,19023069,20190614,4586811,658352,23:14,Friday,Muscatine,Farm to Market Route,9999,Unknown - Not Indicated - Unlocated,Mainline,Not reported,BURLINGTON RD,Secondary Road,Not Indicated as an Intersection,Possible/Unknown Injury Crash,2500,Exceeded authorized speed,Under Influence of Alcohol/Drugs/Medications,59,>= 55 and <= 59,Male
20191119880,2019-49239,20190616,4599440,701630,00:17,Sunday,Scott,US Route,67,Southbound (SB),Mainline,Not reported,US 67/GAINES ST,US Route,Not Indicated as an Intersection,Property Damage Only,5000,Operating vehicle in an reckless, erratic, careless, negligent manner,Alcohol (Statutory),38,>= 35 and <= 39,Female
20191119880,2019-49239,20190616,4599440,701630,00:17,Sunday,Scott,US Route,67,Southbound (SB),Mainline,Not reported,US 67/GAINES ST,US Route,Not Indicated as an Intersection,Property Damage Only,5000,Operating vehicle in an reckless, erratic, careless, negligent manner,Alcohol (Statutory),20,= 20,Female
20191119884,891906040,20190622,4509374,582806,02:30,Saturday,Van Buren,Farm to Market Route,9999,Unknown - Not Indicated - Unlocated,Mainline,Not reported,Co Rd J40/RTE J40,Secondary Road,Not Indicated as an Intersection,Possible/Unknown Injury Crash,5000,Ran off road - right,Alcohol (< Statutory),22,>= 21 and <= 24,Female
20191119892,19-001059,20190621,4611984,458470,14:30,Friday,Polk,US Route,6,Eastbound (EB),Mainline,Not reported,US 6/FREDERICK M HUBBELL AVE & ADVENTURELAND DR,US Route,US Route - Municipal,Possible/Unknown Injury Crash,15700,Operating vehicle in an reckless, erratic, careless, negligent manner,Refused,38,>= 35 and <= 39,Female
20191119892,19-001059,20190621,4611984,458470,14:30,Friday,Polk,US Route,6,Eastbound (EB),Mainline,Not reported,US 6/FREDERICK M HUBBELL AVE & ADVENTURELAND DR,US Route,US Route - Municipal,Possible/Unknown Injury Crash,15700,Operating vehicle in an reckless, erratic, careless, negligent manner,Refused,44,>= 40 and <= 44,Female
20191119892,19-001059,20190621,4611984,458470,14:30,Friday,Polk,US Route,6,Eastbound (EB),Mainline,Not reported,US 6/FREDERICK M HUBBELL AVE & ADVENTURELAND DR,US Route,US Route - Municipal,Possible/Unknown Injury Crash,15700,Operating vehicle in an reckless, erratic, careless, negligent manner,Refused,31,>= 30 and <= 34,Female
20191119900,19015298,20190623,4654366,614023,00:33,Sunday,Linn,Local Road,9999,Unknown - Not Indicated - Unlocated,Mainline,Not reported,LINDALE DR,Municipal Road,Not Indicated as an Intersection,Property Damage Only,6500,Followed too close,Alcohol (Statutory),30,>= 30 and <= 34,Female
20191119900,19015298,20190623,4654366,614023,00:33,Sunday,Linn,Local Road,9999,Unknown - Not Indicated - Unlocated,Mainline,Not reported,LINDALE DR,Municipal Road,Not Indicated as an Intersection,Property Damage Only,6500,Followed too close,Alcohol (Statutory),21,>= 21 and <= 24,Male
20191119944,201909940,20190622,4646761,608407,02:43,Saturday,Linn,Local Road,9999,Unknown - Not Indicated - Unlocated,Mainline,Not reported,15TH ST SW,Municipal Road,Not Indicated as an Intersection,Property Damage Only,30000,Operating vehicle in an reckless, erratic, careless, negligent manner,Alcohol (Statutory),200,,Not reported
20191119944,201909940,20190622,4646761,608407,02:43,Saturday,Linn,Local Road,9999,Unknown - Not Indicated - Unlocated,Mainline,Not reported,15TH ST SW,Municipal Road,Not Indicated as an Intersection,Property Damage Only,30000,Operating vehicle in an reckless, erratic, careless, negligent manner,Alcohol (Statutory),31,>= 30 and <= 34,Male
20191119989,19-02707,20190528,4600913,433577,00:47,Tuesday,Dallas,Local Road,9999,Unknown - Not Indicated - Unlocated,Mainline,Not reported,STAGECOACH DR,Municipal Road,Not Indicated as an Intersection,Suspected Minor Injury Crash,35000,Lost control,Under Influence of Alcohol/Drugs/Medications,31,>= 30 and <= 34,Female
20191119992,201902140,20190623,4642824,620845,05:33,Sunday,Linn,US Route,151,Northbound (NB),Mainline,Not reported,US 151,US Route,Not Indicated as an Intersection,Property Damage Only,4500,Ran off road - left,Alcohol (< Statutory),22,>= 21 and <= 24,Female
20191119994,2019-01950,20190605,4635286,618265,18:05,Wednesday,Linn,Farm to Market Route,9999,Unknown - Not Indicated - Unlocated,Mainline,Not reported,Co Rd W6E/ELY RD,Secondary Road,Not Indicated as an Intersection,Suspected Serious Injury Crash,20500,Ran off road - left,Alcohol (Statutory),29,>= 25 and <= 29,Male
20191119994,2019-01950,20190605,4635286,618265,18:05,Wednesday,Linn,Farm to Market Route,9999,Unknown - Not Indicated - Unlocated,Mainline,Not reported,Co Rd W6E/ELY RD,Secondary Road,Not Indicated as an Intersection,Suspected Serious Injury Crash,20500,Ran off road - left,Alcohol (Statutory),35,>= 35 and <= 39,Male
20191120004,19003903,20190623,4736428,284135,00:16,Sunday,Cherokee,Farm to Market Route,9999,Unknown - Not Indicated - Unlocated,Mainline,Not reported,Co Rd C38/530TH ST,Secondary Road,Not Indicated as an Intersection,Property Damage Only,1500,Operating vehicle in an reckless, erratic, careless, negligent manner,Refused,51,>= 50 and <= 54,Male
20191120013,2019-51447,20190623,4599649,700330,01:04,Sunday,Scott,Local Road,9999,Unknown - Not Indicated - Unlocated,Mainline,Not reported,W 4TH ST & STURDEVANT ST,Municipal Road,Municipal - Municipal,Property Damage Only,8000,Driving too fast for conditions,Alcohol (Statutory),21,>= 21 and <= 24,Female
20191120013,2019-51447,20190623,4599649,700330,01:04,Sunday,Scott,Local Road,9999,Unknown - Not Indicated - Unlocated,Mainline,Not reported,W 4TH ST & STURDEVANT ST,Municipal Road,Municipal - Municipal,Property Damage Only,8000,Driving too fast for conditions,Alcohol (Statutory),200,,Not reported
20191120013,2019-51447,20190623,4599649,700330,01:04,Sunday,Scott,Local Road,9999,Unknown - Not Indicated - Unlocated,Mainline,Not reported,W 4TH ST & STURDEVANT ST,Municipal Road,Municipal - Municipal,Property Damage Only,8000,Driving too fast for conditions,Alcohol (Statutory),200,,Not reported
20191120024,19009254,20190621,4649331,535044,21:03,Friday,Tama,Local Road,9999,Unknown - Not Indicated - Unlocated,Mainline,Not reported,CHURCH ST,Municipal Road,Not Indicated as an Intersection,Property Damage Only,10000,Made improper turn,Alcohol (Statutory),25,>= 25 and <= 29,Male
20191120024,19009254,20190621,4649331,535044,21:03,Friday,Tama,Local Road,9999,Unknown - Not Indicated - Unlocated,Mainline,Not reported,CHURCH ST,Municipal Road,Not Indicated as an Intersection,Property Damage Only,10000,Made improper turn,Alcohol (Statutory),200,,Not reported
20191120025,FD19-1787,20190623,4706074,404835,02:10,Sunday,Webster,Farm to Market Route,9999,Unknown - Not Indicated - Unlocated,Mainline,Not reported,5TH AVE S & S 29TH ST,Municipal Road,Municipal - Municipal,Property Damage Only,8500,Other,Alcohol (Statutory),42,>= 40 and <= 44,Male
20191120025,FD19-1787,20190623,4706074,404835,02:10,Sunday,Webster,Farm to Market Route,9999,Unknown - Not Indicated - Unlocated,Mainline,Not reported,5TH AVE S & S 29TH ST,Municipal Road,Municipal - Municipal,Property Damage Only,8500,Other,Alcohol (Statutory),23,>= 21 and <= 24,Male
20191120026,FD19-1797,20190623,4710886,403893,20:30,Sunday,Webster,Farm to Market Route,9999,Unknown - Not Indicated - Unlocated,Mainline,Not reported,170TH ST,Municipal Road,Not Indicated as an Intersection,Suspected Minor Injury Crash,11000,Driving too fast for conditions,Alcohol (Statutory),21,>= 21 and <= 24,Male
20191120032,19C02907`,20190623,4544861,384190,11:00,Sunday,Union,US Route,34,Westbound (WB),Mainline,Not reported,US 34/NEW YORK AVE,US Route,Not Indicated as an Intersection,Property Damage Only,3691,Improper or erratic lane changing,Refused,39,>= 35 and <= 39,Female
20191120032,19C02907`,20190623,4544861,384190,11:00,Sunday,Union,US Route,34,Westbound (WB),Mainline,Not reported,US 34/NEW YORK AVE,US Route,Not Indicated as an Intersection,Property Damage Only,3691,Improper or erratic lane changing,Refused,31,>= 30 and <= 34,Male
20191120034,W19-049976,20190623,4702697,555720,00:58,Sunday,Black Hawk,Interstate,380,Northbound (NB),Mainline,Not reported,I-380,Interstate,Not Indicated as an Intersection,Possible/Unknown Injury Crash,10000,Lost control,Refused,39,>= 35 and <= 39,Female
20191120035,19035507,20190506,4710946,545068,01:24,Monday,Black Hawk,Farm to Market Route,9999,Unknown - Not Indicated - Unlocated,Mainline,Not reported,CENTER ST,Municipal Road,Not Indicated as an Intersection,Suspected Serious Injury Crash,15000,Ran off road - right,Alcohol (Statutory),21,>= 21 and <= 24,Female
20191120042,19005896,20190622,4696433,641252,19:53,Saturday,Delaware,Iowa Route,38,Southbound (SB),Mainline,Not reported,IA 38/IOWA 38 & Co Rd X35/262ND AVE,Iowa Route,IA Route - Secondary,Possible/Unknown Injury Crash,13000,FTYROW:  From stop sign,Alcohol (Statutory),28,>= 25 and <= 29,Female
20191120042,19005896,20190622,4696433,641252,19:53,Saturday,Delaware,Iowa Route,38,Southbound (SB),Mainline,Not reported,IA 38/IOWA 38 & Co Rd X35/262ND AVE,Iowa Route,IA Route - Secondary,Possible/Unknown Injury Crash,13000,FTYROW:  From stop sign,Alcohol (Statutory),79,>= 75 and <= 79,Male
20191120052,FD19-1789,20190623,4707462,403836,04:10,Sunday,Webster,Local Road,9999,Unknown - Not Indicated - Unlocated,Mainline,Not reported,N 20TH ST,Municipal Road,Not Indicated as an Intersection,Property Damage Only,8000,Lost control,Alcohol (Statutory),24,>= 21 and <= 24,Male
20191120052,FD19-1789,20190623,4707462,403836,04:10,Sunday,Webster,Local Road,9999,Unknown - Not Indicated - Unlocated,Mainline,Not reported,N 20TH ST,Municipal Road,Not Indicated as an Intersection,Property Damage Only,8000,Lost control,Alcohol (Statutory),200,,Not reported
20191120062,19-20956,20190622,4521641,658813,02:06,Saturday,Des Moines,Local Road,9999,Unknown - Not Indicated - Unlocated,Mainline,Not reported,SUNNYSIDE AVE,Municipal Road,Not Indicated as an Intersection,Property Damage Only,4500,Driver Distraction:  Other interior distraction,Alcohol (Statutory),21,>= 21 and <= 24,Male
20191120062,19-20956,20190622,4521641,658813,02:06,Saturday,Des Moines,Local Road,9999,Unknown - Not Indicated - Unlocated,Mainline,Not reported,SUNNYSIDE AVE,Municipal Road,Not Indicated as an Intersection,Property Damage Only,4500,Driver Distraction:  Other interior distraction,Alcohol (Statutory),54,>= 50 and <= 54,Male
20191120083,2019016860,20190623,4607192,676623,02:47,Sunday,Muscatine,Farm to Market Route,9999,Unknown - Not Indicated - Unlocated,Mainline,Not reported,Co Rd F58/HWY 927 & VERDE AVE,Secondary Road,Secondary - Secondary,Property Damage Only,1500,Failed to yield to emergency vehicle,Alcohol (< Statutory),36,>= 35 and <= 39,Male
20191120093,19-004732,20190622,4700334,432381,23:34,Saturday,Hamilton,Local Road,9999,Unknown - Not Indicated - Unlocated,Mainline,Not reported,SOUTHFIELD CT,Municipal Road,Not Indicated as an Intersection,Possible/Unknown Injury Crash,14402,Operating vehicle in an reckless, erratic, careless, negligent manner,Alcohol (Statutory),28,>= 25 and <= 29,Male
20191120093,19-004732,20190622,4700334,432381,23:34,Saturday,Hamilton,Local Road,9999,Unknown - Not Indicated - Unlocated,Mainline,Not reported,SOUTHFIELD CT,Municipal Road,Not Indicated as an Intersection,Possible/Unknown Injury Crash,14402,Operating vehicle in an reckless, erratic, careless, negligent manner,Alcohol (Statutory),200,,Not reported
20191120133,201909998,20190623,4649442,612135,07:27,Sunday,Linn,Local Road,9999,Unknown - Not Indicated - Unlocated,Mainline,Not reported,17TH ST SE,Municipal Road,Not Indicated as an Intersection,Property Damage Only,2500,Made improper turn,Alcohol (Statutory),51,>= 50 and <= 54,Male
20191120178,2019006145,20190623,4612390,622379,02:26,Sunday,Johnson,Local Road,9999,Unknown - Not Indicated - Unlocated,Mainline,Not reported,S GILBERT ST,Municipal Road,Not Indicated as an Intersection,Property Damage Only,9000,Operating vehicle in an reckless, erratic, careless, negligent manner,Alcohol (Statutory),32,>= 30 and <= 34,Female
20191120178,2019006145,20190623,4612390,622379,02:26,Sunday,Johnson,Local Road,9999,Unknown - Not Indicated - Unlocated,Mainline,Not reported,S GILBERT ST,Municipal Road,Not Indicated as an Intersection,Property Damage Only,9000,Operating vehicle in an reckless, erratic, careless, negligent manner,Alcohol (Statutory),20,= 20,Male
20191120201,201900007521,20190622,4633067,398845,21:08,Saturday,Dallas,Local Road,9999,Unknown - Not Indicated - Unlocated,Mainline,Not reported,DAWSON AVE & E FOURTH ST,Municipal Road,Municipal - Municipal,Property Damage Only,7000,Ran off road - straight,Alcohol (Statutory),31,>= 30 and <= 34,Male
20191120231,2019014084,20190523,4794061,606498,10:56,Thursday,Winneshiek,Farm to Market Route,9999,Unknown - Not Indicated - Unlocated,Mainline,Not reported,Co Rd A52/OLD STAGE RD & RANCH RD,Secondary Road,Secondary - Secondary,Suspected Serious Injury Crash,22799,Driver Distraction:  Other interior distraction,Drug/Alcohol (Statutory),45,>= 45 and <= 49,Male
20191120231,2019014084,20190523,4794061,606498,10:56,Thursday,Winneshiek,Farm to Market Route,9999,Unknown - Not Indicated - Unlocated,Mainline,Not reported,Co Rd A52/OLD STAGE RD & RANCH RD,Secondary Road,Secondary - Secondary,Suspected Serious Injury Crash,22799,Driver Distraction:  Other interior distraction,Drug/Alcohol (Statutory),32,>= 30 and <= 34,Female
20191120254,S19-033677,20190429,4692501,572512,21:00,Monday,Black Hawk,Interstate,380,Southbound (SB),Mainline,Not reported,I-380,Interstate,Not Indicated as an Intersection,Suspected Minor Injury Crash,5000,Lost control,Alcohol (Statutory),26,>= 25 and <= 29,Female
20191120308,W19-050479,20190624,4706840,552563,20:14,Monday,Black Hawk,Local Road,9999,Unknown - Not Indicated - Unlocated,Mainline,Not reported,W CONGER ST & OAKLAND AVE,Municipal Road,Municipal - Municipal,Suspected Minor Injury Crash,7800,FTYROW:  Making left turn,Alcohol (Statutory),42,>= 40 and <= 44,Female