Case Number,Law Enforcement Case Number,Date of Crash,Y-Coordinate (UTM NAD 83 Zone 15),X-Coordinate (UTM NAD 83 Zone 15),Time,Day of Week,County,Road System,Route,Cardinal Direction of Vehicles,Mainline or Ramp,Overpass/Underpass Information,Derived Literal Description,Road Classification,Intersection Class,Crash Severity,Amount of Property Damage,Major Cause,Drug or Alcohol Related,Driver Age,Driver Age - 5 year Bins,Driver Gender
20191120308,W19-050479,20190624,4706840,552563,20:14,Monday,Black Hawk,Local Road,9999,Unknown - Not Indicated - Unlocated,Mainline,Not reported,W CONGER ST & OAKLAND AVE,Municipal Road,Municipal - Municipal,Suspected Minor Injury Crash,7800,FTYROW:  Making left turn,Alcohol (Statutory),34,>= 30 and <= 34,Female
20191120320,19-17764,20190615,4618338,507369,02:09,Saturday,Jasper,Local Road,9999,Unknown - Not Indicated - Unlocated,Mainline,Not reported,RAILROAD ST,Municipal Road,Not Indicated as an Intersection,Possible/Unknown Injury Crash,8000,Exceeded authorized speed,Refused,21,>= 21 and <= 24,Male
20191120321,19-18502,20190622,4596823,493505,01:34,Saturday,Jasper,Local Road,9999,Unknown - Not Indicated - Unlocated,Mainline,Not reported,RODEO AVE W,Secondary Road,Not Indicated as an Intersection,Suspected Minor Injury Crash,8000,Ran off road - straight,Alcohol (Statutory),19,= 19,Female
20191120375,19-002528,20190313,4649585,594265,16:48,Wednesday,Benton,Farm to Market Route,9999,Unknown - Not Indicated - Unlocated,Mainline,Not reported,PARKRIDGE RD & MAIN AVE,Municipal Road,Municipal - Municipal,Property Damage Only,7000,Ran stop sign,Refused,38,>= 35 and <= 39,Male
20191120375,19-002528,20190313,4649585,594265,16:48,Wednesday,Benton,Farm to Market Route,9999,Unknown - Not Indicated - Unlocated,Mainline,Not reported,PARKRIDGE RD & MAIN AVE,Municipal Road,Municipal - Municipal,Property Damage Only,7000,Ran stop sign,Refused,19,= 19,Male
20191120418,19008919,20190619,4717914,226669,01:38,Wednesday,Plymouth,Farm to Market Route,9999,Unknown - Not Indicated - Unlocated,Mainline,Not reported,Co Rd C80/C80,Secondary Road,Not Indicated as an Intersection,Suspected Minor Injury Crash,10000,Driving too fast for conditions,Under Influence of Alcohol/Drugs/Medications,21,>= 21 and <= 24,Male
20191120427,2019013383,20190519,4616391,452067,01:30,Sunday,Polk,Interstate,35,Southbound (SB),Mainline,Not reported,I-35,Interstate,Not Indicated as an Intersection,Suspected Minor Injury Crash,18800,Ran off road - left,Refused,35,>= 35 and <= 39,Male
20191120446,20190019299,20190625,4607239,446140,16:07,Tuesday,Polk,Local Road,9999,Unknown - Not Indicated - Unlocated,Mainline,Not reported,HICKMAN RD & MLK JR PKWY,Municipal Road,Municipal - Municipal,Property Damage Only,12000,Lost control,Alcohol (Statutory),50,>= 50 and <= 54,Male
20191120472,19-03320,20190625,4602169,434763,20:46,Tuesday,Polk,Local Road,9999,Unknown - Not Indicated - Unlocated,Mainline,Not reported,WISTFUL VISTA DR & PONDEROSA DR,Municipal Road,Municipal - Municipal,Property Damage Only,8000,Ran stop sign,Under Influence of Alcohol/Drugs/Medications,73,>= 70 and <= 74,Male
20191120472,19-03320,20190625,4602169,434763,20:46,Tuesday,Polk,Local Road,9999,Unknown - Not Indicated - Unlocated,Mainline,Not reported,WISTFUL VISTA DR & PONDEROSA DR,Municipal Road,Municipal - Municipal,Property Damage Only,8000,Ran stop sign,Under Influence of Alcohol/Drugs/Medications,19,= 19,Male
20191120477,19-4643,20190625,4633365,433714,23:50,Tuesday,Polk,Farm to Market Route,9999,Unknown - Not Indicated - Unlocated,Mainline,Not reported,NW MADRID DR & NW 158TH AVE,Secondary Road,Secondary - Secondary,Suspected Minor Injury Crash,10500,Ran off road - right,Alcohol (Statutory),23,>= 21 and <= 24,Not reported
20191120500,19-048412,20190618,4714950,554180,02:38,Tuesday,Black Hawk,Local Road,9999,Unknown - Not Indicated - Unlocated,Mainline,Not reported,W MT VERNON RD,Secondary Road,Not Indicated as an Intersection,Property Damage Only,2000,Operating vehicle in an reckless, erratic, careless, negligent manner,Alcohol (Statutory),27,>= 25 and <= 29,Female
20191120518,19019858,20190624,4497877,634367,23:03,Monday,Lee,Local Road,9999,Unknown - Not Indicated - Unlocated,Mainline,Not reported,233 ST,Secondary Road,Not Indicated as an Intersection,Suspected Serious Injury Crash,10500,Ran off road - right,Alcohol (Statutory),35,>= 35 and <= 39,Female
20191120523,2019-001839,20190622,4701884,690319,04:06,Saturday,Dubuque,Farm to Market Route,9999,Unknown - Not Indicated - Unlocated,Mainline,Not reported,Co Rd Y38/KEY WEST DR,Secondary Road,Not Indicated as an Intersection,Property Damage Only,3500,Ran off road - right,Alcohol (Statutory),25,>= 25 and <= 29,Male
20191120537,19-062403,20190624,4514965,299578,22:53,Monday,Page,Local Road,9999,Unknown - Not Indicated - Unlocated,Mainline,Not reported,8TH AVE,Municipal Road,Not Indicated as an Intersection,Property Damage Only,3700,Operating vehicle in an reckless, erratic, careless, negligent manner,Under Influence of Alcohol/Drugs/Medications,21,>= 21 and <= 24,Female
20191120537,19-062403,20190624,4514965,299578,22:53,Monday,Page,Local Road,9999,Unknown - Not Indicated - Unlocated,Mainline,Not reported,8TH AVE,Municipal Road,Not Indicated as an Intersection,Property Damage Only,3700,Operating vehicle in an reckless, erratic, careless, negligent manner,Under Influence of Alcohol/Drugs/Medications,200,,Not reported
20191120544,2019016237,20190615,4518813,609207,06:22,Saturday,Lee,Local Road,9999,Unknown - Not Indicated - Unlocated,Mainline,Not reported,LEE-HENRY ST,Secondary Road,Not Indicated as an Intersection,Suspected Serious Injury Crash,7000,Operating vehicle in an reckless, erratic, careless, negligent manner,Alcohol (< Statutory),21,>= 21 and <= 24,Male
20191120586,19-023528,20190618,4587024,662408,20:24,Tuesday,Muscatine,Local Road,9999,Unknown - Not Indicated - Unlocated,Mainline,Not reported,W 4TH ST,Municipal Road,Not Indicated as an Intersection,Suspected Minor Injury Crash,3000,Operating vehicle in an reckless, erratic, careless, negligent manner,Refused,39,>= 35 and <= 39,Male
20191120598,19-003260,20190616,4571626,380427,00:01,Sunday,Adair,Local Road,9999,Unknown - Not Indicated - Unlocated,Mainline,Not reported,250TH ST,Secondary Road,Not Indicated as an Intersection,Property Damage Only,3500,Operating vehicle in an reckless, erratic, careless, negligent manner,Under Influence of Alcohol/Drugs/Medications,41,>= 40 and <= 44,Male
20191120607,19-003573,20190625,4616795,452151,17:40,Tuesday,Polk,Interstate,35,Ramp,Ramp,Not reported,I-35,Interstate,Not Indicated as an Intersection,Property Damage Only,2800,Driving too fast for conditions,Alcohol (Statutory),41,>= 40 and <= 44,Male
20191120607,19-003573,20190625,4616795,452151,17:40,Tuesday,Polk,Interstate,35,Ramp,Ramp,Not reported,I-35,Interstate,Not Indicated as an Intersection,Property Damage Only,2800,Driving too fast for conditions,Alcohol (Statutory),46,>= 45 and <= 49,Female
20191120609,19-011396,20190626,4570335,256439,14:19,Wednesday,Pottawattamie,Interstate,29,Northbound (NB),Mainline,Not reported,I-29,Interstate,Not Indicated as an Intersection,Possible/Unknown Injury Crash,8000,Lost control,Alcohol (Statutory),56,>= 55 and <= 59,Male
20191120623,19-00727,20190522,4607346,430545,09:04,Wednesday,Dallas,US Route,6,Eastbound (EB),Mainline,Not reported,US 6/HICKMAN AVE & NW 156TH ST,US Route,US Route - Municipal,Property Damage Only,7500,Followed too close,Refused,32,>= 30 and <= 34,Female
20191120623,19-00727,20190522,4607346,430545,09:04,Wednesday,Dallas,US Route,6,Eastbound (EB),Mainline,Not reported,US 6/HICKMAN AVE & NW 156TH ST,US Route,US Route - Municipal,Property Damage Only,7500,Followed too close,Refused,35,>= 35 and <= 39,Male
20191120674,1906270PD,20190626,4656538,428310,22:20,Wednesday,Boone,Local Road,9999,Unknown - Not Indicated - Unlocated,Mainline,Not reported,2ND ST,Municipal Road,Not Indicated as an Intersection,Property Damage Only,11490,Lost control,Alcohol (Statutory),200,,Not reported
20191120674,1906270PD,20190626,4656538,428310,22:20,Wednesday,Boone,Local Road,9999,Unknown - Not Indicated - Unlocated,Mainline,Not reported,2ND ST,Municipal Road,Not Indicated as an Intersection,Property Damage Only,11490,Lost control,Alcohol (Statutory),50,>= 50 and <= 54,Female
20191120692,19-001099,20190626,4610362,460917,22:01,Wednesday,Polk,Farm to Market Route,9999,Unknown - Not Indicated - Unlocated,Mainline,Not reported,8TH ST SW & 5TH AVE SW,Municipal Road,Municipal - Municipal,Property Damage Only,15000,Followed too close,Alcohol (Statutory),73,>= 70 and <= 74,Male
20191120692,19-001099,20190626,4610362,460917,22:01,Wednesday,Polk,Farm to Market Route,9999,Unknown - Not Indicated - Unlocated,Mainline,Not reported,8TH ST SW & 5TH AVE SW,Municipal Road,Municipal - Municipal,Property Damage Only,15000,Followed too close,Alcohol (Statutory),33,>= 30 and <= 34,Male
20191120731,2019011400,20190428,4619708,555068,03:00,Sunday,Poweshiek,Farm to Market Route,9999,Unknown - Not Indicated - Unlocated,Mainline,Not reported,Co Rd F29/OLD 6 RD & 230TH ST,Secondary Road,Secondary - Secondary,Fatal Crash,30000,Exceeded authorized speed,Alcohol (Statutory),46,>= 45 and <= 49,Male
20191120742,8684,20190623,4700598,222674,22:43,Sunday,Woodbury,Local Road,9999,Unknown - Not Indicated - Unlocated,Mainline,Not reported,HARBOR DR,Municipal Road,Not Indicated as an Intersection,Property Damage Only,5000,Driver Distraction:  Other interior distraction,Refused,38,>= 35 and <= 39,Male
20191120745,S19-8516,20190620,4707884,245556,22:06,Thursday,Woodbury,US Route,20,Eastbound (EB),Mainline,Not reported,US 20,US Route,Not Indicated as an Intersection,Possible/Unknown Injury Crash,5000,Driver Distraction:  Inattentive/lost in thought,Under Influence of Alcohol/Drugs/Medications,56,>= 55 and <= 59,Male
20191120763,19-035144,20190623,4723699,318836,01:10,Sunday,Buena Vista,Local Road,9999,Unknown - Not Indicated - Unlocated,Mainline,Not reported,W 5TH ST & GRAND AVE,Municipal Road,Municipal - Municipal,Property Damage Only,8000,Ran off road - right,Alcohol (Statutory),41,>= 40 and <= 44,Male
20191120808,20190019572,20190627,4603582,449145,18:30,Thursday,Polk,Local Road,9999,Unknown - Not Indicated - Unlocated,Mainline,Not reported,SE 4TH ST & W MLK JR PKWY,Municipal Road,Municipal - Municipal,Property Damage Only,4000,Ran traffic signal,Alcohol (Statutory),19,= 19,Female
20191120808,20190019572,20190627,4603582,449145,18:30,Thursday,Polk,Local Road,9999,Unknown - Not Indicated - Unlocated,Mainline,Not reported,SE 4TH ST & W MLK JR PKWY,Municipal Road,Municipal - Municipal,Property Damage Only,4000,Ran traffic signal,Alcohol (Statutory),49,>= 45 and <= 49,Male
20191120831,19-003202,20190627,4651432,447647,03:48,Thursday,Story,Farm to Market Route,9999,Unknown - Not Indicated - Unlocated,Mainline,Not reported,UNIVERSITY BLVD,Municipal Road,Not Indicated as an Intersection,Property Damage Only,15000,Lost control,Refused,20,= 20,Male
20191120909,2019016842,20190622,4612335,457447,18:47,Saturday,Polk,Interstate,80,Westbound (WB),Mainline,Not reported,I-80,Interstate,Not Indicated as an Intersection,Property Damage Only,23000,Operating vehicle in an reckless, erratic, careless, negligent manner,Alcohol (Statutory),33,>= 30 and <= 34,Male
20191120909,2019016842,20190622,4612335,457447,18:47,Saturday,Polk,Interstate,80,Westbound (WB),Mainline,Not reported,I-80,Interstate,Not Indicated as an Intersection,Property Damage Only,23000,Operating vehicle in an reckless, erratic, careless, negligent manner,Alcohol (Statutory),51,>= 50 and <= 54,Female
20191120909,2019016842,20190622,4612335,457447,18:47,Saturday,Polk,Interstate,80,Westbound (WB),Mainline,Not reported,I-80,Interstate,Not Indicated as an Intersection,Property Damage Only,23000,Operating vehicle in an reckless, erratic, careless, negligent manner,Alcohol (Statutory),22,>= 21 and <= 24,Male
20191120913,19-20794,20190627,4711477,220106,04:27,Thursday,Woodbury,Local Road,9999,Unknown - Not Indicated - Unlocated,Mainline,Not reported,14TH ST & DOUGLAS ST,Municipal Road,Municipal - Municipal,Suspected Minor Injury Crash,2000,Failed to yield to emergency vehicle,Alcohol (Statutory),22,>= 21 and <= 24,Male
20191120965,2019-50834,20190621,4597936,697238,01:55,Friday,Scott,Local Road,9999,Unknown - Not Indicated - Unlocated,Mainline,Not reported,ROCKINGHAM RD & BLANCHARD ST,Municipal Road,Municipal - Municipal,Suspected Minor Injury Crash,3000,Ran off road - right,Under Influence of Alcohol/Drugs/Medications,39,>= 35 and <= 39,Male
20191121000,19-00950,20190627,4607276,438639,19:00,Thursday,Polk,Farm to Market Route,9999,Unknown - Not Indicated - Unlocated,Mainline,Not reported,NW 86TH ST,Municipal Road,Not Indicated as an Intersection,Property Damage Only,3000,Operating vehicle in an reckless, erratic, careless, negligent manner,Alcohol (Statutory),72,>= 70 and <= 74,Male
20191121000,19-00950,20190627,4607276,438639,19:00,Thursday,Polk,Farm to Market Route,9999,Unknown - Not Indicated - Unlocated,Mainline,Not reported,NW 86TH ST,Municipal Road,Not Indicated as an Intersection,Property Damage Only,3000,Operating vehicle in an reckless, erratic, careless, negligent manner,Alcohol (Statutory),69,>= 65 and <= 69,Male
20191121046,W19-051878,20190629,4706376,551290,00:38,Saturday,Black Hawk,US Route,218,Ramp,Ramp,Not reported,US 218/SPECIAL CASE/NW RAMP & ANSBOROUGH AVE,US Route,US Route - Municipal,Property Damage Only,2500,Other,Alcohol (Statutory),26,>= 25 and <= 29,Male
20191121046,W19-051878,20190629,4706376,551290,00:38,Saturday,Black Hawk,US Route,218,Ramp,Ramp,Not reported,US 218/SPECIAL CASE/NW RAMP & ANSBOROUGH AVE,US Route,US Route - Municipal,Property Damage Only,2500,Other,Alcohol (Statutory),59,>= 55 and <= 59,Male
20191121067,20192217,20190629,4672565,621582,17:00,Saturday,Linn,Local Road,9999,Unknown - Not Indicated - Unlocated,Mainline,Not reported,CENTRAL CITY RD,Secondary Road,Not Indicated as an Intersection,Property Damage Only,14000,Operating vehicle in an reckless, erratic, careless, negligent manner,Alcohol (Statutory),49,>= 45 and <= 49,Female
20191121067,20192217,20190629,4672565,621582,17:00,Saturday,Linn,Local Road,9999,Unknown - Not Indicated - Unlocated,Mainline,Not reported,CENTRAL CITY RD,Secondary Road,Not Indicated as an Intersection,Property Damage Only,14000,Operating vehicle in an reckless, erratic, careless, negligent manner,Alcohol (Statutory),44,>= 40 and <= 44,Male
20191121087,CLP19002158,20190629,4636940,733539,21:58,Saturday,Clinton,Local Road,9999,Unknown - Not Indicated - Unlocated,Mainline,Not reported,6TH AVE N,Municipal Road,Not Indicated as an Intersection,Property Damage Only,2000,Followed too close,Alcohol (Statutory),75,>= 75 and <= 79,Male
20191121087,CLP19002158,20190629,4636940,733539,21:58,Saturday,Clinton,Local Road,9999,Unknown - Not Indicated - Unlocated,Mainline,Not reported,6TH AVE N,Municipal Road,Not Indicated as an Intersection,Property Damage Only,2000,Followed too close,Alcohol (Statutory),35,>= 35 and <= 39,Male
20191121120,19-9114,20190629,4778540,325592,09:16,Saturday,Clay,US Route,18,No Travel Direction Consistent with Route,Mainline,Not reported,US 18/N GRAND AVE & W 2ND ST & E 2ND ST,US Route,US Route - Municipal,Possible/Unknown Injury Crash,3000,Operating vehicle in an reckless, erratic, careless, negligent manner,Drug/Alcohol (Statutory),57,>= 55 and <= 59,Female
20191121120,19-9114,20190629,4778540,325592,09:16,Saturday,Clay,US Route,18,No Travel Direction Consistent with Route,Mainline,Not reported,US 18/N GRAND AVE & W 2ND ST & E 2ND ST,US Route,US Route - Municipal,Possible/Unknown Injury Crash,3000,Operating vehicle in an reckless, erratic, careless, negligent manner,Drug/Alcohol (Statutory),42,>= 40 and <= 44,Female
20191121120,19-9114,20190629,4778540,325592,09:16,Saturday,Clay,US Route,18,No Travel Direction Consistent with Route,Mainline,Not reported,US 18/N GRAND AVE & W 2ND ST & E 2ND ST,US Route,US Route - Municipal,Possible/Unknown Injury Crash,3000,Operating vehicle in an reckless, erratic, careless, negligent manner,Drug/Alcohol (Statutory),20,= 20,Male
20191121129,19-9116,20190629,4778805,325586,09:18,Saturday,Clay,US Route,18,No Travel Direction Consistent with Route,Mainline,Not reported,US 18/N GRAND AVE,US Route,Not Indicated as an Intersection,Possible/Unknown Injury Crash,2200,Operating vehicle in an reckless, erratic, careless, negligent manner,Drug/Alcohol (Statutory),75,>= 75 and <= 79,Male
20191121129,19-9116,20190629,4778805,325586,09:18,Saturday,Clay,US Route,18,No Travel Direction Consistent with Route,Mainline,Not reported,US 18/N GRAND AVE,US Route,Not Indicated as an Intersection,Possible/Unknown Injury Crash,2200,Operating vehicle in an reckless, erratic, careless, negligent manner,Drug/Alcohol (Statutory),20,= 20,Male
20191121142,W19-052256,20190630,4701811,552140,02:08,Sunday,Black Hawk,Local Road,9999,Unknown - Not Indicated - Unlocated,Mainline,Not reported,HILLTOP RD & SOUTH HILL DR,Municipal Road,Municipal - Municipal,Property Damage Only,15000,Ran off road - left,Alcohol (Statutory),20,= 20,Male
20191121142,W19-052256,20190630,4701811,552140,02:08,Sunday,Black Hawk,Local Road,9999,Unknown - Not Indicated - Unlocated,Mainline,Not reported,HILLTOP RD & SOUTH HILL DR,Municipal Road,Municipal - Municipal,Property Damage Only,15000,Ran off road - left,Alcohol (Statutory),42,>= 40 and <= 44,Male
20191121169,19015794,20190629,4654036,615947,18:36,Saturday,Linn,Local Road,9999,Unknown - Not Indicated - Unlocated,Mainline,Not reported,3RD AVE & 10TH ST,Municipal Road,Municipal - Municipal,Possible/Unknown Injury Crash,6000,FTYROW:  From stop sign,Under Influence of Alcohol/Drugs/Medications,30,>= 30 and <= 34,Female
20191121169,19015794,20190629,4654036,615947,18:36,Saturday,Linn,Local Road,9999,Unknown - Not Indicated - Unlocated,Mainline,Not reported,3RD AVE & 10TH ST,Municipal Road,Municipal - Municipal,Possible/Unknown Injury Crash,6000,FTYROW:  From stop sign,Under Influence of Alcohol/Drugs/Medications,24,>= 21 and <= 24,Male
20191121180,19-036698,20190630,4724395,320387,06:05,Sunday,Buena Vista,Local Road,9999,Unknown - Not Indicated - Unlocated,Mainline,Not reported,E 10TH ST,Municipal Road,Not Indicated as an Intersection,Property Damage Only,10100,Exceeded authorized speed,Alcohol (Statutory),26,>= 25 and <= 29,Male
20191121199,W19-052262,20190630,4701108,551697,02:26,Sunday,Black Hawk,Local Road,9999,Unknown - Not Indicated - Unlocated,Mainline,Not reported,RIDGEMONT RD & LYNKAYLEE DR,Municipal Road,Municipal - Municipal,Property Damage Only,53000,Unknown,Alcohol (Statutory),42,>= 40 and <= 44,Male
20191121199,W19-052262,20190630,4701108,551697,02:26,Sunday,Black Hawk,Local Road,9999,Unknown - Not Indicated - Unlocated,Mainline,Not reported,RIDGEMONT RD & LYNKAYLEE DR,Municipal Road,Municipal - Municipal,Property Damage Only,53000,Unknown,Alcohol (Statutory),200,,Not reported
20191121264,19003263,20190630,4653822,444630,01:11,Sunday,Story,Local Road,9999,Unknown - Not Indicated - Unlocated,Mainline,Not reported,ONTARIO ST,Municipal Road,Not Indicated as an Intersection,Possible/Unknown Injury Crash,14000,Lost control,Drug/Alcohol (Statutory),200,,Not reported
20191121264,19003263,20190630,4653822,444630,01:11,Sunday,Story,Local Road,9999,Unknown - Not Indicated - Unlocated,Mainline,Not reported,ONTARIO ST,Municipal Road,Not Indicated as an Intersection,Possible/Unknown Injury Crash,14000,Lost control,Drug/Alcohol (Statutory),18,= 18,Female
20191121276,S18-001714,20190629,4575269,299648,00:20,Saturday,Pottawattamie,Local Road,9999,Unknown - Not Indicated - Unlocated,Mainline,Not reported,KELSAY AVE,Municipal Road,Not Indicated as an Intersection,Property Damage Only,5000,Exceeded authorized speed,Under Influence of Alcohol/Drugs/Medications,20,= 20,Male
20191121280,S19-001721,20190629,4584362,286304,21:00,Saturday,Pottawattamie,Farm to Market Route,9999,Unknown - Not Indicated - Unlocated,Mainline,Not reported,Co Rd G30/MAGNOLIA RD,Secondary Road,Not Indicated as an Intersection,Suspected Minor Injury Crash,20000,Ran off road - right,Alcohol (Statutory),51,>= 50 and <= 54,Male
20191121333,2019016818,20190622,4587748,328371,02:32,Saturday,Cass,Iowa Route,83,Westbound (WB),Mainline,Not reported,IA 83/MARNE RD,Iowa Route,Not Indicated as an Intersection,Fatal Crash,10000,Ran off road - left,Alcohol (Statutory),44,>= 40 and <= 44,Male
20191121475,2019-004912,20190701,4709725,691230,16:01,Monday,Dubuque,Local Road,9999,Unknown - Not Indicated - Unlocated,Mainline,Not reported,E 24TH ST & WHITE ST,Municipal Road,Municipal - Municipal,Possible/Unknown Injury Crash,6600,Ran stop sign,Alcohol (Statutory),28,>= 25 and <= 29,Not reported
20191121475,2019-004912,20190701,4709725,691230,16:01,Monday,Dubuque,Local Road,9999,Unknown - Not Indicated - Unlocated,Mainline,Not reported,E 24TH ST & WHITE ST,Municipal Road,Municipal - Municipal,Possible/Unknown Injury Crash,6600,Ran stop sign,Alcohol (Statutory),34,>= 30 and <= 34,Female
20191121620,20190020181,20190703,4605437,446353,00:17,Wednesday,Polk,Local Road,9999,Unknown - Not Indicated - Unlocated,Mainline,Not reported,MLK JR PKWY,Municipal Road,Not Indicated as an Intersection,Suspected Minor Injury Crash,8000,Operating vehicle in an reckless, erratic, careless, negligent manner,Alcohol (Statutory),200,,Not reported
20191121620,20190020181,20190703,4605437,446353,00:17,Wednesday,Polk,Local Road,9999,Unknown - Not Indicated - Unlocated,Mainline,Not reported,MLK JR PKWY,Municipal Road,Not Indicated as an Intersection,Suspected Minor Injury Crash,8000,Operating vehicle in an reckless, erratic, careless, negligent manner,Alcohol (Statutory),23,>= 21 and <= 24,Male
20191121647,201910270,20190627,4648451,610904,22:00,Thursday,Linn,Local Road,9999,Unknown - Not Indicated - Unlocated,Mainline,Not reported,3RD AVE SE,Municipal Road,Not Indicated as an Intersection,Possible/Unknown Injury Crash,1000,Lost control,Refused,54,>= 50 and <= 54,Female
20191121647,201910270,20190627,4648451,610904,22:00,Thursday,Linn,Local Road,9999,Unknown - Not Indicated - Unlocated,Mainline,Not reported,3RD AVE SE,Municipal Road,Not Indicated as an Intersection,Possible/Unknown Injury Crash,1000,Lost control,Refused,49,>= 45 and <= 49,Male
20191121681,2019-22943,20190628,4597798,693268,12:21,Friday,Scott,US Route,61,Southbound (SB),Mainline,Not reported,US 61/140 ST & FRONTAGE RD,US Route,US Route - Secondary,Suspected Minor Injury Crash,6400,FTYROW:  From stop sign,Drug/Alcohol (Statutory),37,>= 35 and <= 39,Male
20191121681,2019-22943,20190628,4597798,693268,12:21,Friday,Scott,US Route,61,Southbound (SB),Mainline,Not reported,US 61/140 ST & FRONTAGE RD,US Route,US Route - Secondary,Suspected Minor Injury Crash,6400,FTYROW:  From stop sign,Drug/Alcohol (Statutory),27,>= 25 and <= 29,Male
20191121735,SO19-00534,20190523,4666601,499901,01:40,Thursday,Marshall,Farm to Market Route,9999,Unknown - Not Indicated - Unlocated,Mainline,Not reported,Co Rd S75/MARSH AVE & 140TH ST,Secondary Road,Secondary - Secondary,Property Damage Only,7500,Failed to yield to emergency vehicle,Alcohol (< Statutory),28,>= 25 and <= 29,Male
20191121779,2019-54503,20190702,4600006,700137,20:30,Tuesday,Scott,Local Road,9999,Unknown - Not Indicated - Unlocated,Mainline,Not reported,N DIVISION ST,Municipal Road,Not Indicated as an Intersection,Suspected Minor Injury Crash,4000,FTYROW:  Making left turn,Refused,22,>= 21 and <= 24,Male
20191121779,2019-54503,20190702,4600006,700137,20:30,Tuesday,Scott,Local Road,9999,Unknown - Not Indicated - Unlocated,Mainline,Not reported,N DIVISION ST,Municipal Road,Not Indicated as an Intersection,Suspected Minor Injury Crash,4000,FTYROW:  Making left turn,Refused,57,>= 55 and <= 59,Male
20191121833,19-22648,20190703,4517070,658951,21:46,Wednesday,Des Moines,Farm to Market Route,9999,Unknown - Not Indicated - Unlocated,Mainline,Not reported,HARRISON AVE & SUMMER ST,Municipal Road,Municipal - Municipal,Property Damage Only,4500,Followed too close,Refused,54,>= 50 and <= 54,Male
20191121833,19-22648,20190703,4517070,658951,21:46,Wednesday,Des Moines,Farm to Market Route,9999,Unknown - Not Indicated - Unlocated,Mainline,Not reported,HARRISON AVE & SUMMER ST,Municipal Road,Municipal - Municipal,Property Damage Only,4500,Followed too close,Refused,54,>= 50 and <= 54,Male
20191121839,CG1900983,20190623,4775866,468779,03:01,Sunday,Cerro Gordo,Local Road,9999,Unknown - Not Indicated - Unlocated,Mainline,Not reported,MAIN AVE,Municipal Road,Not Indicated as an Intersection,Property Damage Only,5500,Driver Distraction:  Passenger,Under Influence of Alcohol/Drugs/Medications,26,>= 25 and <= 29,Female
20191121891,19-03461,20190704,4602176,432511,16:50,Thursday,Dallas,Local Road,9999,Unknown - Not Indicated - Unlocated,Mainline,Not reported,BRIDGEWOOD BLVD,Municipal Road,Not Indicated as an Intersection,Suspected Minor Injury Crash,3000,FTYROW:  Making right turn on red signal,Refused,76,>= 75 and <= 79,Male
20191121891,19-03461,20190704,4602176,432511,16:50,Thursday,Dallas,Local Road,9999,Unknown - Not Indicated - Unlocated,Mainline,Not reported,BRIDGEWOOD BLVD,Municipal Road,Not Indicated as an Intersection,Suspected Minor Injury Crash,3000,FTYROW:  Making right turn on red signal,Refused,59,>= 55 and <= 59,Male
20191121897,201907809,20190516,4646919,610139,22:09,Thursday,Linn,Interstate,380,Southbound (SB),Mainline,Not reported,I-380,Interstate,Not Indicated as an Intersection,Possible/Unknown Injury Crash,20314,Lost control,Alcohol (Statutory),70,>= 70 and <= 74,Male
20191121918,201910601,20190703,4656709,610785,02:04,Wednesday,Linn,Local Road,9999,Unknown - Not Indicated - Unlocated,Mainline,Not reported,FOX TRAIL DR NE,Municipal Road,Not Indicated as an Intersection,Property Damage Only,13500,Driver Distraction:  Other interior distraction,Alcohol (Statutory),200,,Not reported
20191121918,201910601,20190703,4656709,610785,02:04,Wednesday,Linn,Local Road,9999,Unknown - Not Indicated - Unlocated,Mainline,Not reported,FOX TRAIL DR NE,Municipal Road,Not Indicated as an Intersection,Property Damage Only,13500,Driver Distraction:  Other interior distraction,Alcohol (Statutory),200,,Not reported
20191121918,201910601,20190703,4656709,610785,02:04,Wednesday,Linn,Local Road,9999,Unknown - Not Indicated - Unlocated,Mainline,Not reported,FOX TRAIL DR NE,Municipal Road,Not Indicated as an Intersection,Property Damage Only,13500,Driver Distraction:  Other interior distraction,Alcohol (Statutory),21,>= 21 and <= 24,Female
20191121931,19-004780,20190704,4657603,236078,20:00,Thursday,Monona,Local Road,9999,Unknown - Not Indicated - Unlocated,Mainline,Not reported,230TH ST,Secondary Road,Not Indicated as an Intersection,Suspected Minor Injury Crash,10000,Driver Distraction:  Other interior distraction,Alcohol (Statutory),21,>= 21 and <= 24,Male
20191121932,19-011726,20190704,4571935,258755,21:10,Thursday,Pottawattamie,Local Road,9999,Unknown - Not Indicated - Unlocated,Mainline,Not reported,AVE A,Municipal Road,Not Indicated as an Intersection,Property Damage Only,6000,Lost control,Alcohol (Statutory),200,,Not reported
20191121932,19-011726,20190704,4571935,258755,21:10,Thursday,Pottawattamie,Local Road,9999,Unknown - Not Indicated - Unlocated,Mainline,Not reported,AVE A,Municipal Road,Not Indicated as an Intersection,Property Damage Only,6000,Lost control,Alcohol (Statutory),65,>= 65 and <= 69,Not reported
20191121959,19-037850,20190705,4724026,319178,00:52,Friday,Buena Vista,Iowa Route,7,Westbound (WB),Mainline,Not reported,IA 7/W MILWAUKEE AVE,Iowa Route,Not Indicated as an Intersection,Suspected Serious Injury Crash,7500,Operating vehicle in an reckless, erratic, careless, negligent manner,Alcohol (Statutory),19,= 19,Male