Case Number,Law Enforcement Case Number,Date of Crash,Y-Coordinate (UTM NAD 83 Zone 15),X-Coordinate (UTM NAD 83 Zone 15),Time,Day of Week,County,Road System,Route,Cardinal Direction of Vehicles,Mainline or Ramp,Overpass/Underpass Information,Derived Literal Description,Road Classification,Intersection Class,Crash Severity,Amount of Property Damage,Major Cause,Drug or Alcohol Related,Driver Age,Driver Age - 5 year Bins,Driver Gender
20191121963,19011525,20190704,4547939,267153,01:11,Thursday,Mills,Local Road,9999,Unknown - Not Indicated - Unlocated,Mainline,Not reported,HAWLEY RD & 218TH ST,Secondary Road,Secondary - Secondary,Property Damage Only,9000,Ran off road - left,Refused,40,>= 40 and <= 44,Female
20191121969,19-000913,20190703,4636451,442296,21:45,Wednesday,Story,Iowa Route,210,Westbound (WB),Mainline,Not reported,IA 210/6TH AVE,Iowa Route,Not Indicated as an Intersection,Property Damage Only,8500,Followed too close,Alcohol (Statutory),26,>= 25 and <= 29,Male
20191121969,19-000913,20190703,4636451,442296,21:45,Wednesday,Story,Iowa Route,210,Westbound (WB),Mainline,Not reported,IA 210/6TH AVE,Iowa Route,Not Indicated as an Intersection,Property Damage Only,8500,Followed too close,Alcohol (Statutory),55,>= 55 and <= 59,Male
20191121976,2019018073,20190704,4633660,608281,15:20,Thursday,Johnson,Local Road,9999,Unknown - Not Indicated - Unlocated,Mainline,Not reported,JEFFERSON AVE,Municipal Road,Not Indicated as an Intersection,Property Damage Only,6500,Driver Distraction:  Manual operation of an electronic communication device,Alcohol (Statutory),42,>= 40 and <= 44,Male
20191121982,N19000573,20190629,4622852,615468,01:53,Saturday,Johnson,Local Road,9999,Unknown - Not Indicated - Unlocated,Mainline,Not reported,W CHERRY ST,Municipal Road,Not Indicated as an Intersection,Property Damage Only,6000,Driver Distraction:  Other interior distraction,Alcohol (Statutory),200,,Not reported
20191121982,N19000573,20190629,4622852,615468,01:53,Saturday,Johnson,Local Road,9999,Unknown - Not Indicated - Unlocated,Mainline,Not reported,W CHERRY ST,Municipal Road,Not Indicated as an Intersection,Property Damage Only,6000,Driver Distraction:  Other interior distraction,Alcohol (Statutory),33,>= 30 and <= 34,Male
20191122015,19-01657,20190705,4608896,437315,07:41,Friday,Polk,Farm to Market Route,9999,Unknown - Not Indicated - Unlocated,Mainline,Not reported,DOUGLAS AVE & PATRICIA DR,Municipal Road,Municipal - Municipal,Possible/Unknown Injury Crash,11000,FTYROW:  Making left turn,Alcohol (Statutory),23,>= 21 and <= 24,Female
20191122015,19-01657,20190705,4608896,437315,07:41,Friday,Polk,Farm to Market Route,9999,Unknown - Not Indicated - Unlocated,Mainline,Not reported,DOUGLAS AVE & PATRICIA DR,Municipal Road,Municipal - Municipal,Possible/Unknown Injury Crash,11000,FTYROW:  Making left turn,Alcohol (Statutory),32,>= 30 and <= 34,Male
20191122048,19048712,20190619,4710202,547230,01:55,Wednesday,Black Hawk,US Route,218,Southbound (SB),Mainline,Not reported,US 218,US Route,Not Indicated as an Intersection,Possible/Unknown Injury Crash,17000,Operating vehicle in an reckless, erratic, careless, negligent manner,Alcohol (Statutory),17,= 17,Male
20191122048,19048712,20190619,4710202,547230,01:55,Wednesday,Black Hawk,US Route,218,Southbound (SB),Mainline,Not reported,US 218,US Route,Not Indicated as an Intersection,Possible/Unknown Injury Crash,17000,Operating vehicle in an reckless, erratic, careless, negligent manner,Alcohol (Statutory),21,>= 21 and <= 24,Male
20191122051,2019-55262,20190705,4602004,697140,00:25,Friday,Scott,Local Road,9999,Unknown - Not Indicated - Unlocated,Mainline,Not reported,W CENTRAL PARK AVE & EMERALD DR,Municipal Road,Municipal - Municipal,Property Damage Only,3000,Ran off road - straight,Refused,35,>= 35 and <= 39,Female
20191122067,20190020529,20190705,4604891,446295,23:54,Friday,Polk,Local Road,9999,Unknown - Not Indicated - Unlocated,Mainline,Not reported,MLK JR PKWY,Municipal Road,Not Indicated as an Intersection,Property Damage Only,2500,Operating vehicle in an reckless, erratic, careless, negligent manner,Under Influence of Alcohol/Drugs/Medications,40,>= 40 and <= 44,Not reported
20191122067,20190020529,20190705,4604891,446295,23:54,Friday,Polk,Local Road,9999,Unknown - Not Indicated - Unlocated,Mainline,Not reported,MLK JR PKWY,Municipal Road,Not Indicated as an Intersection,Property Damage Only,2500,Operating vehicle in an reckless, erratic, careless, negligent manner,Under Influence of Alcohol/Drugs/Medications,200,,Not reported
20191122155,19-011810,20190706,4571265,259760,23:49,Saturday,Pottawattamie,Local Road,9999,Unknown - Not Indicated - Unlocated,Mainline,Not reported,5TH AVE & S 16TH ST,Municipal Road,Municipal - Municipal,Property Damage Only,13000,Ran stop sign,Alcohol (Statutory),45,>= 45 and <= 49,Male
20191122155,19-011810,20190706,4571265,259760,23:49,Saturday,Pottawattamie,Local Road,9999,Unknown - Not Indicated - Unlocated,Mainline,Not reported,5TH AVE & S 16TH ST,Municipal Road,Municipal - Municipal,Property Damage Only,13000,Ran stop sign,Alcohol (Statutory),26,>= 25 and <= 29,Female
20191122156,19-011817,20190707,4570950,257630,02:24,Sunday,Pottawattamie,Local Road,9999,Unknown - Not Indicated - Unlocated,Mainline,Not reported,9TH AVE,Municipal Road,Not Indicated as an Intersection,Suspected Minor Injury Crash,6000,Lost control,Alcohol (Statutory),34,>= 30 and <= 34,Not reported
20191122156,19-011817,20190707,4570950,257630,02:24,Sunday,Pottawattamie,Local Road,9999,Unknown - Not Indicated - Unlocated,Mainline,Not reported,9TH AVE,Municipal Road,Not Indicated as an Intersection,Suspected Minor Injury Crash,6000,Lost control,Alcohol (Statutory),200,,Not reported
20191122162,20190020650,20190706,4599272,450220,23:10,Saturday,Polk,US Route,69,Southbound (SB),Mainline,Not reported,US 69/SE 14TH ST & E EMMA AVE,US Route,US Route - Municipal,Property Damage Only,6249,Failure to dim lights/have lights on,Refused,50,>= 50 and <= 54,Male
20191122162,20190020650,20190706,4599272,450220,23:10,Saturday,Polk,US Route,69,Southbound (SB),Mainline,Not reported,US 69/SE 14TH ST & E EMMA AVE,US Route,US Route - Municipal,Property Damage Only,6249,Failure to dim lights/have lights on,Refused,31,>= 30 and <= 34,Male
20191122166,90-19-270,20190629,4723506,413895,20:34,Saturday,Humboldt,Local Road,9999,Unknown - Not Indicated - Unlocated,Mainline,Not reported,270TH ST,Secondary Road,Not Indicated as an Intersection,Suspected Minor Injury Crash,2000,Ran stop sign,Under Influence of Alcohol/Drugs/Medications,24,>= 21 and <= 24,Male
20191122175,19-17686,20190701,4602188,707949,13:14,Monday,Scott,Local Road,9999,Unknown - Not Indicated - Unlocated,Mainline,Not reported,MIDDLE RD & 18TH ST,Municipal Road,Municipal - Municipal,Property Damage Only,4200,Lost control,Alcohol (Statutory),70,>= 70 and <= 74,Male
20191122175,19-17686,20190701,4602188,707949,13:14,Monday,Scott,Local Road,9999,Unknown - Not Indicated - Unlocated,Mainline,Not reported,MIDDLE RD & 18TH ST,Municipal Road,Municipal - Municipal,Property Damage Only,4200,Lost control,Alcohol (Statutory),65,>= 65 and <= 69,Male
20191122206,2019018056,20190704,4596302,316277,05:50,Thursday,Pottawattamie,Interstate,80,Eastbound (EB),Mainline,Not reported,I-80,Interstate,Not Indicated as an Intersection,Property Damage Only,3500,Ran off road - right,Alcohol (Statutory),31,>= 30 and <= 34,Male
20191122214,19-23131,20190706,4510607,653585,20:26,Saturday,Des Moines,US Route,61,Northbound (NB),Mainline,Not reported,US 61 & OLD US HWY 61,US Route,US Route - Secondary,Suspected Minor Injury Crash,21000,FTYROW:  Other,Alcohol (Statutory),22,>= 21 and <= 24,Male
20191122214,19-23131,20190706,4510607,653585,20:26,Saturday,Des Moines,US Route,61,Northbound (NB),Mainline,Not reported,US 61 & OLD US HWY 61,US Route,US Route - Secondary,Suspected Minor Injury Crash,21000,FTYROW:  Other,Alcohol (Statutory),50,>= 50 and <= 54,Male
20191122241,19-003781,20190706,4620268,448313,00:50,Saturday,Polk,Local Road,9999,Unknown - Not Indicated - Unlocated,Mainline,Not reported,NW STATE ST,Municipal Road,Not Indicated as an Intersection,Suspected Minor Injury Crash,20000,Driving too fast for conditions,Alcohol (Statutory),34,>= 30 and <= 34,Male
20191122317,19006384,20190704,4703399,627862,18:38,Thursday,Delaware,Farm to Market Route,9999,Unknown - Not Indicated - Unlocated,Mainline,Not reported,Co Rd D5X/JEFFERSON RD,Secondary Road,Not Indicated as an Intersection,Suspected Serious Injury Crash,7000,Made improper turn,Alcohol (Statutory),20,= 20,Female
20191122317,19006384,20190704,4703399,627862,18:38,Thursday,Delaware,Farm to Market Route,9999,Unknown - Not Indicated - Unlocated,Mainline,Not reported,Co Rd D5X/JEFFERSON RD,Secondary Road,Not Indicated as an Intersection,Suspected Serious Injury Crash,7000,Made improper turn,Alcohol (Statutory),34,>= 30 and <= 34,Female
20191122325,201905947,20190415,4647030,609157,17:27,Monday,Linn,Local Road,9999,Unknown - Not Indicated - Unlocated,Mainline,Not reported,10TH ST SW,Municipal Road,Not Indicated as an Intersection,Suspected Serious Injury Crash,2500,Exceeded authorized speed,Alcohol (< Statutory),200,,Not reported
20191122325,201905947,20190415,4647030,609157,17:27,Monday,Linn,Local Road,9999,Unknown - Not Indicated - Unlocated,Mainline,Not reported,10TH ST SW,Municipal Road,Not Indicated as an Intersection,Suspected Serious Injury Crash,2500,Exceeded authorized speed,Alcohol (< Statutory),200,,Not reported
20191122325,201905947,20190415,4647030,609157,17:27,Monday,Linn,Local Road,9999,Unknown - Not Indicated - Unlocated,Mainline,Not reported,10TH ST SW,Municipal Road,Not Indicated as an Intersection,Suspected Serious Injury Crash,2500,Exceeded authorized speed,Alcohol (< Statutory),52,>= 50 and <= 54,Male
20191122326,201908748,20190602,4648590,610412,16:53,Sunday,Linn,Interstate,380,Northbound (NB),Mainline,Not reported,I-380,Interstate,Not Indicated as an Intersection,Suspected Serious Injury Crash,5500,Exceeded authorized speed,Alcohol (Statutory),58,>= 55 and <= 59,Male
20191122326,201908748,20190602,4648590,610412,16:53,Sunday,Linn,Interstate,380,Northbound (NB),Mainline,Not reported,I-380,Interstate,Not Indicated as an Intersection,Suspected Serious Injury Crash,5500,Exceeded authorized speed,Alcohol (Statutory),34,>= 30 and <= 34,Male
20191122355,2019013371,20190518,4589037,674556,19:57,Saturday,Muscatine,Iowa Route,22,Eastbound (EB),Mainline,Not reported,IA 22/IOWA 22 & Co Rd Y26/VAIL AVE,Iowa Route,IA Route - Secondary,Suspected Minor Injury Crash,0,Lost control,Alcohol (Statutory),37,>= 35 and <= 39,Male
20191122389,19-9113,20190629,4778858,325468,09:14,Saturday,Clay,Local Road,9999,Unknown - Not Indicated - Unlocated,Mainline,Not reported,W 5TH ST & 1ST AVE W,Municipal Road,Municipal - Municipal,Suspected Minor Injury Crash,20000,Ran stop sign,Drug/Alcohol (Statutory),78,>= 75 and <= 79,Female
20191122389,19-9113,20190629,4778858,325468,09:14,Saturday,Clay,Local Road,9999,Unknown - Not Indicated - Unlocated,Mainline,Not reported,W 5TH ST & 1ST AVE W,Municipal Road,Municipal - Municipal,Suspected Minor Injury Crash,20000,Ran stop sign,Drug/Alcohol (Statutory),20,= 20,Male
20191122394,19-9707,20190707,4778891,326730,09:15,Sunday,Clay,Local Road,9999,Unknown - Not Indicated - Unlocated,Mainline,Not reported,E 5TH ST & 10TH AVE E,Municipal Road,Municipal - Municipal,Property Damage Only,6500,Exceeded authorized speed,Alcohol (Statutory),21,>= 21 and <= 24,Male
20191122394,19-9707,20190707,4778891,326730,09:15,Sunday,Clay,Local Road,9999,Unknown - Not Indicated - Unlocated,Mainline,Not reported,E 5TH ST & 10TH AVE E,Municipal Road,Municipal - Municipal,Property Damage Only,6500,Exceeded authorized speed,Alcohol (Statutory),200,,Not reported
20191122400,MC1902718,20190704,4777313,478809,09:30,Thursday,Cerro Gordo,Iowa Route,122,Eastbound (EB),Mainline,Not reported,IA 122/4TH ST SW & S EISENHOWER AVE,Iowa Route,IA Route - Municipal,Property Damage Only,2000,Other,Refused,22,>= 21 and <= 24,Male
20191122400,MC1902718,20190704,4777313,478809,09:30,Thursday,Cerro Gordo,Iowa Route,122,Eastbound (EB),Mainline,Not reported,IA 122/4TH ST SW & S EISENHOWER AVE,Iowa Route,IA Route - Municipal,Property Damage Only,2000,Other,Refused,40,>= 40 and <= 44,Male
20191122423,201900032995,20190704,4544259,549746,20:25,Thursday,Wapello,Farm to Market Route,9999,Unknown - Not Indicated - Unlocated,Mainline,Not reported,NORTHVIEW AVE & N COURT ST,Municipal Road,Municipal - Municipal,Suspected Minor Injury Crash,21500,Ran stop sign,Alcohol (Statutory),23,>= 21 and <= 24,Male
20191122423,201900032995,20190704,4544259,549746,20:25,Thursday,Wapello,Farm to Market Route,9999,Unknown - Not Indicated - Unlocated,Mainline,Not reported,NORTHVIEW AVE & N COURT ST,Municipal Road,Municipal - Municipal,Suspected Minor Injury Crash,21500,Ran stop sign,Alcohol (Statutory),75,>= 75 and <= 79,Male
20191122473,201910995,20190708,4644096,611325,20:23,Monday,Linn,Farm to Market Route,9999,Unknown - Not Indicated - Unlocated,Mainline,Not reported,BOWLING ST SW,Municipal Road,Not Indicated as an Intersection,Suspected Minor Injury Crash,7000,Made improper turn,Alcohol (Statutory),20,= 20,Female
20191122473,201910995,20190708,4644096,611325,20:23,Monday,Linn,Farm to Market Route,9999,Unknown - Not Indicated - Unlocated,Mainline,Not reported,BOWLING ST SW,Municipal Road,Not Indicated as an Intersection,Suspected Minor Injury Crash,7000,Made improper turn,Alcohol (Statutory),34,>= 30 and <= 34,Male
20191122475,201900007381,20190706,4701952,433948,01:44,Saturday,Hamilton,Local Road,9999,Unknown - Not Indicated - Unlocated,Mainline,Not reported,HIGH ST,Municipal Road,Municipal - Municipal,Property Damage Only,10000,Operating vehicle in an reckless, erratic, careless, negligent manner,Refused,33,>= 30 and <= 34,Male
20191122480,19-4978,20190708,4626004,443622,22:14,Monday,Polk,Local Road,9999,Unknown - Not Indicated - Unlocated,Mainline,Not reported,NW 44TH ST,Secondary Road,Not Indicated as an Intersection,Property Damage Only,10000,Driver Distraction:  Inattentive/lost in thought,Alcohol (Statutory),42,>= 40 and <= 44,Male
20191122483,1007082511,20190708,4651613,732060,21:43,Monday,Clinton,US Route,67,Northbound (NB),Mainline,Not reported,US 67,US Route,Not Indicated as an Intersection,Suspected Serious Injury Crash,7000,Ran off road - left,Refused,34,>= 30 and <= 34,Male
20191122506,2019-20523,20190705,4559288,462496,17:49,Friday,Warren,Farm to Market Route,9999,Unknown - Not Indicated - Unlocated,Mainline,Not reported,Co Rd G76/HWY G76,Secondary Road,Not Indicated as an Intersection,Property Damage Only,45000,Ran off road - right,Alcohol (Statutory),58,>= 55 and <= 59,Male
20191122522,2019-002005,20190707,4695967,689783,14:48,Sunday,Dubuque,US Route,61,Southbound (SB),Mainline,Not reported,US 61,US Route,Not Indicated as an Intersection,Possible/Unknown Injury Crash,4000,Driving too fast for conditions,Alcohol (Statutory),45,>= 45 and <= 49,Female
20191122538,07-19-010,20190703,4742722,240432,22:10,Wednesday,Plymouth,Iowa Route,3,Eastbound (EB),Mainline,Not reported,IA 3/PLYMOUTH ST & IA 404/5TH AVE NW & 5TH AVE SW,Iowa Route,IA Route - IA Route,Suspected Minor Injury Crash,1500,FTYROW:  Making left turn,Alcohol (Statutory),29,>= 25 and <= 29,Female
20191122538,07-19-010,20190703,4742722,240432,22:10,Wednesday,Plymouth,Iowa Route,3,Eastbound (EB),Mainline,Not reported,IA 3/PLYMOUTH ST & IA 404/5TH AVE NW & 5TH AVE SW,Iowa Route,IA Route - IA Route,Suspected Minor Injury Crash,1500,FTYROW:  Making left turn,Alcohol (Statutory),14,= 14,Male
20191122543,19-006522,20190623,4591935,352385,01:30,Sunday,Cass,Local Road,9999,Unknown - Not Indicated - Unlocated,Mainline,Not reported,745TH ST,Secondary Road,Not Indicated as an Intersection,Suspected Minor Injury Crash,12350,Ran off road - left,Refused,24,>= 21 and <= 24,Male
20191122558,2019018407,20190707,4609736,684700,22:12,Sunday,Scott,Interstate,80,Ramp,Ramp,Not reported,I-80 & Co Rd Y40/60 AVE,Interstate,Interstate - Secondary,Property Damage Only,19500,Ran stop sign,Alcohol (Statutory),31,>= 30 and <= 34,Male
20191122558,2019018407,20190707,4609736,684700,22:12,Sunday,Scott,Interstate,80,Ramp,Ramp,Not reported,I-80 & Co Rd Y40/60 AVE,Interstate,Interstate - Secondary,Property Damage Only,19500,Ran stop sign,Alcohol (Statutory),40,>= 40 and <= 44,Male
20191122595,NT-19-057,20190629,4652099,462552,11:30,Saturday,Story,Local Road,9999,Unknown - Not Indicated - Unlocated,Mainline,Not reported,6TH ST,Municipal Road,Not Indicated as an Intersection,Property Damage Only,10000,Operating vehicle in an reckless, erratic, careless, negligent manner,Alcohol (Statutory),32,>= 30 and <= 34,Not reported
20191122595,NT-19-057,20190629,4652099,462552,11:30,Saturday,Story,Local Road,9999,Unknown - Not Indicated - Unlocated,Mainline,Not reported,6TH ST,Municipal Road,Not Indicated as an Intersection,Property Damage Only,10000,Operating vehicle in an reckless, erratic, careless, negligent manner,Alcohol (Statutory),76,>= 75 and <= 79,Male
20191122595,NT-19-057,20190629,4652099,462552,11:30,Saturday,Story,Local Road,9999,Unknown - Not Indicated - Unlocated,Mainline,Not reported,6TH ST,Municipal Road,Not Indicated as an Intersection,Property Damage Only,10000,Operating vehicle in an reckless, erratic, careless, negligent manner,Alcohol (Statutory),200,,Not reported
20191122599,19-053164,20190702,4713777,540485,23:18,Tuesday,Black Hawk,Farm to Market Route,9999,Unknown - Not Indicated - Unlocated,Mainline,Not reported,Co Rd T75/N UNION RD,Secondary Road,Not Indicated as an Intersection,Possible/Unknown Injury Crash,12000,Crossed centerline (undivided),Refused,37,>= 35 and <= 39,Female
20191122604,WSO1902232,20190622,4813808,576626,22:10,Saturday,Winneshiek,Local Road,9999,Unknown - Not Indicated - Unlocated,Mainline,Not reported,370TH ST,Secondary Road,Not Indicated as an Intersection,Property Damage Only,5000,Ran off road - right,Under Influence of Alcohol/Drugs/Medications,45,>= 45 and <= 49,Male
20191122607,19112670,20190707,4606749,620870,13:30,Sunday,Johnson,US Route,218,Southbound (SB),Mainline,Not reported,US 218,US Route,Not Indicated as an Intersection,Possible/Unknown Injury Crash,6000,Operating vehicle in an reckless, erratic, careless, negligent manner,Alcohol (Statutory),49,>= 45 and <= 49,Male
20191122607,19112670,20190707,4606749,620870,13:30,Sunday,Johnson,US Route,218,Southbound (SB),Mainline,Not reported,US 218,US Route,Not Indicated as an Intersection,Possible/Unknown Injury Crash,6000,Operating vehicle in an reckless, erratic, careless, negligent manner,Alcohol (Statutory),31,>= 30 and <= 34,Male
20191122632,2019015709,20190609,4752605,434994,20:18,Sunday,Hancock,Local Road,9999,Unknown - Not Indicated - Unlocated,Mainline,Not reported,110TH ST,Secondary Road,Not Indicated as an Intersection,Suspected Serious Injury Crash,7500,Exceeded authorized speed,Alcohol (Statutory),57,>= 55 and <= 59,Male
20191122694,201910718,20190705,4642524,610563,00:49,Friday,Linn,US Route,30,Eastbound (EB),Mainline,On overpass,US 30/LINCOLN FWY & J ST SW,US Route,US Route - Municipal,Property Damage Only,10000,Traveling wrong way or on wrong side of road,Alcohol (Statutory),20,= 20,Female
20191122735,19070248,20190707,4556225,530522,21:00,Sunday,Wapello,Farm to Market Route,9999,Unknown - Not Indicated - Unlocated,Mainline,Not reported,WALNUT ST & 3RD ST,Municipal Road,Municipal - Municipal,Property Damage Only,5000,Ran off road - straight,Alcohol (Statutory),61,>= 60 and <= 64,Male
20191122774,2019-56272,20190707,4602624,702397,23:08,Sunday,Scott,Local Road,9999,Unknown - Not Indicated - Unlocated,Mainline,Not reported,W 29TH ST & FAIR AVE,Municipal Road,Municipal - Municipal,Possible/Unknown Injury Crash,3000,Lost control,Under Influence of Alcohol/Drugs/Medications,18,= 18,Not reported
20191122774,2019-56272,20190707,4602624,702397,23:08,Sunday,Scott,Local Road,9999,Unknown - Not Indicated - Unlocated,Mainline,Not reported,W 29TH ST & FAIR AVE,Municipal Road,Municipal - Municipal,Possible/Unknown Injury Crash,3000,Lost control,Under Influence of Alcohol/Drugs/Medications,200,,Not reported
20191122788,2019018367,20190706,4520569,658017,18:13,Saturday,Des Moines,Local Road,9999,Unknown - Not Indicated - Unlocated,Mainline,Not reported,MT PLEASANT ST & CURRAN ST,Municipal Road,Municipal - Municipal,Fatal Crash,4000,FTYROW:  Making left turn,Alcohol (< Statutory),59,>= 55 and <= 59,Male
20191122788,2019018367,20190706,4520569,658017,18:13,Saturday,Des Moines,Local Road,9999,Unknown - Not Indicated - Unlocated,Mainline,Not reported,MT PLEASANT ST & CURRAN ST,Municipal Road,Municipal - Municipal,Fatal Crash,4000,FTYROW:  Making left turn,Alcohol (< Statutory),43,>= 40 and <= 44,Male
20191122794,19-2294,20190523,4610241,720888,14:00,Thursday,Scott,Farm to Market Route,9999,Unknown - Not Indicated - Unlocated,Mainline,Not reported,TERRITORIAL RD,Municipal Road,Not Indicated as an Intersection,Property Damage Only,18600,Operating vehicle in an reckless, erratic, careless, negligent manner,Refused,37,>= 35 and <= 39,Female
20191122835,2019018409,20190707,4748583,597143,21:56,Sunday,Fayette,Iowa Route,150,Northbound (NB),Mainline,Not reported,IA 150/LINCOLN RD & IVY RD & 175TH ST,Iowa Route,IA Route - Secondary,Suspected Minor Injury Crash,35000,Ran stop sign,Drug/Alcohol (Statutory),18,= 18,Female
20191122835,2019018409,20190707,4748583,597143,21:56,Sunday,Fayette,Iowa Route,150,Northbound (NB),Mainline,Not reported,IA 150/LINCOLN RD & IVY RD & 175TH ST,Iowa Route,IA Route - Secondary,Suspected Minor Injury Crash,35000,Ran stop sign,Drug/Alcohol (Statutory),44,>= 40 and <= 44,Male
20191122869,19-009413,20190706,4809794,329835,23:07,Saturday,Dickinson,Local Road,9999,Unknown - Not Indicated - Unlocated,Mainline,Not reported,19TH ST,Municipal Road,Not Indicated as an Intersection,Property Damage Only,3700,Driver Distraction:  Other interior distraction,Refused,200,,Not reported
20191122869,19-009413,20190706,4809794,329835,23:07,Saturday,Dickinson,Local Road,9999,Unknown - Not Indicated - Unlocated,Mainline,Not reported,19TH ST,Municipal Road,Not Indicated as an Intersection,Property Damage Only,3700,Driver Distraction:  Other interior distraction,Refused,42,>= 40 and <= 44,Not reported
20191122906,19-008919,20190615,4669956,524372,23:21,Saturday,Tama,Iowa Route,96,No Travel Direction Consistent with Route,Mainline,Not reported,IA 96/8TH ST,Iowa Route,Not Indicated as an Intersection,Suspected Serious Injury Crash,4000,Ran stop sign,Alcohol (Statutory),21,>= 21 and <= 24,Male
20191122918,2019-005168,20190710,4710598,691416,22:25,Wednesday,Dubuque,Farm to Market Route,9999,Unknown - Not Indicated - Unlocated,Mainline,Not reported,WINDSOR AVE,Municipal Road,Not Indicated as an Intersection,Property Damage Only,20000,Lost control,Alcohol (Statutory),51,>= 50 and <= 54,Not reported
20191122918,2019-005168,20190710,4710598,691416,22:25,Wednesday,Dubuque,Farm to Market Route,9999,Unknown - Not Indicated - Unlocated,Mainline,Not reported,WINDSOR AVE,Municipal Road,Not Indicated as an Intersection,Property Damage Only,20000,Lost control,Alcohol (Statutory),200,,Not reported
20191122919,2019012975,20190514,4591297,597320,17:23,Tuesday,Washington,Iowa Route,22,Eastbound (EB),Mainline,Not reported,IA 22/6TH ST & 6TH AVE,Iowa Route,IA Route - Municipal,Property Damage Only,8500,Exceeded authorized speed,Alcohol (Statutory),26,>= 25 and <= 29,Female
20191122919,2019012975,20190514,4591297,597320,17:23,Tuesday,Washington,Iowa Route,22,Eastbound (EB),Mainline,Not reported,IA 22/6TH ST & 6TH AVE,Iowa Route,IA Route - Municipal,Property Damage Only,8500,Exceeded authorized speed,Alcohol (Statutory),200,,Not reported
20191122943,2019018475,20190708,4703751,652172,14:20,Monday,Delaware,US Route,20,Eastbound (EB),Mainline,Not reported,US 20,US Route,Not Indicated as an Intersection,Suspected Minor Injury Crash,6500,FTYROW:  Other,Under Influence of Alcohol/Drugs/Medications,44,>= 40 and <= 44,Male
20191122943,2019018475,20190708,4703751,652172,14:20,Monday,Delaware,US Route,20,Eastbound (EB),Mainline,Not reported,US 20,US Route,Not Indicated as an Intersection,Suspected Minor Injury Crash,6500,FTYROW:  Other,Under Influence of Alcohol/Drugs/Medications,46,>= 45 and <= 49,Male
20191122944,053-19,20190630,4592236,430094,22:45,Sunday,Madison,Farm to Market Route,9999,Unknown - Not Indicated - Unlocated,Mainline,Not reported,Co Rd G14/VINTAGE AVE/CUMMING RD & Co Rd G4R,Secondary Road,Secondary - Secondary,Possible/Unknown Injury Crash,30000,Driver Distraction:  Manual operation of an electronic communication device,Alcohol (< Statutory),29,>= 25 and <= 29,Male
20191122993,19-5054,20190711,4613596,460011,10:24,Thursday,Polk,US Route,65,Southbound (SB),Mainline,Not reported,US 65/HUBBELL AVE & 32ND ST SW,US Route,US Route - Municipal,Property Damage Only,2000,Followed too close,Refused,47,>= 45 and <= 49,Female
20191122993,19-5054,20190711,4613596,460011,10:24,Thursday,Polk,US Route,65,Southbound (SB),Mainline,Not reported,US 65/HUBBELL AVE & 32ND ST SW,US Route,US Route - Municipal,Property Damage Only,2000,Followed too close,Refused,48,>= 45 and <= 49,Male
20191123045,2019017795,20190701,4700705,225050,19:45,Monday,Woodbury,Farm to Market Route,9999,Unknown - Not Indicated - Unlocated,Mainline,Not reported,Co Rd K29/OLD LAKEPORT RD & GLEN ELLEN RD,Secondary Road,Secondary - Secondary,Fatal Crash,3000,Exceeded authorized speed,Alcohol (Statutory),37,>= 35 and <= 39,Male
20191123078,20190021227,20190711,4607239,443924,18:30,Thursday,Polk,Local Road,9999,Unknown - Not Indicated - Unlocated,Mainline,Not reported,HICKMAN RD & BEAVER AVE,Municipal Road,Municipal - Municipal,Property Damage Only,4101,Ran off road - right,Alcohol (Statutory),59,>= 55 and <= 59,Male
20191123078,20190021227,20190711,4607239,443924,18:30,Thursday,Polk,Local Road,9999,Unknown - Not Indicated - Unlocated,Mainline,Not reported,HICKMAN RD & BEAVER AVE,Municipal Road,Municipal - Municipal,Property Damage Only,4101,Ran off road - right,Alcohol (Statutory),30,>= 30 and <= 34,Female
20191123101,19-014255,20190704,4563493,478918,16:24,Thursday,Marion,Local Road,9999,Unknown - Not Indicated - Unlocated,Mainline,Not reported,A ST,Secondary Road,Not Indicated as an Intersection,Property Damage Only,3150,Driver Distraction:  Other interior distraction,Alcohol (< Statutory),29,>= 25 and <= 29,Female
20191123103,19-014415,20190705,4573764,494954,22:00,Friday,Marion,Farm to Market Route,9999,Unknown - Not Indicated - Unlocated,Mainline,Not reported,Co Rd T15/OLD HWY 92,Secondary Road,Not Indicated as an Intersection,Possible/Unknown Injury Crash,1600,Ran off road - right,Alcohol (Statutory),44,>= 40 and <= 44,Male
20191123122,19-23882,20190712,4519362,658160,01:08,Friday,Des Moines,Local Road,9999,Unknown - Not Indicated - Unlocated,Mainline,Not reported,PLANE ST,Municipal Road,Not Indicated as an Intersection,Property Damage Only,5500,Driver Distraction:  Other interior distraction,Alcohol (Statutory),40,>= 40 and <= 44,Male
20191123160,201909628,20190616,4655887,605833,19:30,Sunday,Linn,Local Road,9999,Unknown - Not Indicated - Unlocated,Mainline,Not reported,MILBURN RD,Secondary Road,Not Indicated as an Intersection,Suspected Minor Injury Crash,10000,Driver Distraction:  Other interior distraction,Alcohol (Statutory),45,>= 45 and <= 49,Male
20191123183,S19-9421,20190707,4715407,240384,04:06,Sunday,Woodbury,Farm to Market Route,9999,Unknown - Not Indicated - Unlocated,Mainline,Not reported,Co Rd D12/110TH ST,Secondary Road,Not Indicated as an Intersection,Property Damage Only,2699,Driver Distraction:  Other interior distraction,Alcohol (Statutory),21,>= 21 and <= 24,Male