Case Number,Law Enforcement Case Number,Date of Crash,Y-Coordinate (UTM NAD 83 Zone 15),X-Coordinate (UTM NAD 83 Zone 15),Time,Day of Week,County,Road System,Route,Cardinal Direction of Vehicles,Mainline or Ramp,Overpass/Underpass Information,Derived Literal Description,Road Classification,Intersection Class,Crash Severity,Amount of Property Damage,Major Cause,Drug or Alcohol Related,Driver Age,Driver Age - 5 year Bins,Driver Gender
20191123184,19--5222,20190711,4750543,502785,15:25,Thursday,Butler,Farm to Market Route,9999,Unknown - Not Indicated - Unlocated,Mainline,Not reported,Co Rd T18/DANCER AVE & DOUGLAS AVE & FLOYD LINE ST,Secondary Road,Secondary - Secondary,Property Damage Only,2000,FTYROW:  At uncontrolled intersection,Alcohol (< Statutory),27,>= 25 and <= 29,Male
20191123184,19--5222,20190711,4750543,502785,15:25,Thursday,Butler,Farm to Market Route,9999,Unknown - Not Indicated - Unlocated,Mainline,Not reported,Co Rd T18/DANCER AVE & DOUGLAS AVE & FLOYD LINE ST,Secondary Road,Secondary - Secondary,Property Damage Only,2000,FTYROW:  At uncontrolled intersection,Alcohol (< Statutory),28,>= 25 and <= 29,Female
20191123332,2019017578,20190628,4612083,452073,23:10,Friday,Polk,Interstate,35,Southbound (SB),Mainline,Not reported,I-35,Interstate,Not Indicated as an Intersection,Property Damage Only,5000,Operating vehicle in an reckless, erratic, careless, negligent manner,Refused,34,>= 30 and <= 34,Female
20191123373,19-008897,20190713,4673382,330455,06:09,Saturday,Carroll,Farm to Market Route,9999,Unknown - Not Indicated - Unlocated,Mainline,Not reported,Co Rd M68/CONCORD AVE,Secondary Road,Not Indicated as an Intersection,Suspected Minor Injury Crash,2000,Driver Distraction:  Other interior distraction,Alcohol (Statutory),19,= 19,Male
20191123397,19-010314,20190713,4723486,229761,12:32,Saturday,Plymouth,US Route,75,Both North and South,Mainline,Not reported,US 75,US Route,Not Indicated as an Intersection,Suspected Minor Injury Crash,4600,Driver Distraction:  Other interior distraction,Alcohol (Statutory),40,>= 40 and <= 44,Female
20191123397,19-010314,20190713,4723486,229761,12:32,Saturday,Plymouth,US Route,75,Both North and South,Mainline,Not reported,US 75,US Route,Not Indicated as an Intersection,Suspected Minor Injury Crash,4600,Driver Distraction:  Other interior distraction,Alcohol (Statutory),64,>= 60 and <= 64,Female
20191123414,19-008862,20190712,4671507,357596,18:39,Friday,Carroll,Farm to Market Route,9999,Unknown - Not Indicated - Unlocated,Mainline,Not reported,Co Rd N41/TIMBER AVE,Secondary Road,Not Indicated as an Intersection,Suspected Minor Injury Crash,6900,Ran off road - right,Alcohol (Statutory),28,>= 25 and <= 29,Female
20191123431,W19-056690,20190713,4705167,551800,20:40,Saturday,Black Hawk,Local Road,9999,Unknown - Not Indicated - Unlocated,Mainline,Not reported,KNOLL AVE,Municipal Road,Not Indicated as an Intersection,Property Damage Only,19000,Driver Distraction:  Reaching for object(s)/fallen object(s),Alcohol (Statutory),61,>= 60 and <= 64,Male
20191123469,2019-005209,20190712,4708743,691372,19:35,Friday,Dubuque,Local Road,9999,Unknown - Not Indicated - Unlocated,Mainline,Not reported,W 16TH ST & MAIN ST,Municipal Road,Municipal - Municipal,Property Damage Only,4000,Lost control,Alcohol (Statutory),32,>= 30 and <= 34,Male
20191123469,2019-005209,20190712,4708743,691372,19:35,Friday,Dubuque,Local Road,9999,Unknown - Not Indicated - Unlocated,Mainline,Not reported,W 16TH ST & MAIN ST,Municipal Road,Municipal - Municipal,Property Damage Only,4000,Lost control,Alcohol (Statutory),200,,Not reported
20191123470,2019-005224,20190713,4707871,687665,06:02,Saturday,Dubuque,Local Road,9999,Unknown - Not Indicated - Unlocated,Mainline,Not reported,PENNSYLVANIA AVE & RUANN DR,Municipal Road,Municipal - Municipal,Property Damage Only,18561,Traveling wrong way or on wrong side of road,Alcohol (Statutory),40,>= 40 and <= 44,Male
20191123470,2019-005224,20190713,4707871,687665,06:02,Saturday,Dubuque,Local Road,9999,Unknown - Not Indicated - Unlocated,Mainline,Not reported,PENNSYLVANIA AVE & RUANN DR,Municipal Road,Municipal - Municipal,Property Damage Only,18561,Traveling wrong way or on wrong side of road,Alcohol (Statutory),26,>= 25 and <= 29,Male
20191123493,19-00383,20190713,4595898,443262,05:47,Saturday,Polk,Iowa Route,5,Ramp,Ramp,Not reported,IA 5/SE RAMP/SW RAMP & IA 28/IOWA 28,Iowa Route,IA Route - IA Route,Possible/Unknown Injury Crash,25200,Ran stop sign,Refused,37,>= 35 and <= 39,Male
20191123493,19-00383,20190713,4595898,443262,05:47,Saturday,Polk,Iowa Route,5,Ramp,Ramp,Not reported,IA 5/SE RAMP/SW RAMP & IA 28/IOWA 28,Iowa Route,IA Route - IA Route,Possible/Unknown Injury Crash,25200,Ran stop sign,Refused,36,>= 35 and <= 39,Male
20191123517,DPD1902570,20190713,4796227,597414,00:21,Saturday,Winneshiek,Local Road,9999,Unknown - Not Indicated - Unlocated,Mainline,Not reported,HILLTOP DR,Municipal Road,Not Indicated as an Intersection,Suspected Serious Injury Crash,17135,Exceeded authorized speed,Alcohol (Statutory),35,>= 35 and <= 39,Male
20191123545,19-037286,20190703,4724139,315562,04:11,Wednesday,Buena Vista,Local Road,9999,Unknown - Not Indicated - Unlocated,Mainline,Not reported,600TH ST,Secondary Road,Not Indicated as an Intersection,Property Damage Only,8000,Ran off road - straight,Alcohol (Statutory),23,>= 21 and <= 24,Male
20191123562,2019018902,20190713,4595067,370309,16:22,Saturday,Adair,Interstate,80,Westbound (WB),Mainline,Not reported,I-80,Interstate,Not Indicated as an Intersection,Property Damage Only,12000,Driver Distraction:  Inattentive/lost in thought,Alcohol (Statutory),53,>= 50 and <= 54,Male
20191123562,2019018902,20190713,4595067,370309,16:22,Saturday,Adair,Interstate,80,Westbound (WB),Mainline,Not reported,I-80,Interstate,Not Indicated as an Intersection,Property Damage Only,12000,Driver Distraction:  Inattentive/lost in thought,Alcohol (Statutory),28,>= 25 and <= 29,Male
20191123642,2019-58099,20190713,4600298,702514,21:21,Saturday,Scott,Local Road,9999,Unknown - Not Indicated - Unlocated,Mainline,Not reported,E 9TH ST & PERRY ST,Municipal Road,Municipal - Municipal,Suspected Minor Injury Crash,20000,Driver Distraction:  Other interior distraction,Refused,33,>= 30 and <= 34,Male
20191123642,2019-58099,20190713,4600298,702514,21:21,Saturday,Scott,Local Road,9999,Unknown - Not Indicated - Unlocated,Mainline,Not reported,E 9TH ST & PERRY ST,Municipal Road,Municipal - Municipal,Suspected Minor Injury Crash,20000,Driver Distraction:  Other interior distraction,Refused,200,,Not reported
20191123672,2019018910,20190713,4558473,445918,20:12,Saturday,Warren,Local Road,9999,Unknown - Not Indicated - Unlocated,Mainline,Not reported,85TH AVE,Secondary Road,Not Indicated as an Intersection,Suspected Serious Injury Crash,15000,Ran off road - left,Alcohol (Statutory),42,>= 40 and <= 44,Female
20191123686,20190021694,20190715,4606602,451766,20:11,Monday,Polk,Interstate,235,No Travel Direction Consistent with Route,Mainline,Not reported,I-235,Interstate,Not Indicated as an Intersection,Possible/Unknown Injury Crash,10000,Exceeded authorized speed,Alcohol (Statutory),31,>= 30 and <= 34,Male
20191123698,19-027500,20190714,4589222,664635,03:00,Sunday,Muscatine,Local Road,9999,Unknown - Not Indicated - Unlocated,Mainline,Not reported,ORCHARD AVE,Municipal Road,Not Indicated as an Intersection,Property Damage Only,22000,Lost control,Alcohol (Statutory),200,,Not reported
20191123698,19-027500,20190714,4589222,664635,03:00,Sunday,Muscatine,Local Road,9999,Unknown - Not Indicated - Unlocated,Mainline,Not reported,ORCHARD AVE,Municipal Road,Not Indicated as an Intersection,Property Damage Only,22000,Lost control,Alcohol (Statutory),32,>= 30 and <= 34,Male
20191123699,2019-58421,20190714,4603499,703170,22:09,Sunday,Scott,Local Road,9999,Unknown - Not Indicated - Unlocated,Mainline,Not reported,DAVENPORT AVE,Municipal Road,Not Indicated as an Intersection,Property Damage Only,5000,Improper backing,Alcohol (Statutory),42,>= 40 and <= 44,Male
20191123699,2019-58421,20190714,4603499,703170,22:09,Sunday,Scott,Local Road,9999,Unknown - Not Indicated - Unlocated,Mainline,Not reported,DAVENPORT AVE,Municipal Road,Not Indicated as an Intersection,Property Damage Only,5000,Improper backing,Alcohol (Statutory),200,,Not reported
20191123733,2019-002065,20190712,4700860,664582,02:21,Friday,Dubuque,Local Road,9999,Unknown - Not Indicated - Unlocated,Mainline,Not reported,7TH ST SE,Municipal Road,Not Indicated as an Intersection,Property Damage Only,6000,Driver Distraction:  Other interior distraction,Refused,27,>= 25 and <= 29,Male
20191123753,19-0550,20190706,4604910,440199,06:30,Saturday,Polk,Interstate,235,Ramp,Ramp,Not reported,I-235,Interstate,Not Indicated as an Intersection,Property Damage Only,5000,Driving too fast for conditions,Alcohol (Statutory),29,>= 25 and <= 29,Male
20191123761,19-22790,20190712,4710511,220076,17:03,Friday,Woodbury,Local Road,9999,Unknown - Not Indicated - Unlocated,Mainline,On underpass,DOUGLAS ST & 6TH ST,Municipal Road,Municipal - Municipal,Property Damage Only,2600,Traveling wrong way or on wrong side of road,Alcohol (Statutory),46,>= 45 and <= 49,Female
20191123761,19-22790,20190712,4710511,220076,17:03,Friday,Woodbury,Local Road,9999,Unknown - Not Indicated - Unlocated,Mainline,On underpass,DOUGLAS ST & 6TH ST,Municipal Road,Municipal - Municipal,Property Damage Only,2600,Traveling wrong way or on wrong side of road,Alcohol (Statutory),41,>= 40 and <= 44,Female
20191123814,19-006674,20190629,4641454,590387,19:01,Saturday,Benton,Farm to Market Route,9999,Unknown - Not Indicated - Unlocated,Mainline,Not reported,Co Rd W24/30 AVE & 76 ST,Secondary Road,Secondary - Secondary,Suspected Minor Injury Crash,3500,Operating vehicle in an reckless, erratic, careless, negligent manner,Under Influence of Alcohol/Drugs/Medications,59,>= 55 and <= 59,Male
20191123814,19-006674,20190629,4641454,590387,19:01,Saturday,Benton,Farm to Market Route,9999,Unknown - Not Indicated - Unlocated,Mainline,Not reported,Co Rd W24/30 AVE & 76 ST,Secondary Road,Secondary - Secondary,Suspected Minor Injury Crash,3500,Operating vehicle in an reckless, erratic, careless, negligent manner,Under Influence of Alcohol/Drugs/Medications,37,>= 35 and <= 39,Male
20191123839,201902318,20190706,4651361,617941,21:50,Saturday,Linn,Local Road,9999,Unknown - Not Indicated - Unlocated,Mainline,Not reported,Co Rd E44/LAKESIDE RD & SQUAW RIDGE RD,Secondary Road,Secondary - Secondary,Suspected Minor Injury Crash,11500,FTYROW:  From stop sign,Alcohol (Statutory),21,>= 21 and <= 24,Male
20191123839,201902318,20190706,4651361,617941,21:50,Saturday,Linn,Local Road,9999,Unknown - Not Indicated - Unlocated,Mainline,Not reported,Co Rd E44/LAKESIDE RD & SQUAW RIDGE RD,Secondary Road,Secondary - Secondary,Suspected Minor Injury Crash,11500,FTYROW:  From stop sign,Alcohol (Statutory),57,>= 55 and <= 59,Male
20191123890,19017004,20190712,4654518,615654,18:01,Friday,Linn,Local Road,9999,Unknown - Not Indicated - Unlocated,Mainline,Not reported,8TH AVE & 7TH ST,Municipal Road,Municipal - Municipal,Suspected Minor Injury Crash,7000,FTYROW:  From stop sign,Alcohol (Statutory),31,>= 30 and <= 34,Female
20191123890,19017004,20190712,4654518,615654,18:01,Friday,Linn,Local Road,9999,Unknown - Not Indicated - Unlocated,Mainline,Not reported,8TH AVE & 7TH ST,Municipal Road,Municipal - Municipal,Suspected Minor Injury Crash,7000,FTYROW:  From stop sign,Alcohol (Statutory),23,>= 21 and <= 24,Male
20191123891,2019018049,20190704,4782913,471617,00:10,Thursday,Cerro Gordo,Interstate,35,Southbound (SB),Mainline,Not reported,I-35,Interstate,Not Indicated as an Intersection,Property Damage Only,8666,Driver Distraction:  Other electronic device activity,Alcohol (< Statutory),26,>= 25 and <= 29,Male
20191123892,19-000941,20190715,4574496,255636,21:38,Monday,Pottawattamie,Local Road,9999,Unknown - Not Indicated - Unlocated,Mainline,Not reported,E LOCUST ST & N 9TH ST,Municipal Road,Municipal - Municipal,Suspected Minor Injury Crash,8000,Ran stop sign,Drug/Alcohol (< Statutory),35,>= 35 and <= 39,Not reported
20191123892,19-000941,20190715,4574496,255636,21:38,Monday,Pottawattamie,Local Road,9999,Unknown - Not Indicated - Unlocated,Mainline,Not reported,E LOCUST ST & N 9TH ST,Municipal Road,Municipal - Municipal,Suspected Minor Injury Crash,8000,Ran stop sign,Drug/Alcohol (< Statutory),36,>= 35 and <= 39,Female
20191123922,201911188,20190711,4649935,611432,23:57,Thursday,Linn,Local Road,9999,Unknown - Not Indicated - Unlocated,Mainline,Not reported,E AVE NE & 16TH ST NE,Municipal Road,Municipal - Municipal,Property Damage Only,4500,Lost control,Alcohol (Statutory),30,>= 30 and <= 34,Male
20191123922,201911188,20190711,4649935,611432,23:57,Thursday,Linn,Local Road,9999,Unknown - Not Indicated - Unlocated,Mainline,Not reported,E AVE NE & 16TH ST NE,Municipal Road,Municipal - Municipal,Property Damage Only,4500,Lost control,Alcohol (Statutory),200,,Not reported
20191123927,201911262,20190713,4646535,605578,01:10,Saturday,Linn,Local Road,9999,Unknown - Not Indicated - Unlocated,Mainline,Not reported,16TH AVE SW & WILEY BLVD SW,Municipal Road,Municipal - Municipal,Suspected Minor Injury Crash,8000,Lost control,Under Influence of Alcohol/Drugs/Medications,49,>= 45 and <= 49,Male
20191123932,201911337,20190714,4654477,608923,01:48,Sunday,Linn,Farm to Market Route,9999,Unknown - Not Indicated - Unlocated,Mainline,Not reported,BLAIRS FERRY RD,Municipal Road,Not Indicated as an Intersection,Property Damage Only,2000,Lost control,Under Influence of Alcohol/Drugs/Medications,24,>= 21 and <= 24,Female
20191123932,201911337,20190714,4654477,608923,01:48,Sunday,Linn,Farm to Market Route,9999,Unknown - Not Indicated - Unlocated,Mainline,Not reported,BLAIRS FERRY RD,Municipal Road,Not Indicated as an Intersection,Property Damage Only,2000,Lost control,Under Influence of Alcohol/Drugs/Medications,34,>= 30 and <= 34,Female
20191123976,S19-9720,20190712,4704235,228182,21:59,Friday,Woodbury,Farm to Market Route,9999,Unknown - Not Indicated - Unlocated,Mainline,Not reported,Co Rd D25/OLD HWY 141 & Co Rd D30/180TH ST,Secondary Road,Secondary - Municipal,Property Damage Only,5000,Swerving/Evasive Action,Alcohol (Statutory),34,>= 30 and <= 34,Male
20191123976,S19-9720,20190712,4704235,228182,21:59,Friday,Woodbury,Farm to Market Route,9999,Unknown - Not Indicated - Unlocated,Mainline,Not reported,Co Rd D25/OLD HWY 141 & Co Rd D30/180TH ST,Secondary Road,Secondary - Municipal,Property Damage Only,5000,Swerving/Evasive Action,Alcohol (Statutory),40,>= 40 and <= 44,Female
20191124100,19-03637,20190716,4600902,433558,02:55,Tuesday,Dallas,Local Road,9999,Unknown - Not Indicated - Unlocated,Mainline,Not reported,STAGECOACH DR,Municipal Road,Not Indicated as an Intersection,Property Damage Only,5150,Lost control,Refused,21,>= 21 and <= 24,Female
20191124100,19-03637,20190716,4600902,433558,02:55,Tuesday,Dallas,Local Road,9999,Unknown - Not Indicated - Unlocated,Mainline,Not reported,STAGECOACH DR,Municipal Road,Not Indicated as an Intersection,Property Damage Only,5150,Lost control,Refused,200,,Not reported
20191124158,2019018911,20190713,4701787,601446,19:51,Saturday,Buchanan,US Route,20,Eastbound (EB),Mainline,Not reported,US 20,US Route,Not Indicated as an Intersection,Suspected Serious Injury Crash,6000,Operating vehicle in an reckless, erratic, careless, negligent manner,Under Influence of Alcohol/Drugs/Medications,17,= 17,Female
20191124166,19-032833,20190611,4718065,305705,20:34,Tuesday,Buena Vista,Farm to Market Route,9999,Unknown - Not Indicated - Unlocated,Mainline,Not reported,Co Rd M27/20TH AVE & 640TH ST,Secondary Road,Secondary - Secondary,Property Damage Only,8200,Ran off road - left,Alcohol (Statutory),23,>= 21 and <= 24,Male
20191124192,19-21189,20190630,4711343,220717,00:20,Sunday,Woodbury,Local Road,9999,Unknown - Not Indicated - Unlocated,Mainline,Not reported,13TH ST,Municipal Road,Not Indicated as an Intersection,Property Damage Only,2000,Unknown,Alcohol (Statutory),18,= 18,Male
20191124192,19-21189,20190630,4711343,220717,00:20,Sunday,Woodbury,Local Road,9999,Unknown - Not Indicated - Unlocated,Mainline,Not reported,13TH ST,Municipal Road,Not Indicated as an Intersection,Property Damage Only,2000,Unknown,Alcohol (Statutory),200,,Not reported
20191124222,2019-02453,20190718,4642793,601507,11:06,Thursday,Linn,US Route,151,Southbound (SB),Mainline,Not reported,US 151/WILLIAMS BLVD,US Route,Not Indicated as an Intersection,Property Damage Only,3000,Followed too close,Under Influence of Alcohol/Drugs/Medications,76,>= 75 and <= 79,Female
20191124222,2019-02453,20190718,4642793,601507,11:06,Thursday,Linn,US Route,151,Southbound (SB),Mainline,Not reported,US 151/WILLIAMS BLVD,US Route,Not Indicated as an Intersection,Property Damage Only,3000,Followed too close,Under Influence of Alcohol/Drugs/Medications,61,>= 60 and <= 64,Female
20191124223,2019-0465,20190713,4624691,275141,18:00,Saturday,Harrison,Local Road,9999,Unknown - Not Indicated - Unlocated,Mainline,Not reported,10TH ST,Municipal Road,Not Indicated as an Intersection,Possible/Unknown Injury Crash,13000,Driver Distraction:  Other interior distraction,Alcohol (Statutory),47,>= 45 and <= 49,Female
20191124223,2019-0465,20190713,4624691,275141,18:00,Saturday,Harrison,Local Road,9999,Unknown - Not Indicated - Unlocated,Mainline,Not reported,10TH ST,Municipal Road,Not Indicated as an Intersection,Possible/Unknown Injury Crash,13000,Driver Distraction:  Other interior distraction,Alcohol (Statutory),29,>= 25 and <= 29,Male
20191124247,MC1902917,20190718,4778921,482043,00:51,Thursday,Cerro Gordo,Local Road,9999,Unknown - Not Indicated - Unlocated,Mainline,Not reported,12TH ST NW & S PIERCE AVE,Municipal Road,Municipal - Municipal,Property Damage Only,5500,Exceeded authorized speed,Alcohol (Statutory),19,= 19,Male
20191124247,MC1902917,20190718,4778921,482043,00:51,Thursday,Cerro Gordo,Local Road,9999,Unknown - Not Indicated - Unlocated,Mainline,Not reported,12TH ST NW & S PIERCE AVE,Municipal Road,Municipal - Municipal,Property Damage Only,5500,Exceeded authorized speed,Alcohol (Statutory),26,>= 25 and <= 29,Male
20191124418,2019-42278,20190526,4599622,699481,02:07,Sunday,Scott,Local Road,9999,Unknown - Not Indicated - Unlocated,Mainline,Not reported,W 4TH ST & OAK ST,Municipal Road,Municipal - Municipal,Property Damage Only,3000,Operating vehicle in an reckless, erratic, careless, negligent manner,Alcohol (Statutory),60,>= 60 and <= 64,Female
20191124418,2019-42278,20190526,4599622,699481,02:07,Sunday,Scott,Local Road,9999,Unknown - Not Indicated - Unlocated,Mainline,Not reported,W 4TH ST & OAK ST,Municipal Road,Municipal - Municipal,Property Damage Only,3000,Operating vehicle in an reckless, erratic, careless, negligent manner,Alcohol (Statutory),200,,Not reported
20191124454,19-03705,20190719,4604045,430969,04:53,Friday,Dallas,Local Road,9999,Unknown - Not Indicated - Unlocated,Mainline,Not reported,88TH ST,Municipal Road,Not Indicated as an Intersection,Suspected Minor Injury Crash,6300,Passing:  Through/around barrier,Refused,22,>= 21 and <= 24,Male
20191124458,19017636,20190720,4654440,617296,01:29,Saturday,Linn,Farm to Market Route,9999,Unknown - Not Indicated - Unlocated,Mainline,Not reported,7TH AVE,Municipal Road,Not Indicated as an Intersection,Property Damage Only,7100,Driver Distraction:  Other interior distraction,Refused,49,>= 45 and <= 49,Male
20191124462,20190022168,20190719,4597797,447639,16:35,Friday,Polk,Local Road,9999,Unknown - Not Indicated - Unlocated,Mainline,Not reported,PAYTON AVE,Municipal Road,Not Indicated as an Intersection,Possible/Unknown Injury Crash,3500,Passing:  Other passing,Under Influence of Alcohol/Drugs/Medications,78,>= 75 and <= 79,Female
20191124462,20190022168,20190719,4597797,447639,16:35,Friday,Polk,Local Road,9999,Unknown - Not Indicated - Unlocated,Mainline,Not reported,PAYTON AVE,Municipal Road,Not Indicated as an Intersection,Possible/Unknown Injury Crash,3500,Passing:  Other passing,Under Influence of Alcohol/Drugs/Medications,47,>= 45 and <= 49,Female
20191124474,PD19-01833,20190719,4654831,506433,21:30,Friday,Marshall,Local Road,9999,Unknown - Not Indicated - Unlocated,Mainline,Not reported,W BOONE ST,Municipal Road,Not Indicated as an Intersection,Property Damage Only,8587,Driver Distraction:  Other interior distraction,Alcohol (Statutory),200,,Not reported
20191124474,PD19-01833,20190719,4654831,506433,21:30,Friday,Marshall,Local Road,9999,Unknown - Not Indicated - Unlocated,Mainline,Not reported,W BOONE ST,Municipal Road,Not Indicated as an Intersection,Property Damage Only,8587,Driver Distraction:  Other interior distraction,Alcohol (Statutory),58,>= 55 and <= 59,Male
20191124474,PD19-01833,20190719,4654831,506433,21:30,Friday,Marshall,Local Road,9999,Unknown - Not Indicated - Unlocated,Mainline,Not reported,W BOONE ST,Municipal Road,Not Indicated as an Intersection,Property Damage Only,8587,Driver Distraction:  Other interior distraction,Alcohol (Statutory),200,,Not reported
20191124478,19-21757,20190719,4616457,495857,15:26,Friday,Jasper,Local Road,9999,Unknown - Not Indicated - Unlocated,Mainline,Not reported,E 4TH ST N,Municipal Road,Not Indicated as an Intersection,Possible/Unknown Injury Crash,9000,Followed too close,Alcohol (Statutory),56,>= 55 and <= 59,Male
20191124478,19-21757,20190719,4616457,495857,15:26,Friday,Jasper,Local Road,9999,Unknown - Not Indicated - Unlocated,Mainline,Not reported,E 4TH ST N,Municipal Road,Not Indicated as an Intersection,Possible/Unknown Injury Crash,9000,Followed too close,Alcohol (Statutory),21,>= 21 and <= 24,Female
20191124565,19-24910,20190720,4518199,659722,03:17,Saturday,Des Moines,Local Road,9999,Unknown - Not Indicated - Unlocated,Mainline,Not reported,LOCUST ST & 7TH ST,Municipal Road,Municipal - Municipal,Property Damage Only,4000,Lost control,Alcohol (Statutory),200,,Not reported
20191124565,19-24910,20190720,4518199,659722,03:17,Saturday,Des Moines,Local Road,9999,Unknown - Not Indicated - Unlocated,Mainline,Not reported,LOCUST ST & 7TH ST,Municipal Road,Municipal - Municipal,Property Damage Only,4000,Lost control,Alcohol (Statutory),32,>= 30 and <= 34,Female
20191124575,2019-60048,20190720,4606612,701452,04:30,Saturday,Scott,Local Road,9999,Unknown - Not Indicated - Unlocated,Mainline,Not reported,W 63RD ST & APPOMATTOX RD,Municipal Road,Municipal - Municipal,Property Damage Only,1500,Lost control,Alcohol (Statutory),200,,Not reported
20191124575,2019-60048,20190720,4606612,701452,04:30,Saturday,Scott,Local Road,9999,Unknown - Not Indicated - Unlocated,Mainline,Not reported,W 63RD ST & APPOMATTOX RD,Municipal Road,Municipal - Municipal,Property Damage Only,1500,Lost control,Alcohol (Statutory),27,>= 25 and <= 29,Male
20191124577,S19-001876,20190720,4569796,317246,01:30,Saturday,Pottawattamie,Farm to Market Route,9999,Unknown - Not Indicated - Unlocated,Mainline,Not reported,Co Rd M53/525TH ST,Secondary Road,Not Indicated as an Intersection,Property Damage Only,25000,Lost control,Alcohol (Statutory),18,= 18,Male
20191124601,19002448,20190625,4590335,580982,13:45,Tuesday,Keokuk,Iowa Route,22,Westbound (WB),Mainline,Not reported,IA 22/IOWA 22,Iowa Route,Not Indicated as an Intersection,Suspected Minor Injury Crash,15000,Ran off road - right,Alcohol (Statutory),45,>= 45 and <= 49,Male
20191124629,2019007183,20190721,4614382,627009,16:48,Sunday,Johnson,Farm to Market Route,9999,Unknown - Not Indicated - Unlocated,Mainline,Not reported,Co Rd F44/HERBERT HOOVER HWY,Secondary Road,Secondary - Secondary,Possible/Unknown Injury Crash,5250,Ran off road - right,Alcohol (Statutory),33,>= 30 and <= 34,Female
20191124632,19-005870,20190707,4774303,373781,00:00,Sunday,Palo Alto,US Route,18,Eastbound (EB),Mainline,Not reported,US 18/525 AVE,US Route,Not Indicated as an Intersection,Property Damage Only,2000,Ran off road - right,Alcohol (Statutory),45,>= 45 and <= 49,Male
20191124717,19-09841,20190720,4676732,649536,23:33,Saturday,Jones,Local Road,9999,Unknown - Not Indicated - Unlocated,Mainline,Not reported,S MAIN ST,Municipal Road,Not Indicated as an Intersection,Possible/Unknown Injury Crash,10404,Followed too close,Alcohol (Statutory),31,>= 30 and <= 34,Female
20191124717,19-09841,20190720,4676732,649536,23:33,Saturday,Jones,Local Road,9999,Unknown - Not Indicated - Unlocated,Mainline,Not reported,S MAIN ST,Municipal Road,Not Indicated as an Intersection,Possible/Unknown Injury Crash,10404,Followed too close,Alcohol (Statutory),46,>= 45 and <= 49,Male
20191124717,19-09841,20190720,4676732,649536,23:33,Saturday,Jones,Local Road,9999,Unknown - Not Indicated - Unlocated,Mainline,Not reported,S MAIN ST,Municipal Road,Not Indicated as an Intersection,Possible/Unknown Injury Crash,10404,Followed too close,Alcohol (Statutory),25,>= 25 and <= 29,Male
20191124759,19-012844,20190719,4760514,606905,19:46,Friday,Fayette,US Route,18,Westbound (WB),Mainline,Not reported,US 18/HARDING RD,US Route,Not Indicated as an Intersection,Suspected Minor Injury Crash,1500,Ran off road - right,Refused,64,>= 60 and <= 64,Male
20191124762,19-020344,20190627,4499734,641615,20:45,Thursday,Lee,Local Road,9999,Unknown - Not Indicated - Unlocated,Mainline,Not reported,AVE B,Municipal Road,Not Indicated as an Intersection,Property Damage Only,3002,Driver Distraction:  Unrestrained animal,Alcohol (< Statutory),200,,Not reported
20191124762,19-020344,20190627,4499734,641615,20:45,Thursday,Lee,Local Road,9999,Unknown - Not Indicated - Unlocated,Mainline,Not reported,AVE B,Municipal Road,Not Indicated as an Intersection,Property Damage Only,3002,Driver Distraction:  Unrestrained animal,Alcohol (< Statutory),56,>= 55 and <= 59,Male
20191124814,19-01091,20190721,4607230,439043,21:47,Sunday,Polk,Local Road,9999,Unknown - Not Indicated - Unlocated,Mainline,Not reported,NW 82ND ST,Municipal Road,Not Indicated as an Intersection,Property Damage Only,11000,Crossed centerline (undivided),Refused,36,>= 35 and <= 39,Male
20191124814,19-01091,20190721,4607230,439043,21:47,Sunday,Polk,Local Road,9999,Unknown - Not Indicated - Unlocated,Mainline,Not reported,NW 82ND ST,Municipal Road,Not Indicated as an Intersection,Property Damage Only,11000,Crossed centerline (undivided),Refused,200,,Not reported
20191124814,19-01091,20190721,4607230,439043,21:47,Sunday,Polk,Local Road,9999,Unknown - Not Indicated - Unlocated,Mainline,Not reported,NW 82ND ST,Municipal Road,Not Indicated as an Intersection,Property Damage Only,11000,Crossed centerline (undivided),Refused,200,,Not reported
20191124828,201911731,20190720,4645742,606389,23:51,Saturday,Linn,Farm to Market Route,9999,Unknown - Not Indicated - Unlocated,Mainline,Not reported,WILSON AVE SW & EDGEWOOD RD SW,Municipal Road,Municipal - Municipal,Possible/Unknown Injury Crash,16000,Operating vehicle in an reckless, erratic, careless, negligent manner,Refused,18,= 18,Male
20191124829,390719-2432,20190722,4597835,362879,18:52,Monday,Guthrie,Farm to Market Route,9999,Unknown - Not Indicated - Unlocated,Mainline,Not reported,Co Rd N54/FRONTIER RD,Secondary Road,Not Indicated as an Intersection,Property Damage Only,18000,Driver Distraction:  Other interior distraction,Alcohol (Statutory),40,>= 40 and <= 44,Female
20191124833,201911728,20190720,4649474,612433,21:57,Saturday,Linn,Local Road,9999,Unknown - Not Indicated - Unlocated,Mainline,Not reported,19TH ST SE,Municipal Road,Not Indicated as an Intersection,Property Damage Only,2200,Failed to yield to emergency vehicle,Refused,20,= 20,Male
20191124846,20190022545,20190722,4607243,444733,21:19,Monday,Polk,Local Road,9999,Unknown - Not Indicated - Unlocated,Mainline,Not reported,HICKMAN RD & 34TH ST,Municipal Road,Municipal - Municipal,Suspected Minor Injury Crash,4500,Lost control,Under Influence of Alcohol/Drugs/Medications,50,>= 50 and <= 54,Male