Case Number,Law Enforcement Case Number,Date of Crash,Y-Coordinate (UTM NAD 83 Zone 15),X-Coordinate (UTM NAD 83 Zone 15),Time,Day of Week,County,Road System,Route,Cardinal Direction of Vehicles,Mainline or Ramp,Overpass/Underpass Information,Derived Literal Description,Road Classification,Intersection Class,Crash Severity,Amount of Property Damage,Major Cause,Drug or Alcohol Related,Driver Age,Driver Age - 5 year Bins,Driver Gender
20191124846,20190022545,20190722,4607243,444733,21:19,Monday,Polk,Local Road,9999,Unknown - Not Indicated - Unlocated,Mainline,Not reported,HICKMAN RD & 34TH ST,Municipal Road,Municipal - Municipal,Suspected Minor Injury Crash,4500,Lost control,Under Influence of Alcohol/Drugs/Medications,36,>= 35 and <= 39,Female
20191124883,19-20268,20190623,4710194,219632,06:22,Sunday,Woodbury,Local Road,9999,Unknown - Not Indicated - Unlocated,Mainline,Not reported,WESLEY PKWY & 3RD ST,Municipal Road,Municipal - Municipal,Property Damage Only,6000,Ran traffic signal,Refused,47,>= 45 and <= 49,Female
20191124883,19-20268,20190623,4710194,219632,06:22,Sunday,Woodbury,Local Road,9999,Unknown - Not Indicated - Unlocated,Mainline,Not reported,WESLEY PKWY & 3RD ST,Municipal Road,Municipal - Municipal,Property Damage Only,6000,Ran traffic signal,Refused,43,>= 40 and <= 44,Female
20191124893,19-23697,20190719,4709797,222223,23:58,Friday,Woodbury,Iowa Route,12,Ramp,Ramp,Not reported,IA 12/NE LOOP & IA 376/LEWIS BLVD,Iowa Route,IA Route - IA Route,Suspected Minor Injury Crash,2000,Ran off road - right,Alcohol (Statutory),31,>= 30 and <= 34,Male
20191124905,19013156,20190719,4742695,574423,19:22,Friday,Bremer,Farm to Market Route,9999,Unknown - Not Indicated - Unlocated,Mainline,Not reported,Co Rd V62/150TH ST,Secondary Road,Not Indicated as an Intersection,Suspected Minor Injury Crash,7500,Driver Distraction:  Adjusting devices (radio, climate),Under Influence of Alcohol/Drugs/Medications,24,>= 21 and <= 24,Male
20191124949,19-015620,20190719,4590439,487857,19:08,Friday,Marion,Local Road,9999,Unknown - Not Indicated - Unlocated,Mainline,Not reported,COOLIDGE ST,Secondary Road,Not Indicated as an Intersection,Property Damage Only,1750,Ran off road - left,Under Influence of Alcohol/Drugs/Medications,50,>= 50 and <= 54,Male
20191124984,2019018926,20190713,4673308,595777,23:30,Saturday,Benton,Farm to Market Route,9999,Unknown - Not Indicated - Unlocated,Mainline,Not reported,Co Rd E2W/55 ST TRL,Secondary Road,Not Indicated as an Intersection,Suspected Minor Injury Crash,7000,Ran off road - left,Alcohol (Statutory),15,= 15,Male
20191125051,201911897,20190723,4648703,610838,21:10,Tuesday,Linn,Iowa Route,922,No Travel Direction Consistent with Route,Mainline,Not reported,IA 922/1ST AVE E & 8TH ST SE & 8TH ST NE,Iowa Route,IA Route - Municipal,Property Damage Only,9000,Driver Distraction:  Adjusting devices (radio, climate),Alcohol (Statutory),22,>= 21 and <= 24,Female
20191125051,201911897,20190723,4648703,610838,21:10,Tuesday,Linn,Iowa Route,922,No Travel Direction Consistent with Route,Mainline,Not reported,IA 922/1ST AVE E & 8TH ST SE & 8TH ST NE,Iowa Route,IA Route - Municipal,Property Damage Only,9000,Driver Distraction:  Adjusting devices (radio, climate),Alcohol (Statutory),20,= 20,Female
20191125053,19-5397,20190723,4614522,460891,20:29,Tuesday,Polk,US Route,65,Southbound (SB),Mainline,Not reported,US 65/HUBBELL AVE,US Route,Not Indicated as an Intersection,Property Damage Only,2000,Operating vehicle in an reckless, erratic, careless, negligent manner,Alcohol (Statutory),75,>= 75 and <= 79,Male
20191125065,19-028543,20190721,4587149,662851,21:01,Sunday,Muscatine,Local Road,9999,Unknown - Not Indicated - Unlocated,Mainline,Not reported,W 3RD ST,Municipal Road,Not Indicated as an Intersection,Property Damage Only,6000,Other,Alcohol (Statutory),200,,Not reported
20191125065,19-028543,20190721,4587149,662851,21:01,Sunday,Muscatine,Local Road,9999,Unknown - Not Indicated - Unlocated,Mainline,Not reported,W 3RD ST,Municipal Road,Not Indicated as an Intersection,Property Damage Only,6000,Other,Alcohol (Statutory),39,>= 35 and <= 39,Male
20191125114,2019-005516,20190723,4707032,687813,22:58,Tuesday,Dubuque,Local Road,9999,Unknown - Not Indicated - Unlocated,Mainline,Not reported,JOHN F KENNEDY RD & UNIVERSITY AVE & CEDAR CROSS RD,Municipal Road,Municipal - Municipal,Possible/Unknown Injury Crash,22587,Ran traffic signal,Alcohol (Statutory),23,>= 21 and <= 24,Male
20191125114,2019-005516,20190723,4707032,687813,22:58,Tuesday,Dubuque,Local Road,9999,Unknown - Not Indicated - Unlocated,Mainline,Not reported,JOHN F KENNEDY RD & UNIVERSITY AVE & CEDAR CROSS RD,Municipal Road,Municipal - Municipal,Possible/Unknown Injury Crash,22587,Ran traffic signal,Alcohol (Statutory),24,>= 21 and <= 24,Female
20191125161,2019019633,20190720,4605204,450603,01:00,Saturday,Polk,Interstate,235,Ramp,Ramp,Not reported,I-235,Interstate,Not Indicated as an Intersection,Property Damage Only,1700,Operating vehicle in an reckless, erratic, careless, negligent manner,Refused,22,>= 21 and <= 24,Male
20191125175,19-007799,20190721,4585467,331729,19:27,Sunday,Cass,Farm to Market Route,9999,Unknown - Not Indicated - Unlocated,Mainline,Not reported,CHESTNUT ST,Municipal Road,Not Indicated as an Intersection,Property Damage Only,1500,Other,Alcohol (Statutory),46,>= 45 and <= 49,Male
20191125175,19-007799,20190721,4585467,331729,19:27,Sunday,Cass,Farm to Market Route,9999,Unknown - Not Indicated - Unlocated,Mainline,Not reported,CHESTNUT ST,Municipal Road,Not Indicated as an Intersection,Property Damage Only,1500,Other,Alcohol (Statutory),200,,Not reported
20191125214,19-013695,20190724,4532876,624233,04:58,Wednesday,Henry,Local Road,9999,Unknown - Not Indicated - Unlocated,Mainline,Not reported,255TH ST,Secondary Road,Not Indicated as an Intersection,Suspected Serious Injury Crash,10500,Ran off road - left,Under Influence of Alcohol/Drugs/Medications,19,= 19,Male
20191125229,19-5428,20190725,4615298,461436,01:20,Thursday,Polk,Local Road,9999,Unknown - Not Indicated - Unlocated,Mainline,Not reported,15TH ST SW,Municipal Road,Not Indicated as an Intersection,Property Damage Only,20000,Operating vehicle in an reckless, erratic, careless, negligent manner,Alcohol (Statutory),33,>= 30 and <= 34,Female
20191125241,19026217,20190706,4589651,652024,02:45,Saturday,Muscatine,Iowa Route,22,Eastbound (EB),Mainline,Not reported,IA 22/IOWA 22,Iowa Route,Not Indicated as an Intersection,Suspected Minor Injury Crash,3000,Ran off road - right,Alcohol (Statutory),27,>= 25 and <= 29,Male
20191125252,19-010848,20190724,4742936,235801,05:35,Wednesday,Plymouth,Iowa Route,3,Both East and West,Mainline,Not reported,IA 3/IOWA 3,Iowa Route,Not Indicated as an Intersection,Property Damage Only,5000,Crossed centerline (undivided),Alcohol (Statutory),41,>= 40 and <= 44,Male
20191125252,19-010848,20190724,4742936,235801,05:35,Wednesday,Plymouth,Iowa Route,3,Both East and West,Mainline,Not reported,IA 3/IOWA 3,Iowa Route,Not Indicated as an Intersection,Property Damage Only,5000,Crossed centerline (undivided),Alcohol (Statutory),18,= 18,Male
20191125258,S19-001900,20190723,4579925,270634,20:48,Tuesday,Pottawattamie,Farm to Market Route,9999,Unknown - Not Indicated - Unlocated,Mainline,Not reported,Co Rd G8L/RAILROAD HWY & WESTON AVE,Secondary Road,Secondary - Secondary,Property Damage Only,11500,Lost control,Alcohol (Statutory),21,>= 21 and <= 24,Male
20191125259,19-0565,20190708,4607250,440136,20:50,Monday,Polk,US Route,6,No Travel Direction Consistent with Route,Mainline,Not reported,US 6/HICKMAN RD & 73RD ST,US Route,US Route - Secondary,Suspected Minor Injury Crash,3500,Exceeded authorized speed,Refused,35,>= 35 and <= 39,Male
20191125259,19-0565,20190708,4607250,440136,20:50,Monday,Polk,US Route,6,No Travel Direction Consistent with Route,Mainline,Not reported,US 6/HICKMAN RD & 73RD ST,US Route,US Route - Secondary,Suspected Minor Injury Crash,3500,Exceeded authorized speed,Refused,47,>= 45 and <= 49,Male
20191125265,19-005732,20190725,4683951,446733,01:59,Thursday,Hamilton,Local Road,9999,Unknown - Not Indicated - Unlocated,Mainline,Not reported,BLAINE ST,Municipal Road,Not Indicated as an Intersection,Property Damage Only,5300,Operating vehicle in an reckless, erratic, careless, negligent manner,Alcohol (Statutory),28,>= 25 and <= 29,Male
20191125274,2019016825,20190622,4610470,452057,07:04,Saturday,Polk,Interstate,235,Westbound (WB),Mainline,Not reported,I-235,Interstate,Not Indicated as an Intersection,Possible/Unknown Injury Crash,19832,Exceeded authorized speed,Alcohol (Statutory),22,>= 21 and <= 24,Male
20191125310,19-022747,20190712,4498567,638846,13:21,Friday,Lee,Local Road,9999,Unknown - Not Indicated - Unlocated,Mainline,Not reported,AVE O & AVE L,Municipal Road,Municipal - Municipal,Suspected Minor Injury Crash,2002,Exceeded authorized speed,Refused,29,>= 25 and <= 29,Not reported
20191125320,20190022829,20190725,4604173,449242,09:43,Thursday,Polk,Local Road,9999,Unknown - Not Indicated - Unlocated,Mainline,Not reported,E COURT AVE & E 6TH ST,Municipal Road,Municipal - Municipal,Suspected Minor Injury Crash,1000,FTYROW:  To pedestrian,Alcohol (Statutory),28,>= 25 and <= 29,Male
20191125331,19-056983,20190714,4705360,563755,20:21,Sunday,Black Hawk,Iowa Route,281,Westbound (WB),Mainline,Not reported,IA 281/INDEPENDENCE AVE,Iowa Route,Not Indicated as an Intersection,Property Damage Only,15000,Ran off road - left,Refused,49,>= 45 and <= 49,Male
20191125374,20190022936,20190726,4607237,446049,00:24,Friday,Polk,Local Road,9999,Unknown - Not Indicated - Unlocated,Mainline,Not reported,HICKMAN RD,Municipal Road,Not Indicated as an Intersection,Suspected Minor Injury Crash,6000,FTYROW:  At uncontrolled intersection,Alcohol (< Statutory),30,>= 30 and <= 34,Male
20191125374,20190022936,20190726,4607237,446049,00:24,Friday,Polk,Local Road,9999,Unknown - Not Indicated - Unlocated,Mainline,Not reported,HICKMAN RD,Municipal Road,Not Indicated as an Intersection,Suspected Minor Injury Crash,6000,FTYROW:  At uncontrolled intersection,Alcohol (< Statutory),35,>= 35 and <= 39,Male
20191125404,19024630,20190725,4513951,625214,03:04,Thursday,Lee,Farm to Market Route,9999,Unknown - Not Indicated - Unlocated,Mainline,Not reported,MAIN ST,Secondary Road,Not Indicated as an Intersection,Property Damage Only,20000,Ran off road - right,Alcohol (Statutory),19,= 19,Male
20191125404,19024630,20190725,4513951,625214,03:04,Thursday,Lee,Farm to Market Route,9999,Unknown - Not Indicated - Unlocated,Mainline,Not reported,MAIN ST,Secondary Road,Not Indicated as an Intersection,Property Damage Only,20000,Ran off road - right,Alcohol (Statutory),200,,Not reported
20191125629,19-013574,20190722,4523277,620971,15:32,Monday,Henry,US Route,218,Southbound (SB),Mainline,Not reported,US 218,US Route,Not Indicated as an Intersection,Property Damage Only,5000,Driver Distraction:  Other interior distraction,Alcohol (Statutory),53,>= 50 and <= 54,Not reported
20191125653,J19000694,20190721,4620184,623116,05:07,Sunday,Johnson,Local Road,9999,Unknown - Not Indicated - Unlocated,Mainline,Not reported,PRAIRIE DU CHIEN RD,Secondary Road,Not Indicated as an Intersection,Possible/Unknown Injury Crash,29000,Driving too fast for conditions,Alcohol (Statutory),17,= 17,Female
20191125662,W19-060735,20190727,4704778,556041,02:18,Saturday,Black Hawk,Local Road,9999,Unknown - Not Indicated - Unlocated,Mainline,Not reported,ARCHER AVE & LINDEN AVE,Municipal Road,Municipal - Municipal,Property Damage Only,5000,Lost control,Alcohol (Statutory),26,>= 25 and <= 29,Male
20191125662,W19-060735,20190727,4704778,556041,02:18,Saturday,Black Hawk,Local Road,9999,Unknown - Not Indicated - Unlocated,Mainline,Not reported,ARCHER AVE & LINDEN AVE,Municipal Road,Municipal - Municipal,Property Damage Only,5000,Lost control,Alcohol (Statutory),200,,Not reported
20191125673,201911954,20190724,4648689,610505,21:04,Wednesday,Linn,Interstate,380,Ramp,Ramp,Not reported,I-380,Interstate,Not Indicated as an Intersection,Property Damage Only,9000,Exceeded authorized speed,Alcohol (Statutory),56,>= 55 and <= 59,Female
20191125673,201911954,20190724,4648689,610505,21:04,Wednesday,Linn,Interstate,380,Ramp,Ramp,Not reported,I-380,Interstate,Not Indicated as an Intersection,Property Damage Only,9000,Exceeded authorized speed,Alcohol (Statutory),26,>= 25 and <= 29,Female
20191125673,201911954,20190724,4648689,610505,21:04,Wednesday,Linn,Interstate,380,Ramp,Ramp,Not reported,I-380,Interstate,Not Indicated as an Intersection,Property Damage Only,9000,Exceeded authorized speed,Alcohol (Statutory),36,>= 35 and <= 39,Male
20191125674,201911962,20190725,4651599,611081,01:40,Thursday,Linn,Local Road,9999,Unknown - Not Indicated - Unlocated,Mainline,Not reported,30TH ST NE,Municipal Road,Not Indicated as an Intersection,Property Damage Only,10000,Operating vehicle in an reckless, erratic, careless, negligent manner,Refused,24,>= 21 and <= 24,Male
20191125674,201911962,20190725,4651599,611081,01:40,Thursday,Linn,Local Road,9999,Unknown - Not Indicated - Unlocated,Mainline,Not reported,30TH ST NE,Municipal Road,Not Indicated as an Intersection,Property Damage Only,10000,Operating vehicle in an reckless, erratic, careless, negligent manner,Refused,200,,Not reported
20191125719,19-007694,20190720,4585222,331605,02:56,Saturday,Cass,Local Road,9999,Unknown - Not Indicated - Unlocated,Mainline,Not reported,POPLAR ST,Municipal Road,Not Indicated as an Intersection,Suspected Minor Injury Crash,11500,Ran off road - right,Alcohol (Statutory),50,>= 50 and <= 54,Male
20191125740,19-042368,20190728,4723755,319019,09:45,Sunday,Buena Vista,Local Road,9999,Unknown - Not Indicated - Unlocated,Mainline,Not reported,COLLEGE AVE,Municipal Road,Not Indicated as an Intersection,Suspected Minor Injury Crash,2200,Operating vehicle in an reckless, erratic, careless, negligent manner,Alcohol (Statutory),33,>= 30 and <= 34,Male
20191125762,19-5521,20190728,4609633,448367,19:41,Sunday,Polk,Iowa Route,415,Both North and South,Mainline,Not reported,IA 415/2ND AVE & NW AURORA AVE,Iowa Route,IA Route - Secondary,Property Damage Only,4500,FTYROW:  Making left turn,Refused,47,>= 45 and <= 49,Male
20191125762,19-5521,20190728,4609633,448367,19:41,Sunday,Polk,Iowa Route,415,Both North and South,Mainline,Not reported,IA 415/2ND AVE & NW AURORA AVE,Iowa Route,IA Route - Secondary,Property Damage Only,4500,FTYROW:  Making left turn,Refused,21,>= 21 and <= 24,Male
20191125763,19005461,20190728,4674896,265329,21:34,Sunday,Monona,Iowa Route,141,Westbound (WB),Mainline,Not reported,IA 141,Iowa Route,Not Indicated as an Intersection,Property Damage Only,6100,Ran off road - left,Alcohol (Statutory),24,>= 21 and <= 24,Female
20191125812,19-22680,20190727,4620655,512986,01:50,Saturday,Jasper,Local Road,9999,Unknown - Not Indicated - Unlocated,Mainline,Not reported,JADE AVE,Secondary Road,Not Indicated as an Intersection,Property Damage Only,12300,Operating vehicle in an reckless, erratic, careless, negligent manner,Alcohol (Statutory),48,>= 45 and <= 49,Female
20191125823,2019-62690,20190729,4600985,699428,02:39,Monday,Scott,Local Road,9999,Unknown - Not Indicated - Unlocated,Mainline,Not reported,CEDAR ST,Municipal Road,Not Indicated as an Intersection,Possible/Unknown Injury Crash,17000,Exceeded authorized speed,Refused,200,,Not reported
20191125823,2019-62690,20190729,4600985,699428,02:39,Monday,Scott,Local Road,9999,Unknown - Not Indicated - Unlocated,Mainline,Not reported,CEDAR ST,Municipal Road,Not Indicated as an Intersection,Possible/Unknown Injury Crash,17000,Exceeded authorized speed,Refused,21,>= 21 and <= 24,Male
20191125828,4519-046,20190727,4804853,569640,03:12,Saturday,Howard,Local Road,9999,Unknown - Not Indicated - Unlocated,Mainline,Not reported,VALLEY AVE,Secondary Road,Not Indicated as an Intersection,Property Damage Only,3000,Ran off road - right,Alcohol (Statutory),24,>= 21 and <= 24,Female
20191125869,19-24640,20190727,4712531,221824,16:43,Saturday,Woodbury,Local Road,9999,Unknown - Not Indicated - Unlocated,Mainline,Not reported,FLOYD BLVD & CHAMBERS ST,Municipal Road,Municipal - Municipal,Possible/Unknown Injury Crash,6000,Other,Alcohol (Statutory),41,>= 40 and <= 44,Not reported
20191125869,19-24640,20190727,4712531,221824,16:43,Saturday,Woodbury,Local Road,9999,Unknown - Not Indicated - Unlocated,Mainline,Not reported,FLOYD BLVD & CHAMBERS ST,Municipal Road,Municipal - Municipal,Possible/Unknown Injury Crash,6000,Other,Alcohol (Statutory),30,>= 30 and <= 34,Male
20191125890,SO19000036,20190316,4786888,607712,04:00,Saturday,Winneshiek,Local Road,9999,Unknown - Not Indicated - Unlocated,Mainline,Not reported,140TH AVE,Secondary Road,Not Indicated as an Intersection,Suspected Minor Injury Crash,5000,Driving too fast for conditions,Under Influence of Alcohol/Drugs/Medications,17,= 17,Male
20191125891,WSO1901859,20190526,4809289,581805,21:12,Sunday,Winneshiek,Local Road,9999,Unknown - Not Indicated - Unlocated,Mainline,Not reported,COLDWATER CREEK RD,Secondary Road,Not Indicated as an Intersection,Suspected Minor Injury Crash,2300,Operating vehicle in an reckless, erratic, careless, negligent manner,Alcohol (Statutory),16,= 16,Male
20191125917,S19-001929,20190727,4590706,261055,02:19,Saturday,Pottawattamie,Farm to Market Route,9999,Unknown - Not Indicated - Unlocated,Mainline,Not reported,Co Rd L20/OLD LINCOLN HWY,Secondary Road,Not Indicated as an Intersection,Property Damage Only,10000,Ran off road - right,Alcohol (Statutory),48,>= 45 and <= 49,Male
20191125937,2019-62410,20190728,4599858,698920,00:44,Sunday,Scott,Local Road,9999,Unknown - Not Indicated - Unlocated,Mainline,Not reported,WAVERLY RD,Municipal Road,Not Indicated as an Intersection,Property Damage Only,17500,Lost control,Refused,26,>= 25 and <= 29,Male
20191125937,2019-62410,20190728,4599858,698920,00:44,Sunday,Scott,Local Road,9999,Unknown - Not Indicated - Unlocated,Mainline,Not reported,WAVERLY RD,Municipal Road,Not Indicated as an Intersection,Property Damage Only,17500,Lost control,Refused,200,,Not reported
20191125941,2019020212,20190726,4508755,572638,22:30,Friday,Van Buren,Farm to Market Route,9999,Unknown - Not Indicated - Unlocated,Mainline,Not reported,Co Rd J40/RTE J40 & Co Rd V56/RTE V56,Secondary Road,Secondary - Secondary,Fatal Crash,10000,Ran stop sign,Alcohol (Statutory),55,>= 55 and <= 59,Male
20191125960,2019020203,20190726,4685066,453077,20:40,Friday,Hamilton,Interstate,35,Southbound (SB),Mainline,Not reported,I-35,Interstate,Not Indicated as an Intersection,Property Damage Only,10500,Operating vehicle in an reckless, erratic, careless, negligent manner,Alcohol (Statutory),57,>= 55 and <= 59,Female
20191126023,19-012703,20190729,4571166,260978,02:36,Monday,Pottawattamie,Iowa Route,192,Southbound (SB),Mainline,Not reported,IA 192/S 6TH ST,Iowa Route,Not Indicated as an Intersection,Property Damage Only,12500,Exceeded authorized speed,Alcohol (Statutory),200,,Not reported
20191126023,19-012703,20190729,4571166,260978,02:36,Monday,Pottawattamie,Iowa Route,192,Southbound (SB),Mainline,Not reported,IA 192/S 6TH ST,Iowa Route,Not Indicated as an Intersection,Property Damage Only,12500,Exceeded authorized speed,Alcohol (Statutory),25,>= 25 and <= 29,Female
20191126047,19-026135,20190729,4520418,658009,23:56,Monday,Des Moines,Local Road,9999,Unknown - Not Indicated - Unlocated,Mainline,Not reported,CURRAN ST,Municipal Road,Not Indicated as an Intersection,Suspected Minor Injury Crash,18000,Driving too fast for conditions,Alcohol (Statutory),73,>= 70 and <= 74,Male
20191126059,W19-061490,20190729,4706848,553611,18:23,Monday,Black Hawk,Local Road,9999,Unknown - Not Indicated - Unlocated,Mainline,Not reported,CONGER ST,Municipal Road,Not Indicated as an Intersection,Possible/Unknown Injury Crash,4000,Traveling wrong way or on wrong side of road,Refused,62,>= 60 and <= 64,Female
20191126059,W19-061490,20190729,4706848,553611,18:23,Monday,Black Hawk,Local Road,9999,Unknown - Not Indicated - Unlocated,Mainline,Not reported,CONGER ST,Municipal Road,Not Indicated as an Intersection,Possible/Unknown Injury Crash,4000,Traveling wrong way or on wrong side of road,Refused,36,>= 35 and <= 39,Female
20191126065,19-4824,20190426,4812470,314780,15:19,Friday,Dickinson,Local Road,9999,Unknown - Not Indicated - Unlocated,Mainline,Not reported,150TH AVE,Secondary Road,Not Indicated as an Intersection,Suspected Minor Injury Crash,8500,Driver Distraction:  Other interior distraction,Alcohol (Statutory),50,>= 50 and <= 54,Male
20191126081,19-003699,20190726,4653825,444486,23:23,Friday,Story,Local Road,9999,Unknown - Not Indicated - Unlocated,Mainline,Not reported,ONTARIO ST,Municipal Road,Not Indicated as an Intersection,Property Damage Only,32000,Other,Alcohol (Statutory),28,>= 25 and <= 29,Male
20191126081,19-003699,20190726,4653825,444486,23:23,Friday,Story,Local Road,9999,Unknown - Not Indicated - Unlocated,Mainline,Not reported,ONTARIO ST,Municipal Road,Not Indicated as an Intersection,Property Damage Only,32000,Other,Alcohol (Statutory),200,,Not reported
20191126081,19-003699,20190726,4653825,444486,23:23,Friday,Story,Local Road,9999,Unknown - Not Indicated - Unlocated,Mainline,Not reported,ONTARIO ST,Municipal Road,Not Indicated as an Intersection,Property Damage Only,32000,Other,Alcohol (Statutory),200,,Not reported
20191126095,195132,20190723,4703506,373370,05:45,Tuesday,Calhoun,Farm to Market Route,9999,Unknown - Not Indicated - Unlocated,Mainline,Not reported,Co Rd D26/220TH ST & Co Rd N65/TABOR AVE,Secondary Road,Secondary - Secondary,Property Damage Only,13500,Ran stop sign,Alcohol (Statutory),32,>= 30 and <= 34,Male
20191126113,2019-005661,20190729,4710811,690953,17:04,Monday,Dubuque,Local Road,9999,Unknown - Not Indicated - Unlocated,Mainline,Not reported,E 29TH ST,Municipal Road,Not Indicated as an Intersection,Property Damage Only,4500,Ran off road - straight,Alcohol (Statutory),24,>= 21 and <= 24,Not reported
20191126143,PD19-01877A,20190724,4652935,507232,21:47,Wednesday,Marshall,Iowa Route,14,No Travel Direction Consistent with Route,Mainline,Not reported,IA 14/S CENTER ST & W OLIVE ST & E OLIVE ST,Iowa Route,IA Route - Municipal,Possible/Unknown Injury Crash,5000,Failed to yield to emergency vehicle,Alcohol (Statutory),33,>= 30 and <= 34,Male
20191126152,201900035440,20190723,4540941,546928,19:31,Tuesday,Wapello,US Route,34,Eastbound (EB),Mainline,Not reported,US 34,US Route,US Route - US Route,Property Damage Only,2500,99,Alcohol (Statutory),20,= 20,Male
20191126152,201900035440,20190723,4540941,546928,19:31,Tuesday,Wapello,US Route,34,Eastbound (EB),Mainline,Not reported,US 34,US Route,US Route - US Route,Property Damage Only,2500,99,Alcohol (Statutory),31,>= 30 and <= 34,Male
20191126174,2019019636,20190720,4597265,284421,04:47,Saturday,Pottawattamie,Interstate,80,Westbound (WB),Mainline,Not reported,I-80,Interstate,Not Indicated as an Intersection,Suspected Serious Injury Crash,2500,Ran off road - right,Alcohol (< Statutory),21,>= 21 and <= 24,Male
20191126176,2019019666,20190721,4571937,256363,02:28,Sunday,Pottawattamie,Interstate,29,No Travel Direction Consistent with Route,Mainline,Not reported,I-29,Interstate,Not Indicated as an Intersection,Property Damage Only,6500,Traveling wrong way or on wrong side of road,Alcohol (Statutory),50,>= 50 and <= 54,Male
20191126176,2019019666,20190721,4571937,256363,02:28,Sunday,Pottawattamie,Interstate,29,No Travel Direction Consistent with Route,Mainline,Not reported,I-29,Interstate,Not Indicated as an Intersection,Property Damage Only,6500,Traveling wrong way or on wrong side of road,Alcohol (Statutory),20,= 20,Female
20191126186,19-7978,20190705,4777859,253919,02:30,Friday,Sioux,Farm to Market Route,9999,Unknown - Not Indicated - Unlocated,Mainline,Not reported,Co Rd B30/370TH ST,Secondary Road,Not Indicated as an Intersection,Possible/Unknown Injury Crash,2000,Operating vehicle in an reckless, erratic, careless, negligent manner,Alcohol (Statutory),17,= 17,Male
20191126255,17-073001,20190730,4515341,299889,21:36,Tuesday,Page,Local Road,9999,Unknown - Not Indicated - Unlocated,Mainline,Not reported,CLARINDA AVE,Municipal Road,Not Indicated as an Intersection,Property Damage Only,6500,Ran off road - right,Alcohol (Statutory),25,>= 25 and <= 29,Male
20191126255,17-073001,20190730,4515341,299889,21:36,Tuesday,Page,Local Road,9999,Unknown - Not Indicated - Unlocated,Mainline,Not reported,CLARINDA AVE,Municipal Road,Not Indicated as an Intersection,Property Damage Only,6500,Ran off road - right,Alcohol (Statutory),200,,Not reported
20191126273,201900007827,20190628,4601853,413178,18:49,Friday,Dallas,Local Road,9999,Unknown - Not Indicated - Unlocated,Mainline,Not reported,MEADOW RD,Secondary Road,Not Indicated as an Intersection,Suspected Serious Injury Crash,1500,Driving too fast for conditions,Refused,36,>= 35 and <= 39,Male
20191126336,19-1321,20190728,4654750,373729,19:31,Sunday,Greene,US Route,30,Eastbound (EB),Mainline,Not reported,US 30/220TH,US Route,Not Indicated as an Intersection,Suspected Minor Injury Crash,9000,Driving too fast for conditions,Under Influence of Alcohol/Drugs/Medications,61,>= 60 and <= 64,Female
20191126336,19-1321,20190728,4654750,373729,19:31,Sunday,Greene,US Route,30,Eastbound (EB),Mainline,Not reported,US 30/220TH,US Route,Not Indicated as an Intersection,Suspected Minor Injury Crash,9000,Driving too fast for conditions,Under Influence of Alcohol/Drugs/Medications,45,>= 45 and <= 49,Male
20191126389,20190023686,20190731,4608120,445134,17:40,Wednesday,Polk,Local Road,9999,Unknown - Not Indicated - Unlocated,Mainline,Not reported,BOSTON AVE & 30TH ST,Municipal Road,Municipal - Municipal,Suspected Minor Injury Crash,10000,Ran stop sign,Alcohol (Statutory),31,>= 30 and <= 34,Male
20191126389,20190023686,20190731,4608120,445134,17:40,Wednesday,Polk,Local Road,9999,Unknown - Not Indicated - Unlocated,Mainline,Not reported,BOSTON AVE & 30TH ST,Municipal Road,Municipal - Municipal,Suspected Minor Injury Crash,10000,Ran stop sign,Alcohol (Statutory),19,= 19,Female
20191126394,19-03973,20190731,4601123,435238,23:37,Wednesday,Polk,Interstate,35,Ramp,Ramp,Not reported,I-35 & MILLS CIVIC PKWY,Interstate,Interstate - Municipal,Property Damage Only,8500,Ran traffic signal,Refused,40,>= 40 and <= 44,Male
20191126397,W19-061853,20190730,4704213,552009,20:46,Tuesday,Black Hawk,Local Road,9999,Unknown - Not Indicated - Unlocated,Mainline,Not reported,FLETCHER AVE,Municipal Road,Not Indicated as an Intersection,Suspected Minor Injury Crash,7666,Passing:  Other passing,Refused,34,>= 30 and <= 34,Male
20191126397,W19-061853,20190730,4704213,552009,20:46,Tuesday,Black Hawk,Local Road,9999,Unknown - Not Indicated - Unlocated,Mainline,Not reported,FLETCHER AVE,Municipal Road,Not Indicated as an Intersection,Suspected Minor Injury Crash,7666,Passing:  Other passing,Refused,40,>= 40 and <= 44,Male
20191126468,201900036226,20190730,4543575,549941,13:47,Tuesday,Wapello,Farm to Market Route,9999,Unknown - Not Indicated - Unlocated,Mainline,Not reported,W GOLF AVE & N COURT ST,Municipal Road,Municipal - Municipal,Possible/Unknown Injury Crash,7500,Followed too close,Alcohol (Statutory),27,>= 25 and <= 29,Male
20191126468,201900036226,20190730,4543575,549941,13:47,Tuesday,Wapello,Farm to Market Route,9999,Unknown - Not Indicated - Unlocated,Mainline,Not reported,W GOLF AVE & N COURT ST,Municipal Road,Municipal - Municipal,Possible/Unknown Injury Crash,7500,Followed too close,Alcohol (Statutory),36,>= 35 and <= 39,Female
20191126471,2019007589,20190731,4612882,621877,23:49,Wednesday,Johnson,Local Road,9999,Unknown - Not Indicated - Unlocated,Mainline,Not reported,S CAPITOL ST,Municipal Road,Not Indicated as an Intersection,Property Damage Only,2200,Followed too close,Alcohol (Statutory),22,>= 21 and <= 24,Male