Case Number,Law Enforcement Case Number,Date of Crash,Y-Coordinate (UTM NAD 83 Zone 15),X-Coordinate (UTM NAD 83 Zone 15),Time,Day of Week,County,Road System,Route,Cardinal Direction of Vehicles,Mainline or Ramp,Overpass/Underpass Information,Derived Literal Description,Road Classification,Intersection Class,Crash Severity,Amount of Property Damage,Major Cause,Drug or Alcohol Related,Driver Age,Driver Age - 5 year Bins,Driver Gender
20191126471,2019007589,20190731,4612882,621877,23:49,Wednesday,Johnson,Local Road,9999,Unknown - Not Indicated - Unlocated,Mainline,Not reported,S CAPITOL ST,Municipal Road,Not Indicated as an Intersection,Property Damage Only,2200,Followed too close,Alcohol (Statutory),50,>= 50 and <= 54,Female
20191126473,1905589,20190720,4540914,586985,02:17,Saturday,Jefferson,Iowa Route,1,Northbound (NB),Mainline,Not reported,IA 1/W MERRILL AVE,Iowa Route,Not Indicated as an Intersection,Suspected Serious Injury Crash,6500,Unknown,Under Influence of Alcohol/Drugs/Medications,25,>= 25 and <= 29,Male
20191126497,19-013291,20190720,4726080,539355,22:50,Saturday,Bremer,Local Road,9999,Unknown - Not Indicated - Unlocated,Mainline,Not reported,248TH ST,Secondary Road,Not Indicated as an Intersection,Suspected Minor Injury Crash,4100,Ran off road - straight,Alcohol (Statutory),20,= 20,Female
20191126553,2019-62673,20190729,4606832,698277,00:45,Monday,Scott,Local Road,9999,Unknown - Not Indicated - Unlocated,Mainline,Not reported,W 66TH ST & CRESTHILL DR,Municipal Road,Municipal - Municipal,Property Damage Only,5500,Driver Distraction:  Manual operation of an electronic communication device,Alcohol (Statutory),21,>= 21 and <= 24,Male
20191126555,2019-63967,20190802,4607662,703255,01:45,Friday,Scott,Interstate,80,Westbound (WB),Mainline,Not reported,I-80,Interstate,Not Indicated as an Intersection,Property Damage Only,5000,Ran off road - right,Refused,29,>= 25 and <= 29,Male
20191126559,W19-060905,20190727,4700139,557504,17:34,Saturday,Black Hawk,Local Road,9999,Unknown - Not Indicated - Unlocated,Mainline,Not reported,CEDAR TER DR,Municipal Road,Not Indicated as an Intersection,Possible/Unknown Injury Crash,200,Exceeded authorized speed,Alcohol (Statutory),57,>= 55 and <= 59,Male
20191126583,19010601,20190714,4635673,644854,18:35,Sunday,Cedar,Farm to Market Route,9999,Unknown - Not Indicated - Unlocated,Mainline,Not reported,Co Rd F14/160TH,Secondary Road,Not Indicated as an Intersection,Suspected Minor Injury Crash,3000,Ran off road - left,Alcohol (Statutory),61,>= 60 and <= 64,Female
20191126606,2019-23555,20190801,4579512,453675,16:28,Thursday,Warren,Local Road,9999,Unknown - Not Indicated - Unlocated,Mainline,Not reported,N 6TH ST,Municipal Road,Not Indicated as an Intersection,Property Damage Only,1500,Exceeded authorized speed,Alcohol (Statutory),18,= 18,Male
20191126690,20190023960,20190802,4605222,452065,18:21,Friday,Polk,Local Road,9999,Unknown - Not Indicated - Unlocated,Mainline,Not reported,LYON ST & E 23RD ST,Municipal Road,Municipal - Municipal,Property Damage Only,5000,Ran stop sign,Refused,28,>= 25 and <= 29,Male
20191126690,20190023960,20190802,4605222,452065,18:21,Friday,Polk,Local Road,9999,Unknown - Not Indicated - Unlocated,Mainline,Not reported,LYON ST & E 23RD ST,Municipal Road,Municipal - Municipal,Property Damage Only,5000,Ran stop sign,Refused,44,>= 40 and <= 44,Female
20191126695,W19-062668,20190802,4706411,553809,16:04,Friday,Black Hawk,Local Road,9999,Unknown - Not Indicated - Unlocated,Mainline,Not reported,BROADWAY ST,Municipal Road,Not Indicated as an Intersection,Suspected Serious Injury Crash,5300,Ran off road - left,Alcohol (Statutory),62,>= 60 and <= 64,Male
20191126698,19023452,20190803,4595843,492291,02:12,Saturday,Jasper,Farm to Market Route,9999,Unknown - Not Indicated - Unlocated,Mainline,Not reported,OLD IA 374 & BUSINESS 163,Secondary Road,Secondary - Municipal,Property Damage Only,10000,Passing:  Through/around barrier,Alcohol (Statutory),30,>= 30 and <= 34,Female
20191126725,20190024004,20190803,4595230,446173,02:58,Saturday,Warren,Iowa Route,5,Ramp,Ramp,Not reported,IA 5/SW LOOP & FLEUR DR,Iowa Route,IA Route - Municipal,Suspected Minor Injury Crash,5000,Exceeded authorized speed,Alcohol (Statutory),53,>= 50 and <= 54,Male
20191126766,20190024052,20190803,4601116,450226,14:31,Saturday,Polk,US Route,69,Both North and South,Mainline,Not reported,US 69/SE 14TH ST & KING AVE,US Route,US Route - Municipal,Suspected Minor Injury Crash,20500,FTYROW:  Making left turn,Alcohol (Statutory),54,>= 50 and <= 54,Male
20191126766,20190024052,20190803,4601116,450226,14:31,Saturday,Polk,US Route,69,Both North and South,Mainline,Not reported,US 69/SE 14TH ST & KING AVE,US Route,US Route - Municipal,Suspected Minor Injury Crash,20500,FTYROW:  Making left turn,Alcohol (Statutory),22,>= 21 and <= 24,Female
20191126770,20190024072,20190803,4605128,451640,17:30,Saturday,Polk,Local Road,9999,Unknown - Not Indicated - Unlocated,Mainline,Not reported,DES MOINES ST,Municipal Road,Not Indicated as an Intersection,Property Damage Only,8792,Driver Distraction:  Other interior distraction,Alcohol (Statutory),200,,Not reported
20191126770,20190024072,20190803,4605128,451640,17:30,Saturday,Polk,Local Road,9999,Unknown - Not Indicated - Unlocated,Mainline,Not reported,DES MOINES ST,Municipal Road,Not Indicated as an Intersection,Property Damage Only,8792,Driver Distraction:  Other interior distraction,Alcohol (Statutory),42,>= 40 and <= 44,Male
20191126782,2019-63281,20190730,4601123,697712,22:20,Tuesday,Scott,Local Road,9999,Unknown - Not Indicated - Unlocated,Mainline,Not reported,FAIRMOUNT ST,Municipal Road,Not Indicated as an Intersection,Property Damage Only,6000,Followed too close,Alcohol (Statutory),59,>= 55 and <= 59,Male
20191126782,2019-63281,20190730,4601123,697712,22:20,Tuesday,Scott,Local Road,9999,Unknown - Not Indicated - Unlocated,Mainline,Not reported,FAIRMOUNT ST,Municipal Road,Not Indicated as an Intersection,Property Damage Only,6000,Followed too close,Alcohol (Statutory),49,>= 45 and <= 49,Female
20191126820,19-004328,20190803,4620083,446848,17:12,Saturday,Polk,Farm to Market Route,9999,Unknown - Not Indicated - Unlocated,Mainline,Not reported,SW IRVINEDALE DR,Municipal Road,Not Indicated as an Intersection,Property Damage Only,8500,Followed too close,Refused,35,>= 35 and <= 39,Female
20191126820,19-004328,20190803,4620083,446848,17:12,Saturday,Polk,Farm to Market Route,9999,Unknown - Not Indicated - Unlocated,Mainline,Not reported,SW IRVINEDALE DR,Municipal Road,Not Indicated as an Intersection,Property Damage Only,8500,Followed too close,Refused,29,>= 25 and <= 29,Male
20191126850,PD19-01987,20190804,4653466,507656,00:40,Sunday,Marshall,Local Road,9999,Unknown - Not Indicated - Unlocated,Mainline,Not reported,PINE ST & S 3RD AVE,Municipal Road,Municipal - Municipal,Suspected Minor Injury Crash,10125,Ran off road - right,Alcohol (Statutory),27,>= 25 and <= 29,Male
20191126880,19-011665,20190703,4734508,582138,14:14,Wednesday,Fayette,Local Road,9999,Unknown - Not Indicated - Unlocated,Mainline,Not reported,90TH ST,Secondary Road,Not Indicated as an Intersection,Suspected Serious Injury Crash,1500,Driving too fast for conditions,Alcohol (Statutory),43,>= 40 and <= 44,Male
20191126893,195445,20190804,4708309,373934,00:02,Sunday,Calhoun,Iowa Route,7,Eastbound (EB),Mainline,Not reported,IA 7/1ST AVE,Iowa Route,Not Indicated as an Intersection,Property Damage Only,4000,FTYROW:  From stop sign,Alcohol (Statutory),27,>= 25 and <= 29,Male
20191126893,195445,20190804,4708309,373934,00:02,Sunday,Calhoun,Iowa Route,7,Eastbound (EB),Mainline,Not reported,IA 7/1ST AVE,Iowa Route,Not Indicated as an Intersection,Property Damage Only,4000,FTYROW:  From stop sign,Alcohol (Statutory),23,>= 21 and <= 24,Male
20191126931,AC19-030,20190802,4670779,450791,20:22,Friday,Story,Local Road,9999,Unknown - Not Indicated - Unlocated,Mainline,Not reported,PENNSYLVANIA AVE,Municipal Road,Not Indicated as an Intersection,Property Damage Only,2500,Improper backing,Alcohol (Statutory),48,>= 45 and <= 49,Not reported
20191126931,AC19-030,20190802,4670779,450791,20:22,Friday,Story,Local Road,9999,Unknown - Not Indicated - Unlocated,Mainline,Not reported,PENNSYLVANIA AVE,Municipal Road,Not Indicated as an Intersection,Property Damage Only,2500,Improper backing,Alcohol (Statutory),200,,Not reported
20191126947,19165,20190728,4582318,507239,21:59,Sunday,Marion,Local Road,9999,Unknown - Not Indicated - Unlocated,Mainline,Not reported,ROOSEVELT RD,Municipal Road,Not Indicated as an Intersection,Property Damage Only,2000,Driving too fast for conditions,Alcohol (Statutory),28,>= 25 and <= 29,Male
20191126999,19-017141,20190804,4573811,495107,00:44,Sunday,Marion,Farm to Market Route,9999,Unknown - Not Indicated - Unlocated,Mainline,Not reported,Co Rd T15/OLD HWY 92,Secondary Road,Not Indicated as an Intersection,Suspected Serious Injury Crash,3000,Operating vehicle in an reckless, erratic, careless, negligent manner,Alcohol (Statutory),33,>= 30 and <= 34,Male
20191127005,19-6226,20190712,4605251,268666,15:00,Friday,Harrison,Farm to Market Route,9999,Unknown - Not Indicated - Unlocated,Mainline,Not reported,OZARK AVE,Secondary Road,Not Indicated as an Intersection,Suspected Serious Injury Crash,2500,Ran off road - right,Alcohol (Statutory),36,>= 35 and <= 39,Male
20191127019,2019020616,20190730,4653807,609887,22:07,Tuesday,Linn,Interstate,380,Ramp,Ramp,Not reported,I-380,Interstate,Not Indicated as an Intersection,Suspected Minor Injury Crash,10815,Failed to yield to emergency vehicle,Alcohol (Statutory),18,= 18,Female
20191127082,201912610,20190805,4647518,611401,04:51,Monday,Linn,Farm to Market Route,9999,Unknown - Not Indicated - Unlocated,Mainline,Not reported,5TH ST SE & 12TH AVE SE,Municipal Road,Municipal - Municipal,Property Damage Only,3000,Other,Alcohol (Statutory),18,= 18,Female
20191127104,19007534,20190805,4688585,636539,20:08,Monday,Delaware,Farm to Market Route,9999,Unknown - Not Indicated - Unlocated,Mainline,Not reported,Co Rd X31/315TH ST,Secondary Road,Not Indicated as an Intersection,Possible/Unknown Injury Crash,4300,Exceeded authorized speed,Alcohol (Statutory),25,>= 25 and <= 29,Male
20191127105,20190024355,20190805,4601237,446476,22:50,Monday,Polk,Local Road,9999,Unknown - Not Indicated - Unlocated,Mainline,Not reported,CASADY DR,Municipal Road,Not Indicated as an Intersection,Property Damage Only,12000,Exceeded authorized speed,Alcohol (Statutory),20,= 20,Male
20191127105,20190024355,20190805,4601237,446476,22:50,Monday,Polk,Local Road,9999,Unknown - Not Indicated - Unlocated,Mainline,Not reported,CASADY DR,Municipal Road,Not Indicated as an Intersection,Property Damage Only,12000,Exceeded authorized speed,Alcohol (Statutory),200,,Not reported
20191127180,2019021068,20190804,4723105,229659,20:26,Sunday,Plymouth,US Route,75,Southbound (SB),Mainline,Not reported,US 75 & STARVIEW DR,US Route,US Route - Municipal,Property Damage Only,15350,Operating vehicle in an reckless, erratic, careless, negligent manner,Refused,40,>= 40 and <= 44,Male
20191127180,2019021068,20190804,4723105,229659,20:26,Sunday,Plymouth,US Route,75,Southbound (SB),Mainline,Not reported,US 75 & STARVIEW DR,US Route,US Route - Municipal,Property Damage Only,15350,Operating vehicle in an reckless, erratic, careless, negligent manner,Refused,50,>= 50 and <= 54,Male
20191127266,J19000709,20190728,4617109,613182,03:00,Sunday,Johnson,Interstate,80,Ramp,Ramp,Not reported,I-80,Interstate,Not Indicated as an Intersection,Property Damage Only,5500,Ran off road - right,Alcohol (Statutory),27,>= 25 and <= 29,Male
20191127276,19007013,20190720,4708306,627156,22:14,Saturday,Delaware,Farm to Market Route,9999,Unknown - Not Indicated - Unlocated,Mainline,Not reported,Co Rd X15/180TH AVE & HONEY CREEK RD,Secondary Road,Secondary - Secondary,Suspected Serious Injury Crash,13000,Exceeded authorized speed,Alcohol (Statutory),19,= 19,Male
20191127312,2019-005831,20190805,4708928,690165,02:30,Monday,Dubuque,Local Road,9999,Unknown - Not Indicated - Unlocated,Mainline,Not reported,W LOCUST ST,Municipal Road,Not Indicated as an Intersection,Property Damage Only,15200,Ran off road - straight,Alcohol (Statutory),23,>= 21 and <= 24,Male
20191127312,2019-005831,20190805,4708928,690165,02:30,Monday,Dubuque,Local Road,9999,Unknown - Not Indicated - Unlocated,Mainline,Not reported,W LOCUST ST,Municipal Road,Not Indicated as an Intersection,Property Damage Only,15200,Ran off road - straight,Alcohol (Statutory),200,,Not reported
20191127316,2019021067,20190804,4613819,638343,20:19,Sunday,Cedar,Interstate,80,Eastbound (EB),Mainline,Not reported,I-80,Interstate,Not Indicated as an Intersection,Suspected Minor Injury Crash,29878,Exceeded authorized speed,Drug/Alcohol (< Statutory),34,>= 30 and <= 34,Male
20191127316,2019021067,20190804,4613819,638343,20:19,Sunday,Cedar,Interstate,80,Eastbound (EB),Mainline,Not reported,I-80,Interstate,Not Indicated as an Intersection,Suspected Minor Injury Crash,29878,Exceeded authorized speed,Drug/Alcohol (< Statutory),33,>= 30 and <= 34,Male
20191127316,2019021067,20190804,4613819,638343,20:19,Sunday,Cedar,Interstate,80,Eastbound (EB),Mainline,Not reported,I-80,Interstate,Not Indicated as an Intersection,Suspected Minor Injury Crash,29878,Exceeded authorized speed,Drug/Alcohol (< Statutory),30,>= 30 and <= 34,Male
20191127316,2019021067,20190804,4613819,638343,20:19,Sunday,Cedar,Interstate,80,Eastbound (EB),Mainline,Not reported,I-80,Interstate,Not Indicated as an Intersection,Suspected Minor Injury Crash,29878,Exceeded authorized speed,Drug/Alcohol (< Statutory),50,>= 50 and <= 54,Female
20191127349,2019019961,20190724,4634860,610511,20:01,Wednesday,Johnson,Interstate,380,Northbound (NB),Mainline,Not reported,I-380,Interstate,Not Indicated as an Intersection,Property Damage Only,5000,Ran off road - left,Alcohol (Statutory),30,>= 30 and <= 34,Male
20191127356,19-25229,20190802,4715063,220583,01:43,Friday,Woodbury,Local Road,9999,Unknown - Not Indicated - Unlocated,Mainline,Not reported,39TH ST & JACKSON ST,Municipal Road,Municipal - Municipal,Suspected Serious Injury Crash,7000,Exceeded authorized speed,Alcohol (Statutory),26,>= 25 and <= 29,Male
20191127414,W19-063288,20190804,4704454,552944,18:20,Sunday,Black Hawk,Local Road,9999,Unknown - Not Indicated - Unlocated,Mainline,Not reported,SULLIVAN AVE,Municipal Road,Not Indicated as an Intersection,Property Damage Only,10500,Exceeded authorized speed,Refused,28,>= 25 and <= 29,Female
20191127465,2019-64289,20190803,4600569,701649,00:57,Saturday,Scott,Local Road,9999,Unknown - Not Indicated - Unlocated,Mainline,Not reported,GAINES ST,Municipal Road,Not Indicated as an Intersection,Property Damage Only,9000,Failed to keep in proper lane,Refused,32,>= 30 and <= 34,Female
20191127465,2019-64289,20190803,4600569,701649,00:57,Saturday,Scott,Local Road,9999,Unknown - Not Indicated - Unlocated,Mainline,Not reported,GAINES ST,Municipal Road,Not Indicated as an Intersection,Property Damage Only,9000,Failed to keep in proper lane,Refused,200,,Not reported
20191127480,19-007634,20190721,4645545,583815,15:30,Sunday,Benton,Farm to Market Route,9999,Unknown - Not Indicated - Unlocated,Mainline,Not reported,Co Rd W12/26 AVE,Secondary Road,Not Indicated as an Intersection,Property Damage Only,12000,Driver Distraction:  Exterior distraction,Refused,19,= 19,Male
20191127483,19-008024,20190801,4673604,581106,22:03,Thursday,Benton,Iowa Route,150,Southbound (SB),Mainline,Not reported,IA 150/24 AVE DR,Iowa Route,Not Indicated as an Intersection,Property Damage Only,1500,Ran off road - right,Alcohol (Statutory),30,>= 30 and <= 34,Female
20191127488,19-9637,20190807,4787239,245190,03:20,Wednesday,Sioux,Local Road,9999,Unknown - Not Indicated - Unlocated,Mainline,Not reported,7TH ST & LINDEN ST,Municipal Road,Municipal - Municipal,Suspected Minor Injury Crash,36000,Ran stop sign,Alcohol (Statutory),18,= 18,Female
20191127544,19-25129,20190801,4712812,220443,02:17,Thursday,Woodbury,Local Road,9999,Unknown - Not Indicated - Unlocated,Mainline,Not reported,26TH ST,Municipal Road,Not Indicated as an Intersection,Property Damage Only,5500,Unknown,Alcohol (Statutory),200,,Not reported
20191127544,19-25129,20190801,4712812,220443,02:17,Thursday,Woodbury,Local Road,9999,Unknown - Not Indicated - Unlocated,Mainline,Not reported,26TH ST,Municipal Road,Not Indicated as an Intersection,Property Damage Only,5500,Unknown,Alcohol (Statutory),21,>= 21 and <= 24,Male
20191127549,19-25441,20190803,4712492,214598,20:51,Saturday,Woodbury,Iowa Route,12,Northbound (NB),Mainline,Not reported,IA 12/RIVERSIDE BLVD & FLORENCE AVE,Iowa Route,IA Route - Municipal,Possible/Unknown Injury Crash,16500,Driving too fast for conditions,Alcohol (Statutory),28,>= 25 and <= 29,Male
20191127549,19-25441,20190803,4712492,214598,20:51,Saturday,Woodbury,Iowa Route,12,Northbound (NB),Mainline,Not reported,IA 12/RIVERSIDE BLVD & FLORENCE AVE,Iowa Route,IA Route - Municipal,Possible/Unknown Injury Crash,16500,Driving too fast for conditions,Alcohol (Statutory),49,>= 45 and <= 49,Male
20191127579,2019-005905,20190807,4706500,685814,12:32,Wednesday,Dubuque,US Route,20,Westbound (WB),Mainline,Not reported,US 20/DODGE ST & IA 32/IA32 NW ARTERIAL & PROPOSED RD,US Route,US Route - IA Route,Property Damage Only,2000,Lost control,Refused,40,>= 40 and <= 44,Male
20191127579,2019-005905,20190807,4706500,685814,12:32,Wednesday,Dubuque,US Route,20,Westbound (WB),Mainline,Not reported,US 20/DODGE ST & IA 32/IA32 NW ARTERIAL & PROPOSED RD,US Route,US Route - IA Route,Property Damage Only,2000,Lost control,Refused,21,>= 21 and <= 24,Not reported
20191127723,19007650,20190809,4714365,625567,02:41,Friday,Delaware,Iowa Route,13,No Travel Direction Consistent with Route,Mainline,Not reported,IA 13/IOWA 13 & Co Rd C64/150TH ST,Iowa Route,IA Route - Secondary,Possible/Unknown Injury Crash,20000,Ran stop sign,Alcohol (Statutory),69,>= 65 and <= 69,Female
20191127723,19007650,20190809,4714365,625567,02:41,Friday,Delaware,Iowa Route,13,No Travel Direction Consistent with Route,Mainline,Not reported,IA 13/IOWA 13 & Co Rd C64/150TH ST,Iowa Route,IA Route - Secondary,Possible/Unknown Injury Crash,20000,Ran stop sign,Alcohol (Statutory),19,= 19,Male
20191127850,19-04137,20190810,4596860,439788,01:38,Saturday,Polk,Iowa Route,5,No Travel Direction Consistent with Route,Mainline,Not reported,IA 5/IOWA 5,Iowa Route,Not Indicated as an Intersection,Property Damage Only,20000,Operating vehicle in an reckless, erratic, careless, negligent manner,Alcohol (Statutory),21,>= 21 and <= 24,Male
20191127850,19-04137,20190810,4596860,439788,01:38,Saturday,Polk,Iowa Route,5,No Travel Direction Consistent with Route,Mainline,Not reported,IA 5/IOWA 5,Iowa Route,Not Indicated as an Intersection,Property Damage Only,20000,Operating vehicle in an reckless, erratic, careless, negligent manner,Alcohol (Statutory),25,>= 25 and <= 29,Male
20191127852,19-5872,20190809,4604788,453464,21:15,Friday,Polk,Local Road,9999,Unknown - Not Indicated - Unlocated,Mainline,Not reported,E 30TH ST,Municipal Road,Not Indicated as an Intersection,Property Damage Only,2000,Failed to keep in proper lane,Alcohol (Statutory),34,>= 30 and <= 34,Male
20191127893,W19-064941,20190810,4708584,551679,04:19,Saturday,Black Hawk,Local Road,9999,Unknown - Not Indicated - Unlocated,Mainline,Not reported,WAKONDA DR,Municipal Road,Not Indicated as an Intersection,Property Damage Only,8500,Operating vehicle in an reckless, erratic, careless, negligent manner,Alcohol (Statutory),26,>= 25 and <= 29,Male
20191127893,W19-064941,20190810,4708584,551679,04:19,Saturday,Black Hawk,Local Road,9999,Unknown - Not Indicated - Unlocated,Mainline,Not reported,WAKONDA DR,Municipal Road,Not Indicated as an Intersection,Property Damage Only,8500,Operating vehicle in an reckless, erratic, careless, negligent manner,Alcohol (Statutory),200,,Not reported
20191127914,19-21586,20190807,4605530,709796,21:26,Wednesday,Scott,Local Road,9999,Unknown - Not Indicated - Unlocated,Mainline,Not reported,53RD AVE,Municipal Road,Not Indicated as an Intersection,Property Damage Only,5500,Operating vehicle in an reckless, erratic, careless, negligent manner,Alcohol (Statutory),68,>= 65 and <= 69,Female
20191127917,J19000764,20190810,4625070,618672,22:30,Saturday,Johnson,Farm to Market Route,9999,Unknown - Not Indicated - Unlocated,Mainline,Not reported,Co Rd F28/MEHAFFEY BRIDGE RD,Secondary Road,Not Indicated as an Intersection,Possible/Unknown Injury Crash,20000,Driver Distraction:  Other interior distraction,Alcohol (Statutory),35,>= 35 and <= 39,Female
20191127933,W19-065059,20190810,4706083,555625,17:30,Saturday,Black Hawk,Local Road,9999,Unknown - Not Indicated - Unlocated,Mainline,Not reported,SHILLIAM AVE,Municipal Road,Not Indicated as an Intersection,Possible/Unknown Injury Crash,7000,Unknown,Refused,200,,Not reported
20191127933,W19-065059,20190810,4706083,555625,17:30,Saturday,Black Hawk,Local Road,9999,Unknown - Not Indicated - Unlocated,Mainline,Not reported,SHILLIAM AVE,Municipal Road,Not Indicated as an Intersection,Possible/Unknown Injury Crash,7000,Unknown,Refused,30,>= 30 and <= 34,Female
20191127935,19060056,20190725,4707810,544117,00:07,Thursday,Black Hawk,Local Road,9999,Unknown - Not Indicated - Unlocated,Mainline,Not reported,19TH ST,Municipal Road,Not Indicated as an Intersection,Property Damage Only,3200,Driver Distraction:  Manual operation of an electronic communication device,Alcohol (Statutory),200,,Not reported
20191127935,19060056,20190725,4707810,544117,00:07,Thursday,Black Hawk,Local Road,9999,Unknown - Not Indicated - Unlocated,Mainline,Not reported,19TH ST,Municipal Road,Not Indicated as an Intersection,Property Damage Only,3200,Driver Distraction:  Manual operation of an electronic communication device,Alcohol (Statutory),20,= 20,Female
20191127936,19064575,20190809,4709116,543033,00:30,Friday,Black Hawk,Local Road,9999,Unknown - Not Indicated - Unlocated,Mainline,Not reported,BARNETT DR,Municipal Road,Not Indicated as an Intersection,Property Damage Only,9000,Driver Distraction:  Other interior distraction,Alcohol (Statutory),200,,Not reported
20191127936,19064575,20190809,4709116,543033,00:30,Friday,Black Hawk,Local Road,9999,Unknown - Not Indicated - Unlocated,Mainline,Not reported,BARNETT DR,Municipal Road,Not Indicated as an Intersection,Property Damage Only,9000,Driver Distraction:  Other interior distraction,Alcohol (Statutory),19,= 19,Female
20191127949,201912890,20190809,4640732,612087,23:04,Friday,Linn,Local Road,9999,Unknown - Not Indicated - Unlocated,Mainline,Not reported,TOWER RD SW & KIRKWOOD COMM COLL,Institutional Road,Institutions - Institutions,Suspected Minor Injury Crash,30000,Ran stop sign,Alcohol (Statutory),26,>= 25 and <= 29,Female
20191127949,201912890,20190809,4640732,612087,23:04,Friday,Linn,Local Road,9999,Unknown - Not Indicated - Unlocated,Mainline,Not reported,TOWER RD SW & KIRKWOOD COMM COLL,Institutional Road,Institutions - Institutions,Suspected Minor Injury Crash,30000,Ran stop sign,Alcohol (Statutory),17,= 17,Male
20191127976,MC1903277,20190811,4777174,484165,10:28,Sunday,Cerro Gordo,Iowa Route,122,Westbound (WB),Mainline,Not reported,IA 122/5TH ST SE & RIVER HEIGHTS DR & S CONNECTICUT AVE,Iowa Route,IA Route - Municipal,Property Damage Only,4000,FTYROW:  From stop sign,Alcohol (Statutory),60,>= 60 and <= 64,Male
20191127976,MC1903277,20190811,4777174,484165,10:28,Sunday,Cerro Gordo,Iowa Route,122,Westbound (WB),Mainline,Not reported,IA 122/5TH ST SE & RIVER HEIGHTS DR & S CONNECTICUT AVE,Iowa Route,IA Route - Municipal,Property Damage Only,4000,FTYROW:  From stop sign,Alcohol (Statutory),52,>= 50 and <= 54,Male
20191127995,2019008008,20190811,4611718,621128,19:26,Sunday,Johnson,Local Road,9999,Unknown - Not Indicated - Unlocated,Mainline,Not reported,HUDSON AVE,Municipal Road,Not Indicated as an Intersection,Property Damage Only,2000,Improper backing,Alcohol (Statutory),25,>= 25 and <= 29,Male
20191127995,2019008008,20190811,4611718,621128,19:26,Sunday,Johnson,Local Road,9999,Unknown - Not Indicated - Unlocated,Mainline,Not reported,HUDSON AVE,Municipal Road,Not Indicated as an Intersection,Property Damage Only,2000,Improper backing,Alcohol (Statutory),200,,Not reported
20191128012,19-014464,20190804,4544026,622165,05:30,Sunday,Henry,US Route,218,Southbound (SB),Mainline,Not reported,US 218,US Route,Not Indicated as an Intersection,Possible/Unknown Injury Crash,6000,Operating vehicle in an reckless, erratic, careless, negligent manner,Alcohol (Statutory),25,>= 25 and <= 29,Male
20191128024,CLP19002676,20190810,4639749,734205,21:42,Saturday,Clinton,Local Road,9999,Unknown - Not Indicated - Unlocated,Mainline,Not reported,ROOSEVELT ST,Municipal Road,Not Indicated as an Intersection,Possible/Unknown Injury Crash,25000,Operating vehicle in an reckless, erratic, careless, negligent manner,Refused,25,>= 25 and <= 29,Male
20191128036,PD19-02079,20190812,4656085,506794,02:03,Monday,Marshall,Local Road,9999,Unknown - Not Indicated - Unlocated,Mainline,Not reported,N 3RD ST,Municipal Road,Not Indicated as an Intersection,Suspected Minor Injury Crash,22000,Operating vehicle in an reckless, erratic, careless, negligent manner,Refused,200,,Not reported
20191128036,PD19-02079,20190812,4656085,506794,02:03,Monday,Marshall,Local Road,9999,Unknown - Not Indicated - Unlocated,Mainline,Not reported,N 3RD ST,Municipal Road,Not Indicated as an Intersection,Suspected Minor Injury Crash,22000,Operating vehicle in an reckless, erratic, careless, negligent manner,Refused,26,>= 25 and <= 29,Female
20191128036,PD19-02079,20190812,4656085,506794,02:03,Monday,Marshall,Local Road,9999,Unknown - Not Indicated - Unlocated,Mainline,Not reported,N 3RD ST,Municipal Road,Not Indicated as an Intersection,Suspected Minor Injury Crash,22000,Operating vehicle in an reckless, erratic, careless, negligent manner,Refused,200,,Not reported
20191128074,201912984,20190811,4647113,609146,20:20,Sunday,Linn,Local Road,9999,Unknown - Not Indicated - Unlocated,Mainline,Not reported,8TH AVE SW,Municipal Road,Not Indicated as an Intersection,Property Damage Only,4000,Ran stop sign,Alcohol (Statutory),40,>= 40 and <= 44,Male
20191128074,201912984,20190811,4647113,609146,20:20,Sunday,Linn,Local Road,9999,Unknown - Not Indicated - Unlocated,Mainline,Not reported,8TH AVE SW,Municipal Road,Not Indicated as an Intersection,Property Damage Only,4000,Ran stop sign,Alcohol (Statutory),50,>= 50 and <= 54,Male
20191128098,19-27334,20190811,4496469,626957,22:30,Sunday,Lee,Farm to Market Route,9999,Unknown - Not Indicated - Unlocated,Mainline,Not reported,HILLCREST RD,Secondary Road,Not Indicated as an Intersection,Property Damage Only,5200,Ran off road - right,Alcohol (Statutory),17,= 17,Not reported
20191128104,201900009847,20190809,4603315,430349,18:36,Friday,Dallas,Interstate,80,Westbound (WB),Mainline,Not reported,I-80,Interstate,Not Indicated as an Intersection,Property Damage Only,10000,Other,Alcohol (Statutory),39,>= 35 and <= 39,Male
20191128104,201900009847,20190809,4603315,430349,18:36,Friday,Dallas,Interstate,80,Westbound (WB),Mainline,Not reported,I-80,Interstate,Not Indicated as an Intersection,Property Damage Only,10000,Other,Alcohol (Statutory),61,>= 60 and <= 64,Male
20191128138,2019-62880,20190729,4599005,699464,02:30,Monday,Scott,Local Road,9999,Unknown - Not Indicated - Unlocated,Mainline,Not reported,DIXWELL CT,Municipal Road,Not Indicated as an Intersection,Property Damage Only,3000,Lost control,Refused,200,,Not reported