Case Number,Law Enforcement Case Number,Date of Crash,Y-Coordinate (UTM NAD 83 Zone 15),X-Coordinate (UTM NAD 83 Zone 15),Time,Day of Week,County,Road System,Route,Cardinal Direction of Vehicles,Mainline or Ramp,Overpass/Underpass Information,Derived Literal Description,Road Classification,Intersection Class,Crash Severity,Amount of Property Damage,Major Cause,Drug or Alcohol Related,Driver Age,Driver Age - 5 year Bins,Driver Gender
20191128138,2019-62880,20190729,4599005,699464,02:30,Monday,Scott,Local Road,9999,Unknown - Not Indicated - Unlocated,Mainline,Not reported,DIXWELL CT,Municipal Road,Not Indicated as an Intersection,Property Damage Only,3000,Lost control,Refused,21,>= 21 and <= 24,Male
20191128181,2019021207,20190807,4636969,408625,00:44,Wednesday,Boone,Local Road,9999,Unknown - Not Indicated - Unlocated,Mainline,Not reported,DEER AVE,Secondary Road,Not Indicated as an Intersection,Property Damage Only,4500,Operating vehicle in an reckless, erratic, careless, negligent manner,Alcohol (Statutory),54,>= 50 and <= 54,Male
20191128241,19132859,20190809,4628582,625365,04:04,Friday,Johnson,Iowa Route,1,Northbound (NB),Mainline,Not reported,IA 1/S MARKET ST & E 8TH ST & WINDFLOWER LN,Iowa Route,IA Route - Municipal,Property Damage Only,5000,Operating vehicle in an reckless, erratic, careless, negligent manner,Alcohol (Statutory),22,>= 21 and <= 24,Male
20191128247,20190025165,20190812,4604551,452063,17:33,Monday,Polk,Local Road,9999,Unknown - Not Indicated - Unlocated,Mainline,Not reported,DEAN AVE & E 23RD ST,Municipal Road,Municipal - Municipal,Possible/Unknown Injury Crash,6500,Exceeded authorized speed,Refused,37,>= 35 and <= 39,Male
20191128276,CG1901259,20190810,4768241,485582,00:04,Saturday,Cerro Gordo,Farm to Market Route,9999,Unknown - Not Indicated - Unlocated,Mainline,Not reported,Co Rd B43/210TH ST,Secondary Road,Not Indicated as an Intersection,Suspected Minor Injury Crash,10000,Ran off road - right,Under Influence of Alcohol/Drugs/Medications,32,>= 30 and <= 34,Male
20191128289,19-27460,20190812,4499201,633302,21:45,Monday,Lee,Iowa Route,2,Eastbound (EB),Mainline,Not reported,IA 2/IOWA 2,Iowa Route,Not Indicated as an Intersection,Property Damage Only,2500,Ran off road - left,Alcohol (Statutory),72,>= 70 and <= 74,Male
20191128306,2019-24462,20190809,4579912,452972,18:33,Friday,Warren,Local Road,9999,Unknown - Not Indicated - Unlocated,Mainline,Not reported,W IOWA AVE & N BUXTON ST,Municipal Road,Municipal - Municipal,Property Damage Only,16000,Ran stop sign,Alcohol (Statutory),55,>= 55 and <= 59,Female
20191128306,2019-24462,20190809,4579912,452972,18:33,Friday,Warren,Local Road,9999,Unknown - Not Indicated - Unlocated,Mainline,Not reported,W IOWA AVE & N BUXTON ST,Municipal Road,Municipal - Municipal,Property Damage Only,16000,Ran stop sign,Alcohol (Statutory),61,>= 60 and <= 64,Male
20191128306,2019-24462,20190809,4579912,452972,18:33,Friday,Warren,Local Road,9999,Unknown - Not Indicated - Unlocated,Mainline,Not reported,W IOWA AVE & N BUXTON ST,Municipal Road,Municipal - Municipal,Property Damage Only,16000,Ran stop sign,Alcohol (Statutory),200,,Not reported
20191128411,20190025309,20190813,4604836,449797,19:32,Tuesday,Polk,Local Road,9999,Unknown - Not Indicated - Unlocated,Mainline,Not reported,DES MOINES ST & E 12TH ST,Municipal Road,Municipal - Municipal,Possible/Unknown Injury Crash,12000,Exceeded authorized speed,Alcohol (Statutory),16,= 16,Female
20191128411,20190025309,20190813,4604836,449797,19:32,Tuesday,Polk,Local Road,9999,Unknown - Not Indicated - Unlocated,Mainline,Not reported,DES MOINES ST & E 12TH ST,Municipal Road,Municipal - Municipal,Possible/Unknown Injury Crash,12000,Exceeded authorized speed,Alcohol (Statutory),200,,Not reported
20191128424,201913091,20190813,4648514,610984,18:30,Tuesday,Linn,Local Road,9999,Unknown - Not Indicated - Unlocated,Mainline,Not reported,3RD AVE SE & 8TH ST SE,Municipal Road,Municipal - Municipal,Property Damage Only,6500,Traveling wrong way or on wrong side of road,Refused,38,>= 35 and <= 39,Female
20191128424,201913091,20190813,4648514,610984,18:30,Tuesday,Linn,Local Road,9999,Unknown - Not Indicated - Unlocated,Mainline,Not reported,3RD AVE SE & 8TH ST SE,Municipal Road,Municipal - Municipal,Property Damage Only,6500,Traveling wrong way or on wrong side of road,Refused,69,>= 65 and <= 69,Female
20191128481,2019021295,20190808,4599211,700164,01:04,Thursday,Scott,Local Road,9999,Unknown - Not Indicated - Unlocated,Mainline,Not reported,ROCKINGHAM RD & N DIVISION ST,Municipal Road,Municipal - Municipal,Property Damage Only,60000,Exceeded authorized speed,Alcohol (Statutory),32,>= 30 and <= 34,Male
20191128494,2019008096,20190814,4613215,623110,01:04,Wednesday,Johnson,Local Road,9999,Unknown - Not Indicated - Unlocated,Mainline,Not reported,IOWA AVE,Municipal Road,Not Indicated as an Intersection,Possible/Unknown Injury Crash,20000,Traveling wrong way or on wrong side of road,Refused,48,>= 45 and <= 49,Female
20191128494,2019008096,20190814,4613215,623110,01:04,Wednesday,Johnson,Local Road,9999,Unknown - Not Indicated - Unlocated,Mainline,Not reported,IOWA AVE,Municipal Road,Not Indicated as an Intersection,Possible/Unknown Injury Crash,20000,Traveling wrong way or on wrong side of road,Refused,200,,Not reported
20191128518,2019021015,20190803,4688547,226180,16:57,Saturday,Woodbury,Local Road,9999,Unknown - Not Indicated - Unlocated,Mainline,Not reported,280TH ST & NIMROD ST,Secondary Road,Secondary - Secondary,Property Damage Only,5000,Ran off road - right,Refused,37,>= 35 and <= 39,Male
20191128593,201913150,20190814,4652581,612733,20:23,Wednesday,Linn,Local Road,9999,Unknown - Not Indicated - Unlocated,Mainline,Not reported,38TH ST NE & C AVE NE,Municipal Road,Municipal - Municipal,Property Damage Only,4000,Ran stop sign,Alcohol (Statutory),26,>= 25 and <= 29,Male
20191128593,201913150,20190814,4652581,612733,20:23,Wednesday,Linn,Local Road,9999,Unknown - Not Indicated - Unlocated,Mainline,Not reported,38TH ST NE & C AVE NE,Municipal Road,Municipal - Municipal,Property Damage Only,4000,Ran stop sign,Alcohol (Statutory),22,>= 21 and <= 24,Male
20191128601,2019006465,20190702,4616116,622629,02:33,Tuesday,Johnson,Interstate,80,Eastbound (EB),Mainline,Not reported,I-80,Interstate,Not Indicated as an Intersection,Property Damage Only,8000,Improper or erratic lane changing,Alcohol (Statutory),200,,Not reported
20191128601,2019006465,20190702,4616116,622629,02:33,Tuesday,Johnson,Interstate,80,Eastbound (EB),Mainline,Not reported,I-80,Interstate,Not Indicated as an Intersection,Property Damage Only,8000,Improper or erratic lane changing,Alcohol (Statutory),33,>= 30 and <= 34,Female
20191128633,18-0800,20190813,4604379,456924,00:29,Tuesday,Polk,Local Road,9999,Unknown - Not Indicated - Unlocated,Mainline,Not reported,FAIRVIEW DR,Municipal Road,Not Indicated as an Intersection,Suspected Serious Injury Crash,20000,Exceeded authorized speed,Alcohol (Statutory),200,,Not reported
20191128633,18-0800,20190813,4604379,456924,00:29,Tuesday,Polk,Local Road,9999,Unknown - Not Indicated - Unlocated,Mainline,Not reported,FAIRVIEW DR,Municipal Road,Not Indicated as an Intersection,Suspected Serious Injury Crash,20000,Exceeded authorized speed,Alcohol (Statutory),50,>= 50 and <= 54,Male
20191128703,201910398,20190629,4645748,608220,19:29,Saturday,Linn,Local Road,9999,Unknown - Not Indicated - Unlocated,Mainline,Not reported,WILSON AVE SW,Municipal Road,Not Indicated as an Intersection,Suspected Serious Injury Crash,6000,Lost control,Alcohol (Statutory),49,>= 45 and <= 49,Male
20191128744,2019-002384,20190808,4719468,686137,17:47,Thursday,Dubuque,Farm to Market Route,9999,Unknown - Not Indicated - Unlocated,Mainline,Not reported,CIRCLE RIDGE RD,Secondary Road,Not Indicated as an Intersection,Property Damage Only,8450,Ran off road - left,Refused,33,>= 30 and <= 34,Male
20191128776,19007061,20190815,4699471,591282,23:01,Thursday,Buchanan,Iowa Route,150,Southbound (SB),Mainline,Not reported,IA 150/JAMESTOWN AVE,Iowa Route,Not Indicated as an Intersection,Suspected Minor Injury Crash,25000,Lost control,Alcohol (Statutory),47,>= 45 and <= 49,Male
20191128836,20190025692,20190816,4604776,442181,18:32,Friday,Polk,Interstate,235,No Travel Direction Consistent with Route,Mainline,On underpass,I-235 & 56TH ST,Interstate,Interstate - Municipal,Property Damage Only,7000,Followed too close,Alcohol (Statutory),48,>= 45 and <= 49,Male
20191128836,20190025692,20190816,4604776,442181,18:32,Friday,Polk,Interstate,235,No Travel Direction Consistent with Route,Mainline,On underpass,I-235 & 56TH ST,Interstate,Interstate - Municipal,Property Damage Only,7000,Followed too close,Alcohol (Statutory),56,>= 55 and <= 59,Male
20191128844,19-6068,20190817,4617079,435541,02:52,Saturday,Polk,Iowa Route,141,No Travel Direction Consistent with Route,Mainline,Not reported,IA 141/IOWA 141 & NE 18TH ST,Iowa Route,IA Route - Secondary,Property Damage Only,4650,Operating vehicle in an reckless, erratic, careless, negligent manner,Alcohol (Statutory),52,>= 50 and <= 54,Female
20191128845,20190025712,20190816,4602856,447918,21:20,Friday,Polk,Local Road,9999,Unknown - Not Indicated - Unlocated,Mainline,Not reported,SW 9TH ST,Municipal Road,Not Indicated as an Intersection,Property Damage Only,3000,Ran off road - right,Refused,32,>= 30 and <= 34,Male
20191128845,20190025712,20190816,4602856,447918,21:20,Friday,Polk,Local Road,9999,Unknown - Not Indicated - Unlocated,Mainline,Not reported,SW 9TH ST,Municipal Road,Not Indicated as an Intersection,Property Damage Only,3000,Ran off road - right,Refused,22,>= 21 and <= 24,Male
20191128851,19-013478,20190817,4571829,258852,01:20,Saturday,Pottawattamie,US Route,6,Westbound (WB),Mainline,Not reported,US 6/W BROADWAY,US Route,Not Indicated as an Intersection,Property Damage Only,3500,Driving too fast for conditions,Alcohol (Statutory),22,>= 21 and <= 24,Not reported
20191128851,19-013478,20190817,4571829,258852,01:20,Saturday,Pottawattamie,US Route,6,Westbound (WB),Mainline,Not reported,US 6/W BROADWAY,US Route,Not Indicated as an Intersection,Property Damage Only,3500,Driving too fast for conditions,Alcohol (Statutory),21,>= 21 and <= 24,Female
20191128870,19-01958,20190813,4609281,439465,15:42,Tuesday,Polk,Local Road,9999,Unknown - Not Indicated - Unlocated,Mainline,Not reported,AIRLINE AVE & 79TH ST,Municipal Road,Municipal - Municipal,Property Damage Only,8500,Ran stop sign,Alcohol (< Statutory),36,>= 35 and <= 39,Not reported
20191128870,19-01958,20190813,4609281,439465,15:42,Tuesday,Polk,Local Road,9999,Unknown - Not Indicated - Unlocated,Mainline,Not reported,AIRLINE AVE & 79TH ST,Municipal Road,Municipal - Municipal,Property Damage Only,8500,Ran stop sign,Alcohol (< Statutory),26,>= 25 and <= 29,Male
20191128878,19020071,20190816,4655178,615931,22:42,Friday,Linn,Farm to Market Route,9999,Unknown - Not Indicated - Unlocated,Mainline,Not reported,10TH ST,Municipal Road,Not Indicated as an Intersection,Property Damage Only,7000,Driver Distraction:  Inattentive/lost in thought,Alcohol (Statutory),200,,Not reported
20191128878,19020071,20190816,4655178,615931,22:42,Friday,Linn,Farm to Market Route,9999,Unknown - Not Indicated - Unlocated,Mainline,Not reported,10TH ST,Municipal Road,Not Indicated as an Intersection,Property Damage Only,7000,Driver Distraction:  Inattentive/lost in thought,Alcohol (Statutory),30,>= 30 and <= 34,Male
20191128896,19-04282,20190817,4604893,435220,22:46,Saturday,Polk,Interstate,35,Southbound (SB),Mainline,Not reported,I-35,Interstate,Not Indicated as an Intersection,Suspected Minor Injury Crash,2000,Operating vehicle in an reckless, erratic, careless, negligent manner,Alcohol (Statutory),66,>= 65 and <= 69,Male
20191128915,19021734,20190817,4559386,530751,00:08,Saturday,Mahaska,Local Road,9999,Unknown - Not Indicated - Unlocated,Mainline,Not reported,MERINO AVE,Secondary Road,Not Indicated as an Intersection,Property Damage Only,2000,Driver Distraction:  Inattentive/lost in thought,Alcohol (Statutory),29,>= 25 and <= 29,Male
20191128921,2019-29863,20190817,4608855,702849,21:30,Saturday,Scott,US Route,61,Southbound (SB),Mainline,Not reported,US 61/BRADY ST,US Route,Not Indicated as an Intersection,Suspected Minor Injury Crash,17585,Ran off road - right,Refused,34,>= 30 and <= 34,Male
20191128934,S19-002135,20190818,4593610,304872,00:08,Sunday,Pottawattamie,US Route,59,Northbound (NB),Mainline,Not reported,US 59/S WALNUT ST & S CHESTNUT ST,US Route,US Route - Municipal,Suspected Serious Injury Crash,5000,Ran off road - right,Alcohol (Statutory),41,>= 40 and <= 44,Male
20191128935,S19-002138,20190818,4566842,314618,20:53,Sunday,Pottawattamie,Iowa Route,92,Eastbound (EB),Mainline,Not reported,IA 92/IOWA 92,Iowa Route,Not Indicated as an Intersection,Suspected Minor Injury Crash,2000,Ran off road - right,Under Influence of Alcohol/Drugs/Medications,53,>= 50 and <= 54,Male
20191128942,W19-067207,20190818,4707224,552358,01:15,Sunday,Black Hawk,Local Road,9999,Unknown - Not Indicated - Unlocated,Mainline,Not reported,LONGFELLOW AVE,Municipal Road,Not Indicated as an Intersection,Suspected Minor Injury Crash,3000,Exceeded authorized speed,Alcohol (Statutory),28,>= 25 and <= 29,Male
20191128974,19-025836,20190801,4498443,638734,19:43,Thursday,Lee,Local Road,9999,Unknown - Not Indicated - Unlocated,Mainline,Not reported,AVE O,Municipal Road,Not Indicated as an Intersection,Property Damage Only,2200,Exceeded authorized speed,Refused,31,>= 30 and <= 34,Male
20191128982,19-0842,20190818,4605523,462040,13:39,Sunday,Polk,Iowa Route,163,Eastbound (EB),Mainline,Not reported,IA 163/NE UNIVERSITY AVE,Iowa Route,Not Indicated as an Intersection,Property Damage Only,7000,Followed too close,Refused,29,>= 25 and <= 29,Male
20191128982,19-0842,20190818,4605523,462040,13:39,Sunday,Polk,Iowa Route,163,Eastbound (EB),Mainline,Not reported,IA 163/NE UNIVERSITY AVE,Iowa Route,Not Indicated as an Intersection,Property Damage Only,7000,Followed too close,Refused,64,>= 60 and <= 64,Female
20191129051,CL1901022,20190818,4775842,468919,15:06,Sunday,Cerro Gordo,Local Road,9999,Unknown - Not Indicated - Unlocated,Mainline,Not reported,1ST AVE S,Municipal Road,Not Indicated as an Intersection,Property Damage Only,2500,Ran stop sign,Alcohol (Statutory),77,>= 75 and <= 79,Female
20191129051,CL1901022,20190818,4775842,468919,15:06,Sunday,Cerro Gordo,Local Road,9999,Unknown - Not Indicated - Unlocated,Mainline,Not reported,1ST AVE S,Municipal Road,Not Indicated as an Intersection,Property Damage Only,2500,Ran stop sign,Alcohol (Statutory),63,>= 60 and <= 64,Male
20191129054,20190025823,20190817,4599278,455017,19:07,Saturday,Polk,Local Road,9999,Unknown - Not Indicated - Unlocated,Mainline,Not reported,SE BROOKS DR,Municipal Road,Not Indicated as an Intersection,Suspected Minor Injury Crash,5100,Exceeded authorized speed,Alcohol (Statutory),27,>= 25 and <= 29,Male
20191129063,20190025926,20190818,4606196,442247,17:20,Sunday,Polk,Local Road,9999,Unknown - Not Indicated - Unlocated,Mainline,Not reported,55TH ST,Municipal Road,Not Indicated as an Intersection,Property Damage Only,8000,Unknown,Alcohol (< Statutory),36,>= 35 and <= 39,Male
20191129070,20190025956,20190818,4597354,450211,23:50,Sunday,Polk,US Route,69,Southbound (SB),Mainline,Not reported,US 69/SE 14TH ST & E ARMY POST RD,US Route,US Route - Municipal,Possible/Unknown Injury Crash,4684,Other,Alcohol (Statutory),33,>= 30 and <= 34,Female
20191129070,20190025956,20190818,4597354,450211,23:50,Sunday,Polk,US Route,69,Southbound (SB),Mainline,Not reported,US 69/SE 14TH ST & E ARMY POST RD,US Route,US Route - Municipal,Possible/Unknown Injury Crash,4684,Other,Alcohol (Statutory),21,>= 21 and <= 24,Male
20191129081,2019020954,20190802,4703885,656964,13:50,Friday,Dubuque,Farm to Market Route,9999,Unknown - Not Indicated - Unlocated,Mainline,Not reported,OLDE HAWKEYE RD,Secondary Road,Not Indicated as an Intersection,Suspected Serious Injury Crash,5000,Ran off road - right,Under Influence of Alcohol/Drugs/Medications,23,>= 21 and <= 24,Male
20191129083,2019021393,20190808,4613808,636701,19:23,Thursday,Cedar,Interstate,80,Westbound (WB),Mainline,Not reported,I-80,Interstate,Not Indicated as an Intersection,Suspected Serious Injury Crash,2000,Lost control,Alcohol (< Statutory),33,>= 30 and <= 34,Male
20191129084,2019021555,20190811,4599612,703103,01:18,Sunday,Scott,US Route,67,Northbound (NB),Mainline,Not reported,US 67/E RIVER DR & E 3RD ST,US Route,US Route - Municipal,Possible/Unknown Injury Crash,21000,Failed to yield to emergency vehicle,Alcohol (Statutory),23,>= 21 and <= 24,Male
20191129084,2019021555,20190811,4599612,703103,01:18,Sunday,Scott,US Route,67,Northbound (NB),Mainline,Not reported,US 67/E RIVER DR & E 3RD ST,US Route,US Route - Municipal,Possible/Unknown Injury Crash,21000,Failed to yield to emergency vehicle,Alcohol (Statutory),21,>= 21 and <= 24,Female
20191129084,2019021555,20190811,4599612,703103,01:18,Sunday,Scott,US Route,67,Northbound (NB),Mainline,Not reported,US 67/E RIVER DR & E 3RD ST,US Route,US Route - Municipal,Possible/Unknown Injury Crash,21000,Failed to yield to emergency vehicle,Alcohol (Statutory),24,>= 21 and <= 24,Male
20191129087,2019021761,20190812,4720404,460637,23:17,Monday,Franklin,Interstate,35,Southbound (SB),Mainline,Not reported,I-35,Interstate,Not Indicated as an Intersection,Property Damage Only,11000,Driving too fast for conditions,Refused,16,= 16,Female
20191129087,2019021761,20190812,4720404,460637,23:17,Monday,Franklin,Interstate,35,Southbound (SB),Mainline,Not reported,I-35,Interstate,Not Indicated as an Intersection,Property Damage Only,11000,Driving too fast for conditions,Refused,29,>= 25 and <= 29,Not reported
20191129110,201913322,20190817,4648428,610490,21:05,Saturday,Linn,Iowa Route,922,No Travel Direction Consistent with Route,Mainline,On underpass,IA 922/1ST AVE E & 4TH ST NE,Iowa Route,IA Route - Municipal,Property Damage Only,8000,Other,Refused,200,,Not reported
20191129110,201913322,20190817,4648428,610490,21:05,Saturday,Linn,Iowa Route,922,No Travel Direction Consistent with Route,Mainline,On underpass,IA 922/1ST AVE E & 4TH ST NE,Iowa Route,IA Route - Municipal,Property Damage Only,8000,Other,Refused,53,>= 50 and <= 54,Male
20191129110,201913322,20190817,4648428,610490,21:05,Saturday,Linn,Iowa Route,922,No Travel Direction Consistent with Route,Mainline,On underpass,IA 922/1ST AVE E & 4TH ST NE,Iowa Route,IA Route - Municipal,Property Damage Only,8000,Other,Refused,200,,Not reported
20191129124,19-001485,20190817,4611984,458679,22:24,Saturday,Polk,Local Road,9999,Unknown - Not Indicated - Unlocated,Mainline,Not reported,ADVENTURELAND DR,Municipal Road,Not Indicated as an Intersection,Property Damage Only,5500,Unknown,Alcohol (Statutory),50,>= 50 and <= 54,Female
20191129124,19-001485,20190817,4611984,458679,22:24,Saturday,Polk,Local Road,9999,Unknown - Not Indicated - Unlocated,Mainline,Not reported,ADVENTURELAND DR,Municipal Road,Not Indicated as an Intersection,Property Damage Only,5500,Unknown,Alcohol (Statutory),27,>= 25 and <= 29,Male
20191129140,19-004565,20190816,4619812,449493,17:00,Friday,Polk,Local Road,9999,Unknown - Not Indicated - Unlocated,Mainline,Not reported,SW 4TH ST & SW CHERRY ST,Municipal Road,Municipal - Municipal,Property Damage Only,4000,Operating vehicle in an reckless, erratic, careless, negligent manner,Alcohol (Statutory),43,>= 40 and <= 44,Male
20191129140,19-004565,20190816,4619812,449493,17:00,Friday,Polk,Local Road,9999,Unknown - Not Indicated - Unlocated,Mainline,Not reported,SW 4TH ST & SW CHERRY ST,Municipal Road,Municipal - Municipal,Property Damage Only,4000,Operating vehicle in an reckless, erratic, careless, negligent manner,Alcohol (Statutory),67,>= 65 and <= 69,Male
20191129154,MC1903388,20190817,4776188,484805,22:07,Saturday,Cerro Gordo,Local Road,9999,Unknown - Not Indicated - Unlocated,Mainline,Not reported,14TH ST SE,Municipal Road,Not Indicated as an Intersection,Property Damage Only,8000,Operating vehicle in an reckless, erratic, careless, negligent manner,Alcohol (Statutory),200,,Not reported
20191129154,MC1903388,20190817,4776188,484805,22:07,Saturday,Cerro Gordo,Local Road,9999,Unknown - Not Indicated - Unlocated,Mainline,Not reported,14TH ST SE,Municipal Road,Not Indicated as an Intersection,Property Damage Only,8000,Operating vehicle in an reckless, erratic, careless, negligent manner,Alcohol (Statutory),42,>= 40 and <= 44,Male
20191129168,19-001117,20190817,4652193,467435,10:07,Saturday,Story,Farm to Market Route,9999,Unknown - Not Indicated - Unlocated,Mainline,Not reported,Co Rd E41/LINCOLN HWY,Secondary Road,Not Indicated as an Intersection,Property Damage Only,3500,Driver Distraction:  Inattentive/lost in thought,Alcohol (Statutory),23,>= 21 and <= 24,Male
20191129192,19-010559,20190714,4650788,554763,16:45,Sunday,Tama,Farm to Market Route,9999,Unknown - Not Indicated - Unlocated,Mainline,Not reported,Co Rd E44/HWY E44,Secondary Road,Not Indicated as an Intersection,Suspected Minor Injury Crash,6000,Operating vehicle in an reckless, erratic, careless, negligent manner,Alcohol (Statutory),26,>= 25 and <= 29,Male
20191129211,19-014904,20190819,4765950,590581,23:03,Monday,Fayette,Local Road,9999,Unknown - Not Indicated - Unlocated,Mainline,Not reported,OAK RD,Secondary Road,Not Indicated as an Intersection,Property Damage Only,1500,Operating vehicle in an reckless, erratic, careless, negligent manner,Alcohol (Statutory),20,= 20,Not reported
20191129239,19-1491,20190820,4654273,403397,02:35,Tuesday,Greene,US Route,30,Eastbound (EB),Mainline,Not reported,US 30/220TH,US Route,Not Indicated as an Intersection,Property Damage Only,14000,Driving too fast for conditions,Alcohol (Statutory),24,>= 21 and <= 24,Not reported
20191129342,19065716,20190813,4709643,545204,01:30,Tuesday,Black Hawk,Iowa Route,57,Westbound (WB),Mainline,Not reported,IA 57/1ST ST & FRANKLIN ST & CENTER ST,Iowa Route,IA Route - Municipal,Suspected Serious Injury Crash,11000,Exceeded authorized speed,Under Influence of Alcohol/Drugs/Medications,33,>= 30 and <= 34,Male
20191129355,192846,20190816,4732331,482921,14:25,Friday,Franklin,Local Road,9999,Unknown - Not Indicated - Unlocated,Mainline,Not reported,1ST ST NW,Municipal Road,Not Indicated as an Intersection,Possible/Unknown Injury Crash,3250,FTYROW:  From parked position,Refused,54,>= 50 and <= 54,Female
20191129355,192846,20190816,4732331,482921,14:25,Friday,Franklin,Local Road,9999,Unknown - Not Indicated - Unlocated,Mainline,Not reported,1ST ST NW,Municipal Road,Not Indicated as an Intersection,Possible/Unknown Injury Crash,3250,FTYROW:  From parked position,Refused,37,>= 35 and <= 39,Male
20191129385,2019-68599,20190817,4598880,701023,02:24,Saturday,Scott,Local Road,9999,Unknown - Not Indicated - Unlocated,Mainline,Not reported,MARQUETTE ST,Municipal Road,Not Indicated as an Intersection,Possible/Unknown Injury Crash,50000,Exceeded authorized speed,Alcohol (Statutory),33,>= 30 and <= 34,Male
20191129393,2019-69338,20190819,4605299,699496,18:29,Monday,Scott,Local Road,9999,Unknown - Not Indicated - Unlocated,Mainline,Not reported,W 53RD ST & KELLING ST,Municipal Road,Municipal - Municipal,Possible/Unknown Injury Crash,2000,Operating vehicle in an reckless, erratic, careless, negligent manner,Refused,42,>= 40 and <= 44,Male
20191129393,2019-69338,20190819,4605299,699496,18:29,Monday,Scott,Local Road,9999,Unknown - Not Indicated - Unlocated,Mainline,Not reported,W 53RD ST & KELLING ST,Municipal Road,Municipal - Municipal,Possible/Unknown Injury Crash,2000,Operating vehicle in an reckless, erratic, careless, negligent manner,Refused,63,>= 60 and <= 64,Male
20191129405,20190026010,20190819,4603353,446246,12:03,Monday,Polk,Local Road,9999,Unknown - Not Indicated - Unlocated,Mainline,Not reported,MLK JR PKWY & FLEUR DR,Municipal Road,Municipal - Municipal,Property Damage Only,11000,Made improper turn,Alcohol (Statutory),56,>= 55 and <= 59,Male
20191129405,20190026010,20190819,4603353,446246,12:03,Monday,Polk,Local Road,9999,Unknown - Not Indicated - Unlocated,Mainline,Not reported,MLK JR PKWY & FLEUR DR,Municipal Road,Municipal - Municipal,Property Damage Only,11000,Made improper turn,Alcohol (Statutory),35,>= 35 and <= 39,Female
20191129448,2019008320,20190819,4612426,624456,21:32,Monday,Johnson,Local Road,9999,Unknown - Not Indicated - Unlocated,Mainline,Not reported,FRIENDSHIP ST,Municipal Road,Not Indicated as an Intersection,Property Damage Only,20547,Other,Alcohol (Statutory),200,,Not reported
20191129448,2019008320,20190819,4612426,624456,21:32,Monday,Johnson,Local Road,9999,Unknown - Not Indicated - Unlocated,Mainline,Not reported,FRIENDSHIP ST,Municipal Road,Not Indicated as an Intersection,Property Damage Only,20547,Other,Alcohol (Statutory),52,>= 50 and <= 54,Male
20191129470,2019022486,20190819,4596967,296396,18:06,Monday,Pottawattamie,Interstate,80,Eastbound (EB),Mainline,Not reported,I-80,Interstate,Not Indicated as an Intersection,Suspected Serious Injury Crash,4000,Ran off road - left,Alcohol (Statutory),41,>= 40 and <= 44,Male
20191129514,SO19000119,20190813,4783670,585222,22:55,Tuesday,Winneshiek,Farm to Market Route,9999,Unknown - Not Indicated - Unlocated,Mainline,Not reported,S MAIN ST,Secondary Road,Not Indicated as an Intersection,Suspected Serious Injury Crash,5300,Ran stop sign,Alcohol (Statutory),20,= 20,Male
20191129522,WSO1903113,20190819,4794512,601921,16:26,Monday,Winneshiek,Farm to Market Route,9999,Unknown - Not Indicated - Unlocated,Mainline,Not reported,Co Rd A52/OLD STAGE RD & Co Rd A6W/RIVER RD,Secondary Road,Secondary - Secondary,Suspected Minor Injury Crash,8500,Operating vehicle in an reckless, erratic, careless, negligent manner,Alcohol (Statutory),65,>= 65 and <= 69,Male
20191129555,19012859,20190821,4627457,639933,17:25,Wednesday,Cedar,Farm to Market Route,9999,Unknown - Not Indicated - Unlocated,Mainline,Not reported,Co Rd F28/210TH,Secondary Road,Not Indicated as an Intersection,Property Damage Only,20000,Operating vehicle in an reckless, erratic, careless, negligent manner,Refused,35,>= 35 and <= 39,Male
20191129576,2019-69725,20190820,4600668,702751,23:28,Tuesday,Scott,Local Road,9999,Unknown - Not Indicated - Unlocated,Mainline,Not reported,E 12TH ST & IOWA ST,Municipal Road,Municipal - Municipal,Suspected Minor Injury Crash,3000,Lost control,Alcohol (Statutory),31,>= 30 and <= 34,Female
20191129576,2019-69725,20190820,4600668,702751,23:28,Tuesday,Scott,Local Road,9999,Unknown - Not Indicated - Unlocated,Mainline,Not reported,E 12TH ST & IOWA ST,Municipal Road,Municipal - Municipal,Suspected Minor Injury Crash,3000,Lost control,Alcohol (Statutory),200,,Not reported
20191129594,S019-00867,20190817,4653048,502395,17:21,Saturday,Marshall,Farm to Market Route,9999,Unknown - Not Indicated - Unlocated,Mainline,Not reported,Co Rd E41/MARSHALLTOWN BLVD,Secondary Road,Not Indicated as an Intersection,Possible/Unknown Injury Crash,38200,Ran off road - right,Alcohol (Statutory),31,>= 30 and <= 34,Male
20191129613,4519-049,20190817,4789022,571369,00:04,Saturday,Howard,Farm to Market Route,9999,Unknown - Not Indicated - Unlocated,Mainline,Not reported,Co Rd V58/WILLOW AVE,Secondary Road,Not Indicated as an Intersection,Suspected Minor Injury Crash,12200,Ran off road - left,Alcohol (Statutory),28,>= 25 and <= 29,Male
20191129694,W19-068268,20190821,4701286,553255,20:40,Wednesday,Black Hawk,Local Road,9999,Unknown - Not Indicated - Unlocated,Mainline,Not reported,FAIRLANE AVE,Municipal Road,Not Indicated as an Intersection,Property Damage Only,5000,Other,Alcohol (Statutory),200,,Not reported
20191129694,W19-068268,20190821,4701286,553255,20:40,Wednesday,Black Hawk,Local Road,9999,Unknown - Not Indicated - Unlocated,Mainline,Not reported,FAIRLANE AVE,Municipal Road,Not Indicated as an Intersection,Property Damage Only,5000,Other,Alcohol (Statutory),46,>= 45 and <= 49,Male