Case Number,Law Enforcement Case Number,Date of Crash,Y-Coordinate (UTM NAD 83 Zone 15),X-Coordinate (UTM NAD 83 Zone 15),Time,Day of Week,County,Road System,Route,Cardinal Direction of Vehicles,Mainline or Ramp,Overpass/Underpass Information,Derived Literal Description,Road Classification,Intersection Class,Crash Severity,Amount of Property Damage,Major Cause,Drug or Alcohol Related,Driver Age,Driver Age - 5 year Bins,Driver Gender
20191131543,20193934,20190901,4689918,514266,13:14,Sunday,Grundy,Farm to Market Route,9999,Unknown - Not Indicated - Unlocated,Mainline,Not reported,Co Rd T29/K AVE,Secondary Road,Not Indicated as an Intersection,Property Damage Only,3000,Followed too close,Alcohol (Statutory),37,>= 35 and <= 39,Female
20191131549,19-24956,20190816,4603261,509858,00:54,Friday,Jasper,Farm to Market Route,9999,Unknown - Not Indicated - Unlocated,Mainline,Not reported,Co Rd F62/HWY F-62 E,Secondary Road,Not Indicated as an Intersection,Property Damage Only,3000,Operating vehicle in an reckless, erratic, careless, negligent manner,Refused,42,>= 40 and <= 44,Female
20191131596,19-010494,20190523,4580960,474479,00:07,Thursday,Marion,Local Road,9999,Unknown - Not Indicated - Unlocated,Mainline,Not reported,INDIANA DR,Secondary Road,Not Indicated as an Intersection,Suspected Serious Injury Crash,2500,Ran off road - left,Alcohol (Statutory),59,>= 55 and <= 59,Male
20191131633,193977,20190901,4657970,311120,05:10,Sunday,Crawford,Local Road,9999,Unknown - Not Indicated - Unlocated,Mainline,Not reported,L AVE,Secondary Road,Not Indicated as an Intersection,Suspected Minor Injury Crash,7000,Lost control,Under Influence of Alcohol/Drugs/Medications,21,>= 21 and <= 24,Male
20191131643,U19-000869,20190812,4675256,592868,20:27,Monday,Benton,Farm to Market Route,9999,Unknown - Not Indicated - Unlocated,Mainline,Not reported,WOOD ST & BRUSH AVE,Municipal Road,Municipal - Municipal,Property Damage Only,4500,Made improper turn,Refused,36,>= 35 and <= 39,Male
20191131643,U19-000869,20190812,4675256,592868,20:27,Monday,Benton,Farm to Market Route,9999,Unknown - Not Indicated - Unlocated,Mainline,Not reported,WOOD ST & BRUSH AVE,Municipal Road,Municipal - Municipal,Property Damage Only,4500,Made improper turn,Refused,16,= 16,Female
20191131653,19-006514,20190902,4653271,268171,03:40,Monday,Monona,Iowa Route,37,No Travel Direction Consistent with Route,Mainline,Not reported,IA 37/IOWA 37 & Co Rd L32,Iowa Route,IA Route - Secondary,Suspected Minor Injury Crash,5500,Ran stop sign,Alcohol (Statutory),23,>= 21 and <= 24,Female
20191131693,20190027975,20190905,4607660,441677,00:50,Thursday,Polk,Local Road,9999,Unknown - Not Indicated - Unlocated,Mainline,Not reported,SHERIDAN AVE & 60TH ST,Municipal Road,Municipal - Municipal,Property Damage Only,5500,Driver Distraction:  Other interior distraction,Alcohol (Statutory),24,>= 21 and <= 24,Female
20191131693,20190027975,20190905,4607660,441677,00:50,Thursday,Polk,Local Road,9999,Unknown - Not Indicated - Unlocated,Mainline,Not reported,SHERIDAN AVE & 60TH ST,Municipal Road,Municipal - Municipal,Property Damage Only,5500,Driver Distraction:  Other interior distraction,Alcohol (Statutory),200,,Not reported
20191131699,19-004988,20190903,4620175,450591,20:30,Tuesday,Polk,Local Road,9999,Unknown - Not Indicated - Unlocated,Mainline,Not reported,E 1ST ST & NE BEL AIRE RD,Municipal Road,Municipal - Municipal,Property Damage Only,5500,Improper or erratic lane changing,Refused,30,>= 30 and <= 34,Male
20191131699,19-004988,20190903,4620175,450591,20:30,Tuesday,Polk,Local Road,9999,Unknown - Not Indicated - Unlocated,Mainline,Not reported,E 1ST ST & NE BEL AIRE RD,Municipal Road,Municipal - Municipal,Property Damage Only,5500,Improper or erratic lane changing,Refused,41,>= 40 and <= 44,Male
20191131779,19006693,20190828,4793372,528116,16:47,Wednesday,Mitchell,Iowa Route,9,No Travel Direction Consistent with Route,Mainline,Not reported,IA 9/IOWA 9,Iowa Route,Not Indicated as an Intersection,Suspected Serious Injury Crash,4000,Driver Distraction:  Manual operation of an electronic communication device,Alcohol (< Statutory),26,>= 25 and <= 29,Male
20191131785,19-047299,20190820,4746436,327422,22:27,Tuesday,Buena Vista,Iowa Route,10,Westbound (WB),Mainline,Not reported,IA 10/460TH ST & 150TH AVE,Iowa Route,IA Route - Secondary,Property Damage Only,6000,Driver Distraction:  Other interior distraction,Alcohol (Statutory),33,>= 30 and <= 34,Male
20191131787,201900011135,20190904,4598164,400337,18:30,Wednesday,Dallas,Farm to Market Route,9999,Unknown - Not Indicated - Unlocated,Mainline,Not reported,Co Rd F60/OLD HWY 6 SOUTH,Secondary Road,Not Indicated as an Intersection,Suspected Minor Injury Crash,17500,Followed too close,Refused,49,>= 45 and <= 49,Female
20191131787,201900011135,20190904,4598164,400337,18:30,Wednesday,Dallas,Farm to Market Route,9999,Unknown - Not Indicated - Unlocated,Mainline,Not reported,Co Rd F60/OLD HWY 6 SOUTH,Secondary Road,Not Indicated as an Intersection,Suspected Minor Injury Crash,17500,Followed too close,Refused,25,>= 25 and <= 29,Male
20191131813,2019023892,20190902,4652918,356134,17:56,Monday,Carroll,Local Road,9999,Unknown - Not Indicated - Unlocated,Mainline,Not reported,Co Rd E45/235TH ST,Secondary Road,Not Indicated as an Intersection,Suspected Serious Injury Crash,10050,Ran off road - right,Alcohol (Statutory),29,>= 25 and <= 29,Female
20191131909,19-014346,20190906,4572562,257574,00:00,Friday,Pottawattamie,Local Road,9999,Unknown - Not Indicated - Unlocated,Mainline,Not reported,AVE G & N 31ST ST,Municipal Road,Municipal - Municipal,Property Damage Only,7500,Operating vehicle in an reckless, erratic, careless, negligent manner,Under Influence of Alcohol/Drugs/Medications,200,,Not reported
20191131909,19-014346,20190906,4572562,257574,00:00,Friday,Pottawattamie,Local Road,9999,Unknown - Not Indicated - Unlocated,Mainline,Not reported,AVE G & N 31ST ST,Municipal Road,Municipal - Municipal,Property Damage Only,7500,Operating vehicle in an reckless, erratic, careless, negligent manner,Under Influence of Alcohol/Drugs/Medications,27,>= 25 and <= 29,Female
20191131935,SO19000138,20190904,4792870,578907,23:47,Wednesday,Winneshiek,Local Road,9999,Unknown - Not Indicated - Unlocated,Mainline,Not reported,240TH ST,Secondary Road,Not Indicated as an Intersection,Suspected Minor Injury Crash,2900,Ran off road - left,Alcohol (Statutory),30,>= 30 and <= 34,Male
20191132026,W19-073114,20190906,4706501,551398,00:30,Friday,Black Hawk,Local Road,9999,Unknown - Not Indicated - Unlocated,Mainline,Not reported,ANSBOROUGH AVE,Municipal Road,Not Indicated as an Intersection,Suspected Minor Injury Crash,2575,Ran off road - left,Under Influence of Alcohol/Drugs/Medications,52,>= 50 and <= 54,Male
20191132096,19-072,20190827,4774586,240736,23:42,Tuesday,Sioux,Local Road,9999,Unknown - Not Indicated - Unlocated,Mainline,Not reported,6TH AVE NW & 3RD ST NW,Municipal Road,Municipal - Municipal,Property Damage Only,10000,Ran off road - straight,Alcohol (Statutory),200,,Not reported
20191132096,19-072,20190827,4774586,240736,23:42,Tuesday,Sioux,Local Road,9999,Unknown - Not Indicated - Unlocated,Mainline,Not reported,6TH AVE NW & 3RD ST NW,Municipal Road,Municipal - Municipal,Property Damage Only,10000,Ran off road - straight,Alcohol (Statutory),21,>= 21 and <= 24,Male
20191132099,20190028111,20190906,4605616,445916,02:25,Friday,Polk,Local Road,9999,Unknown - Not Indicated - Unlocated,Mainline,Not reported,UNIVERSITY AVE,Municipal Road,Not Indicated as an Intersection,Property Damage Only,20000,Lost control,Refused,25,>= 25 and <= 29,Male
20191132099,20190028111,20190906,4605616,445916,02:25,Friday,Polk,Local Road,9999,Unknown - Not Indicated - Unlocated,Mainline,Not reported,UNIVERSITY AVE,Municipal Road,Not Indicated as an Intersection,Property Damage Only,20000,Lost control,Refused,200,,Not reported
20191132118,19006404,20190712,4572392,627749,02:40,Friday,Louisa,Iowa Route,92,Eastbound (EB),Mainline,Not reported,IA 92/IOWA 92,Iowa Route,Not Indicated as an Intersection,Possible/Unknown Injury Crash,5500,Driver Distraction:  Other interior distraction,Alcohol (Statutory),25,>= 25 and <= 29,Male
20191132162,2019-74394,20190906,4600013,700137,02:22,Friday,Scott,Local Road,9999,Unknown - Not Indicated - Unlocated,Mainline,On overpass,W 7TH ST & N DIVISION ST,Municipal Road,Municipal - Municipal,Property Damage Only,2300,Lost control,Refused,33,>= 30 and <= 34,Male
20191132179,PD19-02357,20190907,4650553,507297,15:04,Saturday,Marshall,Farm to Market Route,9999,Unknown - Not Indicated - Unlocated,Mainline,Not reported,IOWA AVE E (OLD US 30),Municipal Road,Not Indicated as an Intersection,Possible/Unknown Injury Crash,3000,Other,Alcohol (Statutory),58,>= 55 and <= 59,Male
20191132179,PD19-02357,20190907,4650553,507297,15:04,Saturday,Marshall,Farm to Market Route,9999,Unknown - Not Indicated - Unlocated,Mainline,Not reported,IOWA AVE E (OLD US 30),Municipal Road,Not Indicated as an Intersection,Possible/Unknown Injury Crash,3000,Other,Alcohol (Statutory),51,>= 50 and <= 54,Male
20191132200,20190028318,20190907,4604971,442183,20:37,Saturday,Polk,Local Road,9999,Unknown - Not Indicated - Unlocated,Mainline,Not reported,56TH ST,Municipal Road,Not Indicated as an Intersection,Suspected Serious Injury Crash,30000,Traveling wrong way or on wrong side of road,Drug/Alcohol (Statutory),40,>= 40 and <= 44,Male
20191132200,20190028318,20190907,4604971,442183,20:37,Saturday,Polk,Local Road,9999,Unknown - Not Indicated - Unlocated,Mainline,Not reported,56TH ST,Municipal Road,Not Indicated as an Intersection,Suspected Serious Injury Crash,30000,Traveling wrong way or on wrong side of road,Drug/Alcohol (Statutory),18,= 18,Male
20191132218,20190028339,20190908,4605609,447150,00:40,Sunday,Polk,Local Road,9999,Unknown - Not Indicated - Unlocated,Mainline,Not reported,UNIVERSITY AVE & 13TH ST,Municipal Road,Municipal - Municipal,Property Damage Only,2500,Followed too close,Alcohol (Statutory),25,>= 25 and <= 29,Male
20191132218,20190028339,20190908,4605609,447150,00:40,Sunday,Polk,Local Road,9999,Unknown - Not Indicated - Unlocated,Mainline,Not reported,UNIVERSITY AVE & 13TH ST,Municipal Road,Municipal - Municipal,Property Damage Only,2500,Followed too close,Alcohol (Statutory),54,>= 50 and <= 54,Male
20191132281,CL1901084,20190831,4777143,471159,05:23,Saturday,Cerro Gordo,Interstate,35,Ramp,Ramp,Not reported,I-35 & IA 122/IOWA 122,Interstate,Interstate - IA Route,Property Damage Only,10000,Driver Distraction:  Other interior distraction,Alcohol (Statutory),28,>= 25 and <= 29,Male
20191132281,CL1901084,20190831,4777143,471159,05:23,Saturday,Cerro Gordo,Interstate,35,Ramp,Ramp,Not reported,I-35 & IA 122/IOWA 122,Interstate,Interstate - IA Route,Property Damage Only,10000,Driver Distraction:  Other interior distraction,Alcohol (Statutory),47,>= 45 and <= 49,Male
20191132308,201903178,20190909,4649037,598267,02:00,Monday,Linn,Local Road,9999,Unknown - Not Indicated - Unlocated,Mainline,Not reported,SISLEY GROVE RD NW,Secondary Road,Not Indicated as an Intersection,Possible/Unknown Injury Crash,6000,Operating vehicle in an reckless, erratic, careless, negligent manner,Refused,23,>= 21 and <= 24,Male
20191132372,2019023952,20190903,4578080,490828,15:25,Tuesday,Marion,Iowa Route,14,Northbound (NB),Mainline,Not reported,IA 14/IOWA 14,Iowa Route,Not Indicated as an Intersection,Fatal Crash,5000,Exceeded authorized speed,Alcohol (Statutory),40,>= 40 and <= 44,Female
20191132387,2019024314,20190908,4560226,263119,00:07,Sunday,Mills,Interstate,29,Southbound (SB),Mainline,Not reported,I-29,Interstate,Not Indicated as an Intersection,Property Damage Only,11000,Lost control,Refused,35,>= 35 and <= 39,Male
20191132387,2019024314,20190908,4560226,263119,00:07,Sunday,Mills,Interstate,29,Southbound (SB),Mainline,Not reported,I-29,Interstate,Not Indicated as an Intersection,Property Damage Only,11000,Lost control,Refused,39,>= 35 and <= 39,Male
20191132503,20190028520,20190910,4601544,450335,00:20,Tuesday,Polk,Local Road,9999,Unknown - Not Indicated - Unlocated,Mainline,Not reported,E LACONA AVE,Municipal Road,Not Indicated as an Intersection,Suspected Minor Injury Crash,16000,Operating vehicle in an reckless, erratic, careless, negligent manner,Alcohol (Statutory),52,>= 50 and <= 54,Male
20191132524,19090274,20190908,4533527,565524,23:29,Sunday,Wapello,Farm to Market Route,9999,Unknown - Not Indicated - Unlocated,Mainline,Not reported,45TH ST,Secondary Road,Not Indicated as an Intersection,Property Damage Only,3000,Operating vehicle in an reckless, erratic, careless, negligent manner,Refused,35,>= 35 and <= 39,Male
20191132537,20194033,20190907,4689165,513165,20:40,Saturday,Grundy,Iowa Route,14,No Travel Direction Consistent with Route,Mainline,Not reported,IA 14/240TH ST,Iowa Route,Not Indicated as an Intersection,Property Damage Only,5442,Ran off road - right,Alcohol (Statutory),66,>= 65 and <= 69,Male
20191132537,20194033,20190907,4689165,513165,20:40,Saturday,Grundy,Iowa Route,14,No Travel Direction Consistent with Route,Mainline,Not reported,IA 14/240TH ST,Iowa Route,Not Indicated as an Intersection,Property Damage Only,5442,Ran off road - right,Alcohol (Statutory),27,>= 25 and <= 29,Female
20191132537,20194033,20190907,4689165,513165,20:40,Saturday,Grundy,Iowa Route,14,No Travel Direction Consistent with Route,Mainline,Not reported,IA 14/240TH ST,Iowa Route,Not Indicated as an Intersection,Property Damage Only,5442,Ran off road - right,Alcohol (Statutory),29,>= 25 and <= 29,Female
20191132543,19-015850,20190908,4770953,521026,05:40,Sunday,Floyd,Farm to Market Route,9999,Unknown - Not Indicated - Unlocated,Mainline,Not reported,Co Rd B35/185TH ST,Secondary Road,Not Indicated as an Intersection,Property Damage Only,10250,Operating vehicle in an reckless, erratic, careless, negligent manner,Alcohol (Statutory),27,>= 25 and <= 29,Female
20191132553,2019023945,20190903,4595691,342946,14:58,Tuesday,Cass,Interstate,80,Eastbound (EB),Mainline,Not reported,I-80,Interstate,Not Indicated as an Intersection,Possible/Unknown Injury Crash,20000,Lost control,Alcohol (Statutory),33,>= 30 and <= 34,Male
20191132553,2019023945,20190903,4595691,342946,14:58,Tuesday,Cass,Interstate,80,Eastbound (EB),Mainline,Not reported,I-80,Interstate,Not Indicated as an Intersection,Possible/Unknown Injury Crash,20000,Lost control,Alcohol (Statutory),23,>= 21 and <= 24,Male
20191132574,2019024428,20190909,4594778,382135,16:49,Monday,Adair,Interstate,80,Westbound (WB),Mainline,Not reported,I-80,Interstate,Not Indicated as an Intersection,Property Damage Only,4000,Ran off road - right,Alcohol (Statutory),42,>= 40 and <= 44,Female
20191132605,S19-12055,20190901,4701813,226695,08:02,Sunday,Woodbury,Local Road,9999,Unknown - Not Indicated - Unlocated,Mainline,Not reported,ELK CREEK RD,Secondary Road,Not Indicated as an Intersection,Possible/Unknown Injury Crash,26000,Ran off road - left,Alcohol (Statutory),34,>= 30 and <= 34,Male
20191132615,I19100042,20190909,4730554,465859,23:57,Monday,Franklin,Interstate,35,Southbound (SB),Mainline,Not reported,I-35,Interstate,Not Indicated as an Intersection,Suspected Minor Injury Crash,5000,Lost control,Alcohol (Statutory),34,>= 30 and <= 34,Not reported
20191132650,2019-24761,20190907,4600397,707613,19:26,Saturday,Scott,Local Road,9999,Unknown - Not Indicated - Unlocated,Mainline,Not reported,MISSISSIPPI BLVD & 15TH ST,Municipal Road,Municipal - Municipal,Property Damage Only,2350,Lost control,Alcohol (Statutory),26,>= 25 and <= 29,Male
20191132668,2019-75959,20190910,4602071,699295,22:30,Tuesday,Scott,Local Road,9999,Unknown - Not Indicated - Unlocated,Mainline,Not reported,W CENTRAL PARK AVE & HICKORY GROVE RD,Municipal Road,Municipal - Municipal,Suspected Minor Injury Crash,7500,Ran traffic signal,Refused,19,= 19,Male
20191132668,2019-75959,20190910,4602071,699295,22:30,Tuesday,Scott,Local Road,9999,Unknown - Not Indicated - Unlocated,Mainline,Not reported,W CENTRAL PARK AVE & HICKORY GROVE RD,Municipal Road,Municipal - Municipal,Suspected Minor Injury Crash,7500,Ran traffic signal,Refused,35,>= 35 and <= 39,Female
20191132672,19-005023,20190905,4616960,450032,23:02,Thursday,Polk,US Route,69,Southbound (SB),Mainline,Not reported,US 69/S ANKENY BLVD/N 14TH ST & IA 160/SW ORALABOR RD/SE ORALABOR RD,US Route,US Route - IA Route,Property Damage Only,10000,Ran traffic signal,Alcohol (< Statutory),22,>= 21 and <= 24,Male
20191132672,19-005023,20190905,4616960,450032,23:02,Thursday,Polk,US Route,69,Southbound (SB),Mainline,Not reported,US 69/S ANKENY BLVD/N 14TH ST & IA 160/SW ORALABOR RD/SE ORALABOR RD,US Route,US Route - IA Route,Property Damage Only,10000,Ran traffic signal,Alcohol (< Statutory),31,>= 30 and <= 34,Male
20191132819,19-25064,20190910,4603415,709851,18:37,Tuesday,Scott,Local Road,9999,Unknown - Not Indicated - Unlocated,Mainline,Not reported,MAPLECREST RD & DEVILS GLEN RD,Municipal Road,Municipal - Municipal,Suspected Serious Injury Crash,10000,Lost control,Refused,69,>= 65 and <= 69,Male
20191132843,19006652,20190630,4721927,422828,16:30,Sunday,Wright,Local Road,9999,Unknown - Not Indicated - Unlocated,Mainline,Not reported,BUCHANAN AVE,Secondary Road,Not Indicated as an Intersection,Suspected Minor Injury Crash,20000,Driver Distraction:  Other interior distraction,Refused,23,>= 21 and <= 24,Male
20191132851,201913755,20190825,4645559,610121,04:59,Sunday,Linn,Interstate,380,Ramp,Ramp,Not reported,I-380,Interstate,Not Indicated as an Intersection,Property Damage Only,18336,Animal,Alcohol (Statutory),27,>= 25 and <= 29,Male
20191132852,201913797,20190825,4653793,612708,21:20,Sunday,Linn,Iowa Route,100,Westbound (WB),Mainline,Not reported,IA 100/COLLINS RD NE & C AVE NE,Iowa Route,IA Route - Municipal,Property Damage Only,7000,Ran traffic signal,Under Influence of Alcohol/Drugs/Medications,74,>= 70 and <= 74,Male
20191132852,201913797,20190825,4653793,612708,21:20,Sunday,Linn,Iowa Route,100,Westbound (WB),Mainline,Not reported,IA 100/COLLINS RD NE & C AVE NE,Iowa Route,IA Route - Municipal,Property Damage Only,7000,Ran traffic signal,Under Influence of Alcohol/Drugs/Medications,20,= 20,Male
20191132901,19-0534,20190911,4700109,412962,01:55,Wednesday,Webster,Farm to Market Route,9999,Unknown - Not Indicated - Unlocated,Mainline,Not reported,Co Rd P6D/SWALLOW AVE,Secondary Road,Not Indicated as an Intersection,Possible/Unknown Injury Crash,12750,Ran off road - straight,Alcohol (Statutory),36,>= 35 and <= 39,Male
20191132908,2019024312,20190907,4628724,452615,23:08,Saturday,Polk,Interstate,35,Northbound (NB),Mainline,Not reported,I-35,Interstate,Not Indicated as an Intersection,Possible/Unknown Injury Crash,16000,Operating vehicle in an reckless, erratic, careless, negligent manner,Alcohol (Statutory),26,>= 25 and <= 29,Male
20191132908,2019024312,20190907,4628724,452615,23:08,Saturday,Polk,Interstate,35,Northbound (NB),Mainline,Not reported,I-35,Interstate,Not Indicated as an Intersection,Possible/Unknown Injury Crash,16000,Operating vehicle in an reckless, erratic, careless, negligent manner,Alcohol (Statutory),58,>= 55 and <= 59,Female
20191133020,201914203,20190901,4648703,610838,23:51,Sunday,Linn,Iowa Route,922,No Travel Direction Consistent with Route,Mainline,Not reported,IA 922/1ST AVE E & 8TH ST SE & 8TH ST NE,Iowa Route,IA Route - Municipal,Possible/Unknown Injury Crash,3000,Followed too close,Alcohol (Statutory),25,>= 25 and <= 29,Male
20191133020,201914203,20190901,4648703,610838,23:51,Sunday,Linn,Iowa Route,922,No Travel Direction Consistent with Route,Mainline,Not reported,IA 922/1ST AVE E & 8TH ST SE & 8TH ST NE,Iowa Route,IA Route - Municipal,Possible/Unknown Injury Crash,3000,Followed too close,Alcohol (Statutory),33,>= 30 and <= 34,Not reported
20191133052,CLP19002726,20190815,4635133,732166,22:15,Thursday,Clinton,Local Road,9999,Unknown - Not Indicated - Unlocated,Mainline,Not reported,S 8TH ST,Municipal Road,Not Indicated as an Intersection,Property Damage Only,4000,Lost control,Under Influence of Alcohol/Drugs/Medications,200,,Not reported
20191133052,CLP19002726,20190815,4635133,732166,22:15,Thursday,Clinton,Local Road,9999,Unknown - Not Indicated - Unlocated,Mainline,Not reported,S 8TH ST,Municipal Road,Not Indicated as an Intersection,Property Damage Only,4000,Lost control,Under Influence of Alcohol/Drugs/Medications,43,>= 40 and <= 44,Male
20191133054,CLP19003055,20190912,4637606,731186,23:46,Thursday,Clinton,Local Road,9999,Unknown - Not Indicated - Unlocated,Mainline,Not reported,11TH AVE N,Municipal Road,Not Indicated as an Intersection,Property Damage Only,8500,Ran off road - left,Alcohol (Statutory),38,>= 35 and <= 39,Not reported
20191133073,20190028811,20190913,4608277,449974,01:53,Friday,Polk,US Route,69,Northbound (NB),Mainline,Not reported,US 69/E 14TH ST,US Route,Not Indicated as an Intersection,Suspected Serious Injury Crash,40200,Exceeded authorized speed,Alcohol (Statutory),31,>= 30 and <= 34,Male
20191133084,19004481,20190907,4652105,445976,00:56,Saturday,Story,Local Road,9999,Unknown - Not Indicated - Unlocated,Mainline,Not reported,KNAPP ST,Municipal Road,Not Indicated as an Intersection,Possible/Unknown Injury Crash,15000,Lost control,Alcohol (Statutory),200,,Not reported
20191133084,19004481,20190907,4652105,445976,00:56,Saturday,Story,Local Road,9999,Unknown - Not Indicated - Unlocated,Mainline,Not reported,KNAPP ST,Municipal Road,Not Indicated as an Intersection,Possible/Unknown Injury Crash,15000,Lost control,Alcohol (Statutory),200,,Not reported
20191133084,19004481,20190907,4652105,445976,00:56,Saturday,Story,Local Road,9999,Unknown - Not Indicated - Unlocated,Mainline,Not reported,KNAPP ST,Municipal Road,Not Indicated as an Intersection,Possible/Unknown Injury Crash,15000,Lost control,Alcohol (Statutory),20,= 20,Female
20191133101,S19-002348,20190912,4598593,270688,14:05,Thursday,Pottawattamie,Farm to Market Route,9999,Unknown - Not Indicated - Unlocated,Mainline,Not reported,Co Rd L34/YORK RD,Secondary Road,Not Indicated as an Intersection,Suspected Serious Injury Crash,12000,Ran off road - right,Alcohol (Statutory),29,>= 25 and <= 29,Male
20191133214,19009526,20190912,4713628,430543,16:48,Thursday,Wright,Farm to Market Route,9999,Unknown - Not Indicated - Unlocated,Mainline,Not reported,330TH ST,Secondary Road,Not Indicated as an Intersection,Possible/Unknown Injury Crash,6000,FTYROW:  From stop sign,Refused,76,>= 75 and <= 79,Male
20191133214,19009526,20190912,4713628,430543,16:48,Thursday,Wright,Farm to Market Route,9999,Unknown - Not Indicated - Unlocated,Mainline,Not reported,330TH ST,Secondary Road,Not Indicated as an Intersection,Possible/Unknown Injury Crash,6000,FTYROW:  From stop sign,Refused,32,>= 30 and <= 34,Female
20191133220,19009059,20190830,4716307,456601,16:30,Friday,Wright,Farm to Market Route,9999,Unknown - Not Indicated - Unlocated,Mainline,Not reported,Co Rd R75/DOWS WILLIAMS RD,Secondary Road,Not Indicated as an Intersection,Possible/Unknown Injury Crash,6000,Ran off road - left,Alcohol (Statutory),29,>= 25 and <= 29,Male
20191133224,20190029036,20190913,4607132,454857,18:34,Friday,Polk,Local Road,9999,Unknown - Not Indicated - Unlocated,Mainline,Not reported,E 38TH ST,Municipal Road,Not Indicated as an Intersection,Property Damage Only,2500,Operating vehicle in an reckless, erratic, careless, negligent manner,Alcohol (Statutory),200,,Not reported
20191133224,20190029036,20190913,4607132,454857,18:34,Friday,Polk,Local Road,9999,Unknown - Not Indicated - Unlocated,Mainline,Not reported,E 38TH ST,Municipal Road,Not Indicated as an Intersection,Property Damage Only,2500,Operating vehicle in an reckless, erratic, careless, negligent manner,Alcohol (Statutory),53,>= 50 and <= 54,Female
20191133231,MC1903635,20190902,4777088,482847,01:48,Monday,Cerro Gordo,Local Road,9999,Unknown - Not Indicated - Unlocated,Mainline,Not reported,6TH ST SW,Municipal Road,Not Indicated as an Intersection,Suspected Minor Injury Crash,15000,Failed to keep in proper lane,Alcohol (Statutory),42,>= 40 and <= 44,Male
20191133231,MC1903635,20190902,4777088,482847,01:48,Monday,Cerro Gordo,Local Road,9999,Unknown - Not Indicated - Unlocated,Mainline,Not reported,6TH ST SW,Municipal Road,Not Indicated as an Intersection,Suspected Minor Injury Crash,15000,Failed to keep in proper lane,Alcohol (Statutory),200,,Not reported
20191133241,19-6785,20190913,4608753,463291,23:25,Friday,Polk,Farm to Market Route,9999,Unknown - Not Indicated - Unlocated,Mainline,Not reported,NE 38TH AVE,Secondary Road,Not Indicated as an Intersection,Property Damage Only,10000,Other,Alcohol (Statutory),72,>= 70 and <= 74,Male
20191133241,19-6785,20190913,4608753,463291,23:25,Friday,Polk,Farm to Market Route,9999,Unknown - Not Indicated - Unlocated,Mainline,Not reported,NE 38TH AVE,Secondary Road,Not Indicated as an Intersection,Property Damage Only,10000,Other,Alcohol (Statutory),30,>= 30 and <= 34,Male
20191133303,PD19-02435,20190914,4654832,506059,13:06,Saturday,Marshall,Local Road,9999,Unknown - Not Indicated - Unlocated,Mainline,Not reported,W BOONE ST,Municipal Road,Not Indicated as an Intersection,Property Damage Only,14060,Operating vehicle in an reckless, erratic, careless, negligent manner,Refused,29,>= 25 and <= 29,Male
20191133303,PD19-02435,20190914,4654832,506059,13:06,Saturday,Marshall,Local Road,9999,Unknown - Not Indicated - Unlocated,Mainline,Not reported,W BOONE ST,Municipal Road,Not Indicated as an Intersection,Property Damage Only,14060,Operating vehicle in an reckless, erratic, careless, negligent manner,Refused,200,,Not reported
20191133332,20190029187,20190915,4603886,448185,00:48,Sunday,Polk,Local Road,9999,Unknown - Not Indicated - Unlocated,Mainline,Not reported,4TH ST,Municipal Road,Not Indicated as an Intersection,Property Damage Only,3500,Lost control,Alcohol (Statutory),200,,Not reported
20191133332,20190029187,20190915,4603886,448185,00:48,Sunday,Polk,Local Road,9999,Unknown - Not Indicated - Unlocated,Mainline,Not reported,4TH ST,Municipal Road,Not Indicated as an Intersection,Property Damage Only,3500,Lost control,Alcohol (Statutory),19,= 19,Male
20191133332,20190029187,20190915,4603886,448185,00:48,Sunday,Polk,Local Road,9999,Unknown - Not Indicated - Unlocated,Mainline,Not reported,4TH ST,Municipal Road,Not Indicated as an Intersection,Property Damage Only,3500,Lost control,Alcohol (Statutory),200,,Not reported
20191133336,19-04887,20190915,4604789,438163,01:25,Sunday,Polk,Interstate,235,Westbound (WB),Mainline,Not reported,I-235,Interstate,Not Indicated as an Intersection,Suspected Minor Injury Crash,17000,Lost control,Alcohol (Statutory),22,>= 21 and <= 24,Male
20191133337,19-0000915,20190915,4762962,229390,04:00,Sunday,Sioux,Local Road,9999,Unknown - Not Indicated - Unlocated,Mainline,Not reported,MAIN ST,Municipal Road,Not Indicated as an Intersection,Property Damage Only,7000,Driving too fast for conditions,Alcohol (Statutory),19,= 19,Male
20191133337,19-0000915,20190915,4762962,229390,04:00,Sunday,Sioux,Local Road,9999,Unknown - Not Indicated - Unlocated,Mainline,Not reported,MAIN ST,Municipal Road,Not Indicated as an Intersection,Property Damage Only,7000,Driving too fast for conditions,Alcohol (Statutory),200,,Not reported
20191133374,201903244,20190914,4636297,618713,22:45,Saturday,Linn,Local Road,9999,Unknown - Not Indicated - Unlocated,Mainline,Not reported,SUNRISE DR,Municipal Road,Not Indicated as an Intersection,Suspected Minor Injury Crash,200,Operating vehicle in an reckless, erratic, careless, negligent manner,Alcohol (Statutory),37,>= 35 and <= 39,Male
20191133383,19014242,20190915,4625803,654920,02:56,Sunday,Cedar,Local Road,9999,Unknown - Not Indicated - Unlocated,Mainline,Not reported,4TH ST,Municipal Road,Not Indicated as an Intersection,Property Damage Only,10000,Crossed centerline (undivided),Alcohol (Statutory),200,,Not reported