Case Number,Law Enforcement Case Number,Date of Crash,Y-Coordinate (UTM NAD 83 Zone 15),X-Coordinate (UTM NAD 83 Zone 15),Time,Day of Week,County,Road System,Route,Cardinal Direction of Vehicles,Mainline or Ramp,Overpass/Underpass Information,Derived Literal Description,Road Classification,Intersection Class,Crash Severity,Amount of Property Damage,Major Cause,Drug or Alcohol Related,Driver Age,Driver Age - 5 year Bins,Driver Gender
20191133383,19014242,20190915,4625803,654920,02:56,Sunday,Cedar,Local Road,9999,Unknown - Not Indicated - Unlocated,Mainline,Not reported,4TH ST,Municipal Road,Not Indicated as an Intersection,Property Damage Only,10000,Crossed centerline (undivided),Alcohol (Statutory),29,>= 25 and <= 29,Female
20191133437,20190029257,20190915,4606058,451714,23:40,Sunday,Polk,Interstate,235,No Travel Direction Consistent with Route,Mainline,Not reported,I-235,Interstate,Not Indicated as an Intersection,Possible/Unknown Injury Crash,8010,Lost control,Alcohol (Statutory),31,>= 30 and <= 34,Not reported
20191133486,196225,20190903,4708488,363040,08:40,Tuesday,Calhoun,Iowa Route,7,Eastbound (EB),Mainline,Not reported,IA 7/190TH ST,Iowa Route,Not Indicated as an Intersection,Possible/Unknown Injury Crash,3000,Lost control,Alcohol (Statutory),58,>= 55 and <= 59,Male
20191133492,2019-005989,20190810,4708743,691227,03:04,Saturday,Dubuque,Local Road,9999,Unknown - Not Indicated - Unlocated,Mainline,Not reported,W LOCUST ST,Municipal Road,Not Indicated as an Intersection,Property Damage Only,17000,Lost control,Alcohol (Statutory),200,,Not reported
20191133492,2019-005989,20190810,4708743,691227,03:04,Saturday,Dubuque,Local Road,9999,Unknown - Not Indicated - Unlocated,Mainline,Not reported,W LOCUST ST,Municipal Road,Not Indicated as an Intersection,Property Damage Only,17000,Lost control,Alcohol (Statutory),200,,Not reported
20191133492,2019-005989,20190810,4708743,691227,03:04,Saturday,Dubuque,Local Road,9999,Unknown - Not Indicated - Unlocated,Mainline,Not reported,W LOCUST ST,Municipal Road,Not Indicated as an Intersection,Property Damage Only,17000,Lost control,Alcohol (Statutory),200,,Not reported
20191133492,2019-005989,20190810,4708743,691227,03:04,Saturday,Dubuque,Local Road,9999,Unknown - Not Indicated - Unlocated,Mainline,Not reported,W LOCUST ST,Municipal Road,Not Indicated as an Intersection,Property Damage Only,17000,Lost control,Alcohol (Statutory),28,>= 25 and <= 29,Male
20191133520,CG1901449,20190914,4787740,477511,05:50,Saturday,Cerro Gordo,Farm to Market Route,9999,Unknown - Not Indicated - Unlocated,Mainline,Not reported,Co Rd B15/330TH ST,Secondary Road,Not Indicated as an Intersection,Suspected Minor Injury Crash,500,Driver Distraction:  Inattentive/lost in thought,Refused,23,>= 21 and <= 24,Female
20191133534,19-4255,20190913,4660777,607447,17:29,Friday,Linn,Interstate,380,Ramp,Ramp,Not reported,I-380,Interstate,Not Indicated as an Intersection,Property Damage Only,3000,Operating vehicle in an reckless, erratic, careless, negligent manner,Alcohol (Statutory),32,>= 30 and <= 34,Male
20191133534,19-4255,20190913,4660777,607447,17:29,Friday,Linn,Interstate,380,Ramp,Ramp,Not reported,I-380,Interstate,Not Indicated as an Intersection,Property Damage Only,3000,Operating vehicle in an reckless, erratic, careless, negligent manner,Alcohol (Statutory),28,>= 25 and <= 29,Male
20191133544,201900011342,20190909,4634591,408121,20:10,Monday,Dallas,Local Road,9999,Unknown - Not Indicated - Unlocated,Mainline,Not reported,GRACELAND AVE,Municipal Road,Not Indicated as an Intersection,Property Damage Only,6000,Improper backing,Alcohol (Statutory),32,>= 30 and <= 34,Male
20191133544,201900011342,20190909,4634591,408121,20:10,Monday,Dallas,Local Road,9999,Unknown - Not Indicated - Unlocated,Mainline,Not reported,GRACELAND AVE,Municipal Road,Not Indicated as an Intersection,Property Damage Only,6000,Improper backing,Alcohol (Statutory),200,,Not reported
20191133556,201900011574,20190913,4615516,429006,23:06,Friday,Dallas,Iowa Route,44,Eastbound (EB),Mainline,Not reported,IA 44/240TH ST & Co Rd R30/W AVE,Iowa Route,IA Route - Secondary,Property Damage Only,50000,FTYROW:  From stop sign,Alcohol (Statutory),51,>= 50 and <= 54,Male
20191133556,201900011574,20190913,4615516,429006,23:06,Friday,Dallas,Iowa Route,44,Eastbound (EB),Mainline,Not reported,IA 44/240TH ST & Co Rd R30/W AVE,Iowa Route,IA Route - Secondary,Property Damage Only,50000,FTYROW:  From stop sign,Alcohol (Statutory),21,>= 21 and <= 24,Male
20191133573,19-0784,20190914,4605836,441358,17:31,Saturday,Polk,Iowa Route,28,Both North and South,Mainline,Not reported,IA 28/63RD ST,Iowa Route,Not Indicated as an Intersection,Property Damage Only,23000,Driver Distraction:  Manual operation of an electronic communication device,Refused,30,>= 30 and <= 34,Male
20191133573,19-0784,20190914,4605836,441358,17:31,Saturday,Polk,Iowa Route,28,Both North and South,Mainline,Not reported,IA 28/63RD ST,Iowa Route,Not Indicated as an Intersection,Property Damage Only,23000,Driver Distraction:  Manual operation of an electronic communication device,Refused,71,>= 70 and <= 74,Female
20191133578,20190029299,20190916,4602178,450232,10:50,Monday,Polk,US Route,69,Both North and South,Mainline,Not reported,US 69/SE 14TH ST & E HARTFORD AVE,US Route,US Route - Municipal,Property Damage Only,10000,FTYROW:  Making left turn,Refused,35,>= 35 and <= 39,Male
20191133578,20190029299,20190916,4602178,450232,10:50,Monday,Polk,US Route,69,Both North and South,Mainline,Not reported,US 69/SE 14TH ST & E HARTFORD AVE,US Route,US Route - Municipal,Property Damage Only,10000,FTYROW:  Making left turn,Refused,70,>= 70 and <= 74,Male
20191133606,201913856,20190826,4647385,613133,18:47,Monday,Linn,Local Road,9999,Unknown - Not Indicated - Unlocated,Mainline,Not reported,MCCARTHY RD SE,Municipal Road,Not Indicated as an Intersection,Suspected Minor Injury Crash,5400,Operating vehicle in an reckless, erratic, careless, negligent manner,Refused,37,>= 35 and <= 39,Male
20191133631,201914893,20190913,4649419,611935,17:15,Friday,Linn,Local Road,9999,Unknown - Not Indicated - Unlocated,Mainline,Not reported,2ND AVE SE & 16TH ST SE,Municipal Road,Municipal - Municipal,Property Damage Only,5500,Ran stop sign,Refused,38,>= 35 and <= 39,Female
20191133631,201914893,20190913,4649419,611935,17:15,Friday,Linn,Local Road,9999,Unknown - Not Indicated - Unlocated,Mainline,Not reported,2ND AVE SE & 16TH ST SE,Municipal Road,Municipal - Municipal,Property Damage Only,5500,Ran stop sign,Refused,56,>= 55 and <= 59,Female
20191133683,201914849 HR,20190912,4656363,612663,23:05,Thursday,Linn,Farm to Market Route,9999,Unknown - Not Indicated - Unlocated,Mainline,Not reported,74TH ST NE & C AVE NE,Municipal Road,Municipal - Municipal,Property Damage Only,4100,Driving too fast for conditions,Alcohol (Statutory),23,>= 21 and <= 24,Male
20191133688,201915011,20190915,4649397,609160,21:43,Sunday,Linn,Farm to Market Route,9999,Unknown - Not Indicated - Unlocated,Mainline,Not reported,O AVE NW & ELLIS BLVD NW,Municipal Road,Municipal - Municipal,Property Damage Only,9500,Other,Alcohol (Statutory),22,>= 21 and <= 24,Male
20191133696,19-6868,20190916,4622345,463027,23:36,Monday,Polk,Local Road,9999,Unknown - Not Indicated - Unlocated,Mainline,Not reported,NE 80TH ST,Secondary Road,Not Indicated as an Intersection,Possible/Unknown Injury Crash,15000,Lost control,Under Influence of Alcohol/Drugs/Medications,28,>= 25 and <= 29,Male
20191133790,19-08206,20190622,4666321,648832,20:38,Saturday,Jones,Farm to Market Route,9999,Unknown - Not Indicated - Unlocated,Mainline,Not reported,Co Rd E23/CO HOME RD E-23,Secondary Road,Not Indicated as an Intersection,Suspected Serious Injury Crash,11000,Crossed centerline (undivided),Alcohol (Statutory),44,>= 40 and <= 44,Male
20191133790,19-08206,20190622,4666321,648832,20:38,Saturday,Jones,Farm to Market Route,9999,Unknown - Not Indicated - Unlocated,Mainline,Not reported,Co Rd E23/CO HOME RD E-23,Secondary Road,Not Indicated as an Intersection,Suspected Serious Injury Crash,11000,Crossed centerline (undivided),Alcohol (Statutory),19,= 19,Male
20191133832,19-013526,20190917,4740732,203665,01:15,Tuesday,Plymouth,Iowa Route,3,Eastbound (EB),Mainline,Not reported,IA 3/IOWA 3,Iowa Route,Not Indicated as an Intersection,Property Damage Only,8000,Ran off road - left,Alcohol (Statutory),25,>= 25 and <= 29,Male
20191133908,MC1903844,20190916,4774915,483134,06:32,Monday,Cerro Gordo,Local Road,9999,Unknown - Not Indicated - Unlocated,Mainline,Not reported,S JEFFERSON AVE,Municipal Road,Not Indicated as an Intersection,Property Damage Only,13000,Operating vehicle in an reckless, erratic, careless, negligent manner,Alcohol (Statutory),24,>= 21 and <= 24,Male
20191133908,MC1903844,20190916,4774915,483134,06:32,Monday,Cerro Gordo,Local Road,9999,Unknown - Not Indicated - Unlocated,Mainline,Not reported,S JEFFERSON AVE,Municipal Road,Not Indicated as an Intersection,Property Damage Only,13000,Operating vehicle in an reckless, erratic, careless, negligent manner,Alcohol (Statutory),200,,Not reported
20191133908,MC1903844,20190916,4774915,483134,06:32,Monday,Cerro Gordo,Local Road,9999,Unknown - Not Indicated - Unlocated,Mainline,Not reported,S JEFFERSON AVE,Municipal Road,Not Indicated as an Intersection,Property Damage Only,13000,Operating vehicle in an reckless, erratic, careless, negligent manner,Alcohol (Statutory),200,,Not reported
20191134007,19-13860,20190918,4769830,321596,04:18,Wednesday,Clay,Farm to Market Route,9999,Unknown - Not Indicated - Unlocated,Mainline,Not reported,200TH AVE,Secondary Road,Not Indicated as an Intersection,Property Damage Only,3500,Ran off road - right,Refused,24,>= 21 and <= 24,Male
20191134038,19-320913-03,20190913,4603959,582996,18:05,Friday,Iowa,Iowa Route,149,Southbound (SB),Mainline,Not reported,IA 149/CLEVELAND ST & HATTER AVE,Iowa Route,IA Route - Secondary,Suspected Minor Injury Crash,30000,Exceeded authorized speed,Refused,27,>= 25 and <= 29,Female
20191134054,19-014959,20190918,4571734,260959,18:24,Wednesday,Pottawattamie,Local Road,9999,Unknown - Not Indicated - Unlocated,Mainline,Not reported,BROADWAY KANESVILLE CONN,Municipal Road,Not Indicated as an Intersection,Property Damage Only,2000,Failed to keep in proper lane,Alcohol (Statutory),82,>= 80 and <= 84,Female
20191134054,19-014959,20190918,4571734,260959,18:24,Wednesday,Pottawattamie,Local Road,9999,Unknown - Not Indicated - Unlocated,Mainline,Not reported,BROADWAY KANESVILLE CONN,Municipal Road,Not Indicated as an Intersection,Property Damage Only,2000,Failed to keep in proper lane,Alcohol (Statutory),51,>= 50 and <= 54,Male
20191134091,19076077,20190915,4708283,545431,01:20,Sunday,Black Hawk,Local Road,9999,Unknown - Not Indicated - Unlocated,Mainline,Not reported,WASHINGTON ST,Municipal Road,Not Indicated as an Intersection,Suspected Minor Injury Crash,27300,Operating vehicle in an reckless, erratic, careless, negligent manner,Alcohol (Statutory),39,>= 35 and <= 39,Male
20191134091,19076077,20190915,4708283,545431,01:20,Sunday,Black Hawk,Local Road,9999,Unknown - Not Indicated - Unlocated,Mainline,Not reported,WASHINGTON ST,Municipal Road,Not Indicated as an Intersection,Suspected Minor Injury Crash,27300,Operating vehicle in an reckless, erratic, careless, negligent manner,Alcohol (Statutory),200,,Not reported
20191134091,19076077,20190915,4708283,545431,01:20,Sunday,Black Hawk,Local Road,9999,Unknown - Not Indicated - Unlocated,Mainline,Not reported,WASHINGTON ST,Municipal Road,Not Indicated as an Intersection,Suspected Minor Injury Crash,27300,Operating vehicle in an reckless, erratic, careless, negligent manner,Alcohol (Statutory),200,,Not reported
20191134091,19076077,20190915,4708283,545431,01:20,Sunday,Black Hawk,Local Road,9999,Unknown - Not Indicated - Unlocated,Mainline,Not reported,WASHINGTON ST,Municipal Road,Not Indicated as an Intersection,Suspected Minor Injury Crash,27300,Operating vehicle in an reckless, erratic, careless, negligent manner,Alcohol (Statutory),200,,Not reported
20191134095,19-001177,20190918,4574811,256177,22:11,Wednesday,Pottawattamie,Local Road,9999,Unknown - Not Indicated - Unlocated,Mainline,Not reported,JANBROOK BLVD,Municipal Road,Not Indicated as an Intersection,Property Damage Only,5800,Swerving/Evasive Action,Alcohol (Statutory),28,>= 25 and <= 29,Female
20191134183,19-13989,20190919,4809034,329766,00:41,Thursday,Dickinson,Local Road,9999,Unknown - Not Indicated - Unlocated,Mainline,Not reported,28TH ST,Municipal Road,Not Indicated as an Intersection,Possible/Unknown Injury Crash,27000,Operating vehicle in an reckless, erratic, careless, negligent manner,Refused,200,,Not reported
20191134183,19-13989,20190919,4809034,329766,00:41,Thursday,Dickinson,Local Road,9999,Unknown - Not Indicated - Unlocated,Mainline,Not reported,28TH ST,Municipal Road,Not Indicated as an Intersection,Possible/Unknown Injury Crash,27000,Operating vehicle in an reckless, erratic, careless, negligent manner,Refused,35,>= 35 and <= 39,Male
20191134193,19-29975,20190908,4710595,221506,20:04,Sunday,Woodbury,Local Road,9999,Unknown - Not Indicated - Unlocated,Mainline,Not reported,7TH ST & STEUBEN ST,Municipal Road,Municipal - Municipal,Possible/Unknown Injury Crash,38000,Ran off road - right,Under Influence of Alcohol/Drugs/Medications,200,,Not reported
20191134209,19-34782,20190919,4605139,714891,10:49,Thursday,Scott,US Route,67,Southbound (SB),Mainline,Not reported,US 67/GREAT RIVER RD,US Route,Not Indicated as an Intersection,Suspected Minor Injury Crash,600,Ran off road - right,Refused,52,>= 50 and <= 54,Male
20191134215,19-13998,20190919,4809036,329635,00:41,Thursday,Dickinson,Local Road,9999,Unknown - Not Indicated - Unlocated,Mainline,Not reported,28TH ST,Municipal Road,Not Indicated as an Intersection,Possible/Unknown Injury Crash,20500,Operating vehicle in an reckless, erratic, careless, negligent manner,Refused,35,>= 35 and <= 39,Male
20191134215,19-13998,20190919,4809036,329635,00:41,Thursday,Dickinson,Local Road,9999,Unknown - Not Indicated - Unlocated,Mainline,Not reported,28TH ST,Municipal Road,Not Indicated as an Intersection,Possible/Unknown Injury Crash,20500,Operating vehicle in an reckless, erratic, careless, negligent manner,Refused,200,,Not reported
20191134305,19-5893,20190811,4610126,448368,01:38,Sunday,Polk,Iowa Route,415,Northbound (NB),Mainline,Not reported,IA 415/2ND AVE,Iowa Route,Not Indicated as an Intersection,Suspected Minor Injury Crash,7000,Made improper turn,Alcohol (Statutory),56,>= 55 and <= 59,Male
20191134305,19-5893,20190811,4610126,448368,01:38,Sunday,Polk,Iowa Route,415,Northbound (NB),Mainline,Not reported,IA 415/2ND AVE,Iowa Route,Not Indicated as an Intersection,Suspected Minor Injury Crash,7000,Made improper turn,Alcohol (Statutory),29,>= 25 and <= 29,Female
20191134322,20190029642,20190919,4601208,448197,03:20,Thursday,Polk,Local Road,9999,Unknown - Not Indicated - Unlocated,Mainline,Not reported,LOOMIS AVE,Municipal Road,Not Indicated as an Intersection,Property Damage Only,10500,Equipment failure,Under Influence of Alcohol/Drugs/Medications,44,>= 40 and <= 44,Male
20191134337,2019-002778,20190914,4718693,682245,01:08,Saturday,Dubuque,Farm to Market Route,9999,Unknown - Not Indicated - Unlocated,Mainline,Not reported,Co Rd C9Y/SHERRILL RD,Secondary Road,Not Indicated as an Intersection,Property Damage Only,3600,Ran off road - right,Alcohol (Statutory),31,>= 30 and <= 34,Female
20191134356,19-29747,20190906,4710247,220812,22:53,Friday,Woodbury,Local Road,9999,Unknown - Not Indicated - Unlocated,Mainline,Not reported,4TH ST,Municipal Road,Not Indicated as an Intersection,Property Damage Only,1500,Driver Distraction:  Inattentive/lost in thought,Alcohol (Statutory),23,>= 21 and <= 24,Not reported
20191134356,19-29747,20190906,4710247,220812,22:53,Friday,Woodbury,Local Road,9999,Unknown - Not Indicated - Unlocated,Mainline,Not reported,4TH ST,Municipal Road,Not Indicated as an Intersection,Property Damage Only,1500,Driver Distraction:  Inattentive/lost in thought,Alcohol (Statutory),200,,Not reported
20191134358,19-29895,20190908,4711725,219716,04:10,Sunday,Woodbury,Local Road,9999,Unknown - Not Indicated - Unlocated,Mainline,Not reported,16TH ST,Municipal Road,Not Indicated as an Intersection,Property Damage Only,10000,Ran off road - left,Under Influence of Alcohol/Drugs/Medications,200,,Not reported
20191134358,19-29895,20190908,4711725,219716,04:10,Sunday,Woodbury,Local Road,9999,Unknown - Not Indicated - Unlocated,Mainline,Not reported,16TH ST,Municipal Road,Not Indicated as an Intersection,Property Damage Only,10000,Ran off road - left,Under Influence of Alcohol/Drugs/Medications,200,,Not reported
20191134387,2019009447,20190915,4612077,622012,01:52,Sunday,Johnson,Local Road,9999,Unknown - Not Indicated - Unlocated,Mainline,Not reported,E BENTON ST & S CLINTON ST,Municipal Road,Municipal - Municipal,Property Damage Only,4000,Driving too fast for conditions,Refused,20,= 20,Male
20191134401,2019-00886,20190919,4607655,428943,13:12,Thursday,Dallas,Farm to Market Route,9999,Unknown - Not Indicated - Unlocated,Mainline,Not reported,ALICES RD,Municipal Road,Not Indicated as an Intersection,Property Damage Only,1600,FTYROW:  Making left turn,Alcohol (Statutory),21,>= 21 and <= 24,Male
20191134401,2019-00886,20190919,4607655,428943,13:12,Thursday,Dallas,Farm to Market Route,9999,Unknown - Not Indicated - Unlocated,Mainline,Not reported,ALICES RD,Municipal Road,Not Indicated as an Intersection,Property Damage Only,1600,FTYROW:  Making left turn,Alcohol (Statutory),52,>= 50 and <= 54,Female
20191134447,S19-12682,20190915,4683415,234189,00:40,Sunday,Woodbury,Local Road,9999,Unknown - Not Indicated - Unlocated,Mainline,Not reported,Co Rd D65/310TH ST & DELAWARE AVE,Secondary Road,Secondary - Secondary,Property Damage Only,7000,Ran off road - straight,Alcohol (Statutory),45,>= 45 and <= 49,Male
20191134488,19-01405,20190913,4607283,438718,21:14,Friday,Polk,US Route,6,Westbound (WB),Mainline,Not reported,US 6/HICKMAN RD,US Route,Not Indicated as an Intersection,Property Damage Only,1600,Operating vehicle in an reckless, erratic, careless, negligent manner,Alcohol (Statutory),38,>= 35 and <= 39,Male
20191134488,19-01405,20190913,4607283,438718,21:14,Friday,Polk,US Route,6,Westbound (WB),Mainline,Not reported,US 6/HICKMAN RD,US Route,Not Indicated as an Intersection,Property Damage Only,1600,Operating vehicle in an reckless, erratic, careless, negligent manner,Alcohol (Statutory),61,>= 60 and <= 64,Male
20191134511,20190029896,20190921,4606106,449961,00:28,Saturday,Polk,US Route,69,Southbound (SB),Mainline,Not reported,US 69/E 14TH ST & CLEVELAND AVE,US Route,US Route - Municipal,Property Damage Only,5050,Exceeded authorized speed,Alcohol (Statutory),59,>= 55 and <= 59,Male
20191134511,20190029896,20190921,4606106,449961,00:28,Saturday,Polk,US Route,69,Southbound (SB),Mainline,Not reported,US 69/E 14TH ST & CLEVELAND AVE,US Route,US Route - Municipal,Property Damage Only,5050,Exceeded authorized speed,Alcohol (Statutory),26,>= 25 and <= 29,Male
20191134559,2019-78920,20190920,4600746,701521,18:52,Friday,Scott,Local Road,9999,Unknown - Not Indicated - Unlocated,Mainline,Not reported,W 13TH ST & BROWN ST,Municipal Road,Municipal - Municipal,Possible/Unknown Injury Crash,1800,FTYROW:  From parked position,Alcohol (Statutory),54,>= 50 and <= 54,Male
20191134559,2019-78920,20190920,4600746,701521,18:52,Friday,Scott,Local Road,9999,Unknown - Not Indicated - Unlocated,Mainline,Not reported,W 13TH ST & BROWN ST,Municipal Road,Municipal - Municipal,Possible/Unknown Injury Crash,1800,FTYROW:  From parked position,Alcohol (Statutory),200,,Not reported
20191134603,19-32876,20190921,4517850,659027,23:40,Saturday,Des Moines,Farm to Market Route,9999,Unknown - Not Indicated - Unlocated,Mainline,Not reported,PINE ST & SUMMER ST,Municipal Road,Municipal - Municipal,Property Damage Only,5500,Failed to keep in proper lane,Refused,200,,Not reported
20191134603,19-32876,20190921,4517850,659027,23:40,Saturday,Des Moines,Farm to Market Route,9999,Unknown - Not Indicated - Unlocated,Mainline,Not reported,PINE ST & SUMMER ST,Municipal Road,Municipal - Municipal,Property Damage Only,5500,Failed to keep in proper lane,Refused,200,,Not reported
20191134603,19-32876,20190921,4517850,659027,23:40,Saturday,Des Moines,Farm to Market Route,9999,Unknown - Not Indicated - Unlocated,Mainline,Not reported,PINE ST & SUMMER ST,Municipal Road,Municipal - Municipal,Property Damage Only,5500,Failed to keep in proper lane,Refused,27,>= 25 and <= 29,Male
20191134607,20190030007,20190922,4608443,442713,02:58,Sunday,Polk,Local Road,9999,Unknown - Not Indicated - Unlocated,Mainline,Not reported,50TH ST,Municipal Road,Not Indicated as an Intersection,Property Damage Only,4500,Driving too fast for conditions,Alcohol (Statutory),46,>= 45 and <= 49,Female
20191134607,20190030007,20190922,4608443,442713,02:58,Sunday,Polk,Local Road,9999,Unknown - Not Indicated - Unlocated,Mainline,Not reported,50TH ST,Municipal Road,Not Indicated as an Intersection,Property Damage Only,4500,Driving too fast for conditions,Alcohol (Statutory),46,>= 45 and <= 49,Female
20191134620,90-19-313,20190731,4735930,393221,01:40,Wednesday,Humboldt,Local Road,9999,Unknown - Not Indicated - Unlocated,Mainline,Not reported,HAWAII AVE,Secondary Road,Not Indicated as an Intersection,Suspected Minor Injury Crash,4500,Ran off road - left,Alcohol (Statutory),25,>= 25 and <= 29,Male
20191134623,19-040911-02,20190911,4627496,591447,21:30,Wednesday,Iowa,Iowa Route,220,Westbound (WB),Mainline,Not reported,IA 220/220TH TRL,Iowa Route,Not Indicated as an Intersection,Property Damage Only,14453,Operating vehicle in an reckless, erratic, careless, negligent manner,Alcohol (Statutory),43,>= 40 and <= 44,Female
20191134662,19-1087,20190921,4606070,685517,22:23,Saturday,Scott,Local Road,9999,Unknown - Not Indicated - Unlocated,Mainline,Not reported,BRYANT ST,Municipal Road,Not Indicated as an Intersection,Property Damage Only,2700,Driver Distraction:  Passenger,Alcohol (Statutory),200,,Not reported
20191134662,19-1087,20190921,4606070,685517,22:23,Saturday,Scott,Local Road,9999,Unknown - Not Indicated - Unlocated,Mainline,Not reported,BRYANT ST,Municipal Road,Not Indicated as an Intersection,Property Damage Only,2700,Driver Distraction:  Passenger,Alcohol (Statutory),66,>= 65 and <= 69,Female
20191134704,19-14119,20190921,4797658,314353,18:22,Saturday,Dickinson,Farm to Market Route,9999,Unknown - Not Indicated - Unlocated,Mainline,Not reported,Co Rd M34/150TH AVE,Secondary Road,Not Indicated as an Intersection,Suspected Serious Injury Crash,250,Driver Distraction:  Passenger,Refused,35,>= 35 and <= 39,Male
20191134730,2019024752,20190913,4611261,451799,01:57,Friday,Polk,Interstate,35,Ramp,Ramp,Not reported,I-35,Interstate,Interstate - Interstate,Possible/Unknown Injury Crash,3000,Ran off road - left,Refused,31,>= 30 and <= 34,Male
20191134732,2019024913,20190914,4636849,450183,22:10,Saturday,Story,US Route,69,Southbound (SB),Mainline,Not reported,US 69,US Route,Not Indicated as an Intersection,Property Damage Only,7000,Followed too close,Alcohol (Statutory),74,>= 70 and <= 74,Male
20191134732,2019024913,20190914,4636849,450183,22:10,Saturday,Story,US Route,69,Southbound (SB),Mainline,Not reported,US 69,US Route,Not Indicated as an Intersection,Property Damage Only,7000,Followed too close,Alcohol (Statutory),39,>= 35 and <= 39,Female
20191134765,19016073,20190922,4550265,267888,02:39,Sunday,Mills,Farm to Market Route,9999,Unknown - Not Indicated - Unlocated,Mainline,Not reported,Co Rd L35/221ST ST & GOODE AVE,Secondary Road,Secondary - Secondary,Property Damage Only,8500,Operating vehicle in an reckless, erratic, careless, negligent manner,Alcohol (Statutory),25,>= 25 and <= 29,Male
20191134809,I19220829,20190922,4718226,495339,07:43,Sunday,Franklin,Farm to Market Route,9999,Unknown - Not Indicated - Unlocated,Mainline,Not reported,Co Rd S67/WREN AVE,Secondary Road,Not Indicated as an Intersection,Property Damage Only,2500,Operating vehicle in an reckless, erratic, careless, negligent manner,Alcohol (< Statutory),68,>= 65 and <= 69,Male
20191134870,PD1907540,20190922,4538587,587485,03:45,Sunday,Jefferson,Local Road,9999,Unknown - Not Indicated - Unlocated,Mainline,Not reported,E BUCHANAN AVE,Municipal Road,Not Indicated as an Intersection,Suspected Minor Injury Crash,16700,Other,Alcohol (Statutory),200,,Not reported
20191134870,PD1907540,20190922,4538587,587485,03:45,Sunday,Jefferson,Local Road,9999,Unknown - Not Indicated - Unlocated,Mainline,Not reported,E BUCHANAN AVE,Municipal Road,Not Indicated as an Intersection,Suspected Minor Injury Crash,16700,Other,Alcohol (Statutory),28,>= 25 and <= 29,Male
20191134897,2019024904,20190914,4650485,449252,19:11,Saturday,Story,US Route,30,Eastbound (EB),Mainline,Not reported,US 30,US Route,Not Indicated as an Intersection,Suspected Minor Injury Crash,12000,Followed too close,Alcohol (Statutory),24,>= 21 and <= 24,Female
20191134897,2019024904,20190914,4650485,449252,19:11,Saturday,Story,US Route,30,Eastbound (EB),Mainline,Not reported,US 30,US Route,Not Indicated as an Intersection,Suspected Minor Injury Crash,12000,Followed too close,Alcohol (Statutory),27,>= 25 and <= 29,Female
20191134974,PDI20190856,20190818,4618855,522685,02:40,Sunday,Poweshiek,Iowa Route,146,Northbound (NB),Mainline,Not reported,IA 146/WEST ST,Iowa Route,Not Indicated as an Intersection,Suspected Minor Injury Crash,2500,Ran off road - left,Alcohol (Statutory),31,>= 30 and <= 34,Male
20191134991,19023218,20190923,4651352,617980,00:26,Monday,Linn,Local Road,9999,Unknown - Not Indicated - Unlocated,Mainline,Not reported,Co Rd E44/SQUAW RIDGE RD,Secondary Road,Not Indicated as an Intersection,Property Damage Only,5000,Lost control,Under Influence of Alcohol/Drugs/Medications,30,>= 30 and <= 34,Male
20191135116,201914542,20190907,4649336,611634,22:00,Saturday,Linn,Iowa Route,922,No Travel Direction Consistent with Route,Mainline,Not reported,IA 922/1ST AVE E & 15TH ST SE & 15TH ST NE,Iowa Route,IA Route - Municipal,Property Damage Only,2000,Passing:  Other passing,Alcohol (Statutory),29,>= 25 and <= 29,Male
20191135116,201914542,20190907,4649336,611634,22:00,Saturday,Linn,Iowa Route,922,No Travel Direction Consistent with Route,Mainline,Not reported,IA 922/1ST AVE E & 15TH ST SE & 15TH ST NE,Iowa Route,IA Route - Municipal,Property Damage Only,2000,Passing:  Other passing,Alcohol (Statutory),37,>= 35 and <= 39,Male
20191135135,19-35243,20190922,4610173,702936,05:24,Sunday,Scott,Local Road,9999,Unknown - Not Indicated - Unlocated,Mainline,Not reported,BRADY ST,Secondary Road,Not Indicated as an Intersection,Possible/Unknown Injury Crash,9000,Driver Distraction:  Other interior distraction,Refused,25,>= 25 and <= 29,Male
20191135211,2019-002790,20190915,4700269,697561,16:58,Sunday,Dubuque,Farm to Market Route,9999,Unknown - Not Indicated - Unlocated,Mainline,Not reported,MASSEY STATION RD,Secondary Road,Not Indicated as an Intersection,Suspected Serious Injury Crash,8200,Driver Distraction:  Reaching for object(s)/fallen object(s),Refused,66,>= 65 and <= 69,Female
20191135262,2019009403,20190914,4610769,623500,02:36,Saturday,Johnson,Local Road,9999,Unknown - Not Indicated - Unlocated,Mainline,Not reported,DAVIS ST,Municipal Road,Not Indicated as an Intersection,Property Damage Only,5000,Lost control,Alcohol (Statutory),200,,Not reported
20191135262,2019009403,20190914,4610769,623500,02:36,Saturday,Johnson,Local Road,9999,Unknown - Not Indicated - Unlocated,Mainline,Not reported,DAVIS ST,Municipal Road,Not Indicated as an Intersection,Property Damage Only,5000,Lost control,Alcohol (Statutory),29,>= 25 and <= 29,Male