Case Number,Law Enforcement Case Number,Date of Crash,Y-Coordinate (UTM NAD 83 Zone 15),X-Coordinate (UTM NAD 83 Zone 15),Time,Day of Week,County,Road System,Route,Cardinal Direction of Vehicles,Mainline or Ramp,Overpass/Underpass Information,Derived Literal Description,Road Classification,Intersection Class,Crash Severity,Amount of Property Damage,Major Cause,Drug or Alcohol Related,Driver Age,Driver Age - 5 year Bins,Driver Gender
20191135296,2019009713,20190921,4613565,624354,18:28,Saturday,Johnson,Farm to Market Route,9999,Unknown - Not Indicated - Unlocated,Mainline,Not reported,ROCHESTER AVE,Municipal Road,Not Indicated as an Intersection,Property Damage Only,8600,Operating vehicle in an reckless, erratic, careless, negligent manner,Alcohol (Statutory),55,>= 55 and <= 59,Male
20191135310,2019024430,20190909,4539793,586792,17:21,Monday,Jefferson,Local Road,9999,Unknown - Not Indicated - Unlocated,Mainline,Not reported,W ADAMS AVE & S 4TH ST,Municipal Road,Municipal - Municipal,Suspected Minor Injury Crash,18000,Ran stop sign,Alcohol (Statutory),17,= 17,Female
20191135310,2019024430,20190909,4539793,586792,17:21,Monday,Jefferson,Local Road,9999,Unknown - Not Indicated - Unlocated,Mainline,Not reported,W ADAMS AVE & S 4TH ST,Municipal Road,Municipal - Municipal,Suspected Minor Injury Crash,18000,Ran stop sign,Alcohol (Statutory),74,>= 70 and <= 74,Male
20191135397,80-19-318,20190916,4729268,400468,16:50,Monday,Humboldt,Local Road,9999,Unknown - Not Indicated - Unlocated,Mainline,Not reported,11TH AVE S,Municipal Road,Not Indicated as an Intersection,Property Damage Only,4900,Ran off road - left,Alcohol (Statutory),61,>= 60 and <= 64,Male
20191135399,S-IN-19-0318,20190923,4589740,610584,23:45,Monday,Washington,Farm to Market Route,9999,Unknown - Not Indicated - Unlocated,Mainline,Not reported,Co Rd G16/140TH ST,Secondary Road,Not Indicated as an Intersection,Suspected Minor Injury Crash,5000,Driver Distraction:  Other interior distraction,Under Influence of Alcohol/Drugs/Medications,21,>= 21 and <= 24,Male
20191135416,2019025642,20190922,4508906,649685,21:00,Sunday,Lee,US Route,61,Southbound (SB),Mainline,Not reported,US 61,US Route,Not Indicated as an Intersection,Property Damage Only,2300,FTYROW:  From yield sign,Under Influence of Alcohol/Drugs/Medications,31,>= 30 and <= 34,Male
20191135416,2019025642,20190922,4508906,649685,21:00,Sunday,Lee,US Route,61,Southbound (SB),Mainline,Not reported,US 61,US Route,Not Indicated as an Intersection,Property Damage Only,2300,FTYROW:  From yield sign,Under Influence of Alcohol/Drugs/Medications,25,>= 25 and <= 29,Female
20191135455,N19000845,20190916,4621969,615781,14:54,Monday,Johnson,Local Road,9999,Unknown - Not Indicated - Unlocated,Mainline,Not reported,WESTWOOD DR & HWY 965 & HERITAGE DR,Municipal Road,Municipal - Municipal,Property Damage Only,15000,Driver Distraction:  Talking on a hand-held device,Alcohol (Statutory),39,>= 35 and <= 39,Male
20191135455,N19000845,20190916,4621969,615781,14:54,Monday,Johnson,Local Road,9999,Unknown - Not Indicated - Unlocated,Mainline,Not reported,WESTWOOD DR & HWY 965 & HERITAGE DR,Municipal Road,Municipal - Municipal,Property Damage Only,15000,Driver Distraction:  Talking on a hand-held device,Alcohol (Statutory),30,>= 30 and <= 34,Female
20191135474,201915574,20190925,4653955,611064,18:07,Wednesday,Linn,Farm to Market Route,9999,Unknown - Not Indicated - Unlocated,Mainline,Not reported,51ST ST NE & COUNCIL ST NE,Municipal Road,Municipal - Municipal,Suspected Minor Injury Crash,16500,Lost control,Alcohol (Statutory),68,>= 65 and <= 69,Female
20191135474,201915574,20190925,4653955,611064,18:07,Wednesday,Linn,Farm to Market Route,9999,Unknown - Not Indicated - Unlocated,Mainline,Not reported,51ST ST NE & COUNCIL ST NE,Municipal Road,Municipal - Municipal,Suspected Minor Injury Crash,16500,Lost control,Alcohol (Statutory),29,>= 25 and <= 29,Female
20191135501,MC1903826,20190914,4777602,482741,22:08,Saturday,Cerro Gordo,Local Road,9999,Unknown - Not Indicated - Unlocated,Mainline,Not reported,1ST ST SW,Municipal Road,Not Indicated as an Intersection,Possible/Unknown Injury Crash,4000,Ran off road - left,Alcohol (Statutory),61,>= 60 and <= 64,Female
20191135542,CLP19003154,20190920,4636295,732373,21:16,Friday,Clinton,Local Road,9999,Unknown - Not Indicated - Unlocated,Mainline,Not reported,2ND AVE S,Municipal Road,Not Indicated as an Intersection,Property Damage Only,13000,Operating vehicle in an reckless, erratic, careless, negligent manner,Alcohol (Statutory),200,,Not reported
20191135542,CLP19003154,20190920,4636295,732373,21:16,Friday,Clinton,Local Road,9999,Unknown - Not Indicated - Unlocated,Mainline,Not reported,2ND AVE S,Municipal Road,Not Indicated as an Intersection,Property Damage Only,13000,Operating vehicle in an reckless, erratic, careless, negligent manner,Alcohol (Statutory),26,>= 25 and <= 29,Male
20191135544,W19-079701,20190926,4704900,550743,20:31,Thursday,Black Hawk,Local Road,9999,Unknown - Not Indicated - Unlocated,Mainline,Not reported,DOWNING AVE & ELEANOR DR,Municipal Road,Municipal - Municipal,Property Damage Only,4000,99,Alcohol (Statutory),23,>= 21 and <= 24,Male
20191135582,19-32143,20190927,4711025,217087,03:13,Friday,Woodbury,Local Road,9999,Unknown - Not Indicated - Unlocated,Mainline,Not reported,W 4TH ST & CASSELMAN ST,Municipal Road,Municipal - Municipal,Possible/Unknown Injury Crash,2300,Ran stop sign,Alcohol (Statutory),25,>= 25 and <= 29,Male
20191135621,C1900,20190924,4615174,618159,18:05,Tuesday,Johnson,Farm to Market Route,9999,Unknown - Not Indicated - Unlocated,Mainline,Not reported,12TH AVE,Municipal Road,Not Indicated as an Intersection,Property Damage Only,11100,Operating vehicle in an reckless, erratic, careless, negligent manner,Alcohol (Statutory),200,,Not reported
20191135621,C1900,20190924,4615174,618159,18:05,Tuesday,Johnson,Farm to Market Route,9999,Unknown - Not Indicated - Unlocated,Mainline,Not reported,12TH AVE,Municipal Road,Not Indicated as an Intersection,Property Damage Only,11100,Operating vehicle in an reckless, erratic, careless, negligent manner,Alcohol (Statutory),200,,Not reported
20191135621,C1900,20190924,4615174,618159,18:05,Tuesday,Johnson,Farm to Market Route,9999,Unknown - Not Indicated - Unlocated,Mainline,Not reported,12TH AVE,Municipal Road,Not Indicated as an Intersection,Property Damage Only,11100,Operating vehicle in an reckless, erratic, careless, negligent manner,Alcohol (Statutory),45,>= 45 and <= 49,Female
20191135639,W19-079661,20190926,4699121,557665,18:14,Thursday,Black Hawk,US Route,218,Southbound (SB),Mainline,Not reported,US 218/WASHINGTON ST & E SHAULIS RD,US Route,US Route - Municipal,Property Damage Only,5000,Operating vehicle in an reckless, erratic, careless, negligent manner,Alcohol (Statutory),62,>= 60 and <= 64,Male
20191135734,2019-36083,20190927,4609481,698517,17:55,Friday,Scott,Local Road,9999,Unknown - Not Indicated - Unlocated,Mainline,Not reported,HILLANDALE RD,Secondary Road,Not Indicated as an Intersection,Suspected Minor Injury Crash,10000,Ran off road - left,Refused,30,>= 30 and <= 34,Male
20191135735,20190030601,20190927,4608516,449976,03:29,Friday,Polk,US Route,69,Southbound (SB),Mainline,Not reported,US 69/E 14TH ST & E OAK PARK AVE,US Route,US Route - Municipal,Possible/Unknown Injury Crash,4500,Ran off road - left,Under Influence of Alcohol/Drugs/Medications,30,>= 30 and <= 34,Male
20191135735,20190030601,20190927,4608516,449976,03:29,Friday,Polk,US Route,69,Southbound (SB),Mainline,Not reported,US 69/E 14TH ST & E OAK PARK AVE,US Route,US Route - Municipal,Possible/Unknown Injury Crash,4500,Ran off road - left,Under Influence of Alcohol/Drugs/Medications,23,>= 21 and <= 24,Male
20191135740,19-015377,20190927,4572546,258016,23:14,Friday,Pottawattamie,Local Road,9999,Unknown - Not Indicated - Unlocated,Mainline,Not reported,AVE G,Municipal Road,Not Indicated as an Intersection,Property Damage Only,4000,Ran stop sign,Alcohol (Statutory),19,= 19,Female
20191135740,19-015377,20190927,4572546,258016,23:14,Friday,Pottawattamie,Local Road,9999,Unknown - Not Indicated - Unlocated,Mainline,Not reported,AVE G,Municipal Road,Not Indicated as an Intersection,Property Damage Only,4000,Ran stop sign,Alcohol (Statutory),45,>= 45 and <= 49,Female
20191135743,J19000954,20190928,4607551,632796,02:53,Saturday,Johnson,Farm to Market Route,9999,Unknown - Not Indicated - Unlocated,Mainline,Not reported,AMERICAN LEGION RD,Secondary Road,Not Indicated as an Intersection,Property Damage Only,17500,Ran off road - right,Alcohol (Statutory),21,>= 21 and <= 24,Male
20191135750,19-05195,20190928,4601078,435162,02:05,Saturday,Polk,Interstate,35,Ramp,Ramp,Not reported,I-35,Interstate,Not Indicated as an Intersection,Property Damage Only,10000,Driver Distraction:  Exterior distraction,Refused,22,>= 21 and <= 24,Male
20191135793,2019-29458,20190924,4580673,454343,19:49,Tuesday,Warren,Local Road,9999,Unknown - Not Indicated - Unlocated,Mainline,Not reported,N 9TH ST,Municipal Road,Not Indicated as an Intersection,Property Damage Only,5193,Ran off road - left,Refused,27,>= 25 and <= 29,Male
20191135811,20190030819,20190928,4608617,449978,19:18,Saturday,Polk,US Route,6,No Travel Direction Consistent with Route,Mainline,Not reported,US 6/E EUCLID AVE & US 69/E 14TH ST,US Route,US Route - US Route,Suspected Minor Injury Crash,3000,Ran off road - right,Refused,41,>= 40 and <= 44,Male
20191135845,19-037965,20190929,4590009,659420,00:32,Sunday,Muscatine,US Route,61,Both North and South,Mainline,Not reported,US 61,US Route,Not Indicated as an Intersection,Suspected Minor Injury Crash,10000,Lost control,Alcohol (Statutory),16,= 16,Female
20191135845,19-037965,20190929,4590009,659420,00:32,Sunday,Muscatine,US Route,61,Both North and South,Mainline,Not reported,US 61,US Route,Not Indicated as an Intersection,Suspected Minor Injury Crash,10000,Lost control,Alcohol (Statutory),24,>= 21 and <= 24,Male
20191135847,19079473,20190926,4707961,544698,04:00,Thursday,Black Hawk,Local Road,9999,Unknown - Not Indicated - Unlocated,Mainline,Not reported,COLLEGE ST,Municipal Road,Not Indicated as an Intersection,Property Damage Only,9000,Ran off road - right,Under Influence of Alcohol/Drugs/Medications,21,>= 21 and <= 24,Male
20191135847,19079473,20190926,4707961,544698,04:00,Thursday,Black Hawk,Local Road,9999,Unknown - Not Indicated - Unlocated,Mainline,Not reported,COLLEGE ST,Municipal Road,Not Indicated as an Intersection,Property Damage Only,9000,Ran off road - right,Under Influence of Alcohol/Drugs/Medications,200,,Not reported
20191135891,201915117,20190917,4647744,606382,17:00,Tuesday,Linn,Farm to Market Route,9999,Unknown - Not Indicated - Unlocated,Mainline,Not reported,JOHNSON AVE NW & EDGEWOOD RD NW,Municipal Road,Municipal - Municipal,Possible/Unknown Injury Crash,10986,Ran traffic signal,Refused,26,>= 25 and <= 29,Male
20191135891,201915117,20190917,4647744,606382,17:00,Tuesday,Linn,Farm to Market Route,9999,Unknown - Not Indicated - Unlocated,Mainline,Not reported,JOHNSON AVE NW & EDGEWOOD RD NW,Municipal Road,Municipal - Municipal,Possible/Unknown Injury Crash,10986,Ran traffic signal,Refused,33,>= 30 and <= 34,Female
20191135934,2019026307,20190929,4553281,262184,03:29,Sunday,Mills,Interstate,29,Southbound (SB),Mainline,Not reported,I-29,Interstate,Not Indicated as an Intersection,Property Damage Only,2000,Ran off road - right,Alcohol (Statutory),35,>= 35 and <= 39,Male
20191135969,20190030938,20190929,4606624,442250,20:01,Sunday,Polk,Local Road,9999,Unknown - Not Indicated - Unlocated,Mainline,Not reported,55TH ST,Municipal Road,Not Indicated as an Intersection,Property Damage Only,10000,Driver Distraction:  Other electronic device activity,Alcohol (Statutory),200,,Not reported
20191135969,20190030938,20190929,4606624,442250,20:01,Sunday,Polk,Local Road,9999,Unknown - Not Indicated - Unlocated,Mainline,Not reported,55TH ST,Municipal Road,Not Indicated as an Intersection,Property Damage Only,10000,Driver Distraction:  Other electronic device activity,Alcohol (Statutory),32,>= 30 and <= 34,Male
20191135970,20190030939,20190929,4599819,446206,20:28,Sunday,Polk,Local Road,9999,Unknown - Not Indicated - Unlocated,Mainline,Not reported,WATROUS AVE & FLEUR DR,Municipal Road,Municipal - Municipal,Possible/Unknown Injury Crash,1500,Other,Under Influence of Alcohol/Drugs/Medications,44,>= 40 and <= 44,Male
20191135970,20190030939,20190929,4599819,446206,20:28,Sunday,Polk,Local Road,9999,Unknown - Not Indicated - Unlocated,Mainline,Not reported,WATROUS AVE & FLEUR DR,Municipal Road,Municipal - Municipal,Possible/Unknown Injury Crash,1500,Other,Under Influence of Alcohol/Drugs/Medications,19,= 19,Male
20191135979,PD19-02579,20190928,4655371,506028,05:31,Saturday,Marshall,Local Road,9999,Unknown - Not Indicated - Unlocated,Mainline,Not reported,W STATE ST,Municipal Road,Not Indicated as an Intersection,Suspected Serious Injury Crash,21000,Operating vehicle in an reckless, erratic, careless, negligent manner,Drug,200,,Not reported
20191135979,PD19-02579,20190928,4655371,506028,05:31,Saturday,Marshall,Local Road,9999,Unknown - Not Indicated - Unlocated,Mainline,Not reported,W STATE ST,Municipal Road,Not Indicated as an Intersection,Suspected Serious Injury Crash,21000,Operating vehicle in an reckless, erratic, careless, negligent manner,Drug,21,>= 21 and <= 24,Female
20191135979,PD19-02579,20190928,4655371,506028,05:31,Saturday,Marshall,Local Road,9999,Unknown - Not Indicated - Unlocated,Mainline,Not reported,W STATE ST,Municipal Road,Not Indicated as an Intersection,Suspected Serious Injury Crash,21000,Operating vehicle in an reckless, erratic, careless, negligent manner,Drug,200,,Not reported
20191135989,19-004658,20190914,4653769,451356,22:06,Saturday,Story,Farm to Market Route,9999,Unknown - Not Indicated - Unlocated,Mainline,Not reported,Co Rd E42/E 13TH ST,Secondary Road,Not Indicated as an Intersection,Possible/Unknown Injury Crash,1000,Followed too close,Alcohol (Statutory),30,>= 30 and <= 34,Male
20191135989,19-004658,20190914,4653769,451356,22:06,Saturday,Story,Farm to Market Route,9999,Unknown - Not Indicated - Unlocated,Mainline,Not reported,Co Rd E42/E 13TH ST,Secondary Road,Not Indicated as an Intersection,Possible/Unknown Injury Crash,1000,Followed too close,Alcohol (Statutory),59,>= 55 and <= 59,Male
20191136001,19-014098,20190929,4728649,223701,03:03,Sunday,Plymouth,Farm to Market Route,9999,Unknown - Not Indicated - Unlocated,Mainline,Not reported,Co Rd K22/K22,Secondary Road,Not Indicated as an Intersection,Possible/Unknown Injury Crash,5000,Ran off road - left,Under Influence of Alcohol/Drugs/Medications,35,>= 35 and <= 39,Female
20191136002,19-014892,20190929,4639601,557528,02:15,Sunday,Tama,Farm to Market Route,9999,Unknown - Not Indicated - Unlocated,Mainline,Not reported,Co Rd E66/HWY E66,Secondary Road,Not Indicated as an Intersection,Suspected Minor Injury Crash,9500,Ran off road - left,Alcohol (Statutory),21,>= 21 and <= 24,Male
20191136002,19-014892,20190929,4639601,557528,02:15,Sunday,Tama,Farm to Market Route,9999,Unknown - Not Indicated - Unlocated,Mainline,Not reported,Co Rd E66/HWY E66,Secondary Road,Not Indicated as an Intersection,Suspected Minor Injury Crash,9500,Ran off road - left,Alcohol (Statutory),55,>= 55 and <= 59,Female
20191136037,19004935,20190927,4650858,451872,18:41,Friday,Story,Farm to Market Route,9999,Unknown - Not Indicated - Unlocated,Mainline,Not reported,S DAYTON PL & SE 16TH ST,Secondary Road,Secondary - Municipal,Property Damage Only,8000,99,Alcohol (Statutory),63,>= 60 and <= 64,Female
20191136037,19004935,20190927,4650858,451872,18:41,Friday,Story,Farm to Market Route,9999,Unknown - Not Indicated - Unlocated,Mainline,Not reported,S DAYTON PL & SE 16TH ST,Secondary Road,Secondary - Municipal,Property Damage Only,8000,99,Alcohol (Statutory),32,>= 30 and <= 34,Male
20191136043,19011437,20190929,4508545,510554,21:11,Sunday,Appanoose,Local Road,9999,Unknown - Not Indicated - Unlocated,Mainline,Not reported,W WALL ST & S 12TH ST,Municipal Road,Municipal - Municipal,Possible/Unknown Injury Crash,10000,Lost control,Alcohol (Statutory),57,>= 55 and <= 59,Female
20191136043,19011437,20190929,4508545,510554,21:11,Sunday,Appanoose,Local Road,9999,Unknown - Not Indicated - Unlocated,Mainline,Not reported,W WALL ST & S 12TH ST,Municipal Road,Municipal - Municipal,Possible/Unknown Injury Crash,10000,Lost control,Alcohol (Statutory),200,,Not reported
20191136054,2019-005412,20190719,4708897,690669,12:25,Friday,Dubuque,Local Road,9999,Unknown - Not Indicated - Unlocated,Mainline,Not reported,KIRKWOOD ST & W LOCUST ST,Municipal Road,Municipal - Municipal,Possible/Unknown Injury Crash,5200,Lost control,Alcohol (Statutory),71,>= 70 and <= 74,Male
20191136054,2019-005412,20190719,4708897,690669,12:25,Friday,Dubuque,Local Road,9999,Unknown - Not Indicated - Unlocated,Mainline,Not reported,KIRKWOOD ST & W LOCUST ST,Municipal Road,Municipal - Municipal,Possible/Unknown Injury Crash,5200,Lost control,Alcohol (Statutory),200,,Not reported
20191136065,2019-007313,20190928,4707397,691976,23:22,Saturday,Dubuque,Local Road,9999,Unknown - Not Indicated - Unlocated,Mainline,Not reported,W 1ST ST,Municipal Road,Not Indicated as an Intersection,Property Damage Only,1500,Driver Distraction:  Other interior distraction,Alcohol (Statutory),33,>= 30 and <= 34,Male
20191136065,2019-007313,20190928,4707397,691976,23:22,Saturday,Dubuque,Local Road,9999,Unknown - Not Indicated - Unlocated,Mainline,Not reported,W 1ST ST,Municipal Road,Not Indicated as an Intersection,Property Damage Only,1500,Driver Distraction:  Other interior distraction,Alcohol (Statutory),41,>= 40 and <= 44,Male
20191136221,2019-80774,20190926,4602686,703319,21:56,Thursday,Scott,Local Road,9999,Unknown - Not Indicated - Unlocated,Mainline,Not reported,ARLINGTON AVE,Municipal Road,Not Indicated as an Intersection,Property Damage Only,11433,Driver Distraction:  Passenger,Refused,200,,Not reported
20191136221,2019-80774,20190926,4602686,703319,21:56,Thursday,Scott,Local Road,9999,Unknown - Not Indicated - Unlocated,Mainline,Not reported,ARLINGTON AVE,Municipal Road,Not Indicated as an Intersection,Property Damage Only,11433,Driver Distraction:  Passenger,Refused,200,,Not reported
20191136221,2019-80774,20190926,4602686,703319,21:56,Thursday,Scott,Local Road,9999,Unknown - Not Indicated - Unlocated,Mainline,Not reported,ARLINGTON AVE,Municipal Road,Not Indicated as an Intersection,Property Damage Only,11433,Driver Distraction:  Passenger,Refused,28,>= 25 and <= 29,Female
20191136223,19-036951,20190921,4592119,657009,03:47,Saturday,Muscatine,Farm to Market Route,9999,Unknown - Not Indicated - Unlocated,Mainline,Not reported,BAYFIELD RD,Secondary Road,Not Indicated as an Intersection,Suspected Serious Injury Crash,9500,Ran off road - right,Alcohol (Statutory),27,>= 25 and <= 29,Male
20191136256,2019-002941,20190928,4698459,692254,19:25,Saturday,Dubuque,Farm to Market Route,9999,Unknown - Not Indicated - Unlocated,Mainline,Not reported,OLDE DAVENPORT RD,Secondary Road,Not Indicated as an Intersection,Suspected Minor Injury Crash,17600,Ran off road - left,Alcohol (Statutory),42,>= 40 and <= 44,Male
20191136270,19-17857,20190928,4730567,543645,20:48,Saturday,Bremer,Local Road,9999,Unknown - Not Indicated - Unlocated,Mainline,Not reported,3RD ST NE,Municipal Road,Not Indicated as an Intersection,Property Damage Only,2250,Improper or erratic lane changing,Refused,45,>= 45 and <= 49,Male
20191136270,19-17857,20190928,4730567,543645,20:48,Saturday,Bremer,Local Road,9999,Unknown - Not Indicated - Unlocated,Mainline,Not reported,3RD ST NE,Municipal Road,Not Indicated as an Intersection,Property Damage Only,2250,Improper or erratic lane changing,Refused,43,>= 40 and <= 44,Male
20191136422,19-02400,20191001,4610102,437166,19:27,Tuesday,Polk,Local Road,9999,Unknown - Not Indicated - Unlocated,Mainline,Not reported,TANGLEWOOD DR,Municipal Road,Not Indicated as an Intersection,Property Damage Only,5000,Lost control,Alcohol (Statutory),200,,Not reported
20191136422,19-02400,20191001,4610102,437166,19:27,Tuesday,Polk,Local Road,9999,Unknown - Not Indicated - Unlocated,Mainline,Not reported,TANGLEWOOD DR,Municipal Road,Not Indicated as an Intersection,Property Damage Only,5000,Lost control,Alcohol (Statutory),69,>= 65 and <= 69,Male
20191136432,CLP19003145,20190920,4637098,731495,03:45,Friday,Clinton,Local Road,9999,Unknown - Not Indicated - Unlocated,Mainline,Not reported,N 11TH ST,Municipal Road,Not Indicated as an Intersection,Property Damage Only,7500,Operating vehicle in an reckless, erratic, careless, negligent manner,Refused,27,>= 25 and <= 29,Male
20191136432,CLP19003145,20190920,4637098,731495,03:45,Friday,Clinton,Local Road,9999,Unknown - Not Indicated - Unlocated,Mainline,Not reported,N 11TH ST,Municipal Road,Not Indicated as an Intersection,Property Damage Only,7500,Operating vehicle in an reckless, erratic, careless, negligent manner,Refused,200,,Not reported
20191136433,PD19-02613,20190930,4654776,509407,19:59,Monday,Marshall,Local Road,9999,Unknown - Not Indicated - Unlocated,Mainline,Not reported,S 16TH AVE,Municipal Road,Not Indicated as an Intersection,Property Damage Only,2000,Traveling wrong way or on wrong side of road,Alcohol (Statutory),200,,Not reported
20191136433,PD19-02613,20190930,4654776,509407,19:59,Monday,Marshall,Local Road,9999,Unknown - Not Indicated - Unlocated,Mainline,Not reported,S 16TH AVE,Municipal Road,Not Indicated as an Intersection,Property Damage Only,2000,Traveling wrong way or on wrong side of road,Alcohol (Statutory),48,>= 45 and <= 49,Male
20191136457,19-8669,20190924,4603287,262349,16:15,Tuesday,Harrison,Farm to Market Route,9999,Unknown - Not Indicated - Unlocated,Mainline,Not reported,Co Rd F66/335TH ST & MOUNDS TRL,Secondary Road,Secondary - Secondary,Property Damage Only,16000,Ran off road - right,Alcohol (Statutory),42,>= 40 and <= 44,Female
20191136457,19-8669,20190924,4603287,262349,16:15,Tuesday,Harrison,Farm to Market Route,9999,Unknown - Not Indicated - Unlocated,Mainline,Not reported,Co Rd F66/335TH ST & MOUNDS TRL,Secondary Road,Secondary - Secondary,Property Damage Only,16000,Ran off road - right,Alcohol (Statutory),75,>= 75 and <= 79,Male
20191136469,8593,20190922,4606513,285884,15:15,Sunday,Harrison,Local Road,9999,Unknown - Not Indicated - Unlocated,Mainline,Not reported,1ST AVE,Municipal Road,Not Indicated as an Intersection,Property Damage Only,3000,Ran off road - left,Alcohol (Statutory),80,>= 80 and <= 84,Male
20191136646,19-26867,20190928,4603140,707957,01:19,Saturday,Scott,Local Road,9999,Unknown - Not Indicated - Unlocated,Mainline,Not reported,SPRUCE HILLS DR,Municipal Road,Not Indicated as an Intersection,Property Damage Only,10100,Driver Distraction:  Manual operation of an electronic communication device,Alcohol (Statutory),45,>= 45 and <= 49,Not reported
20191136652,19-005568,20191002,4618563,451659,00:40,Wednesday,Polk,Local Road,9999,Unknown - Not Indicated - Unlocated,Mainline,Not reported,SE MAGAZINE RD & SE DELAWARE AVE,Municipal Road,Municipal - Municipal,Property Damage Only,1550,Lost control,Under Influence of Alcohol/Drugs/Medications,22,>= 21 and <= 24,Female
20191136660,SO19000156,20190929,4788426,607515,22:51,Sunday,Winneshiek,Iowa Route,9,Westbound (WB),Mainline,Not reported,IA 9/IOWA 9,Iowa Route,Not Indicated as an Intersection,Suspected Minor Injury Crash,9000,Ran off road - left,Alcohol (Statutory),23,>= 21 and <= 24,Not reported
20191136661,19-008761,20191002,4542409,439479,17:52,Wednesday,Clarke,US Route,34,Westbound (WB),Mainline,Not reported,US 34,US Route,Not Indicated as an Intersection,Suspected Minor Injury Crash,6200,Driving too fast for conditions,Alcohol (Statutory),29,>= 25 and <= 29,Male
20191136661,19-008761,20191002,4542409,439479,17:52,Wednesday,Clarke,US Route,34,Westbound (WB),Mainline,Not reported,US 34,US Route,Not Indicated as an Intersection,Suspected Minor Injury Crash,6200,Driving too fast for conditions,Alcohol (Statutory),53,>= 50 and <= 54,Male
20191136662,19-016537,20191003,4547446,268836,00:33,Thursday,Mills,Local Road,9999,Unknown - Not Indicated - Unlocated,Mainline,Not reported,S ELM ST,Municipal Road,Not Indicated as an Intersection,Suspected Minor Injury Crash,9000,Ran off road - straight,Drug/Alcohol (Statutory),46,>= 45 and <= 49,Male
20191136662,19-016537,20191003,4547446,268836,00:33,Thursday,Mills,Local Road,9999,Unknown - Not Indicated - Unlocated,Mainline,Not reported,S ELM ST,Municipal Road,Not Indicated as an Intersection,Suspected Minor Injury Crash,9000,Ran off road - straight,Drug/Alcohol (Statutory),200,,Not reported
20191136711,20194088,20191002,4685569,533620,21:15,Wednesday,Grundy,Farm to Market Route,9999,Unknown - Not Indicated - Unlocated,Mainline,Not reported,PARK ST & PIONEER RD,Municipal Road,Municipal - Municipal,Property Damage Only,15000,Other,Refused,38,>= 35 and <= 39,Male
20191136738,19-005500,20190929,4619657,449387,20:05,Sunday,Polk,Local Road,9999,Unknown - Not Indicated - Unlocated,Mainline,Not reported,SW MAPLE ST,Municipal Road,Not Indicated as an Intersection,Property Damage Only,4500,Operating vehicle in an reckless, erratic, careless, negligent manner,Under Influence of Alcohol/Drugs/Medications,51,>= 50 and <= 54,Male
20191136738,19-005500,20190929,4619657,449387,20:05,Sunday,Polk,Local Road,9999,Unknown - Not Indicated - Unlocated,Mainline,Not reported,SW MAPLE ST,Municipal Road,Not Indicated as an Intersection,Property Damage Only,4500,Operating vehicle in an reckless, erratic, careless, negligent manner,Under Influence of Alcohol/Drugs/Medications,200,,Not reported
20191136796,MC1904129,20191002,4776094,482657,19:22,Wednesday,Cerro Gordo,Local Road,9999,Unknown - Not Indicated - Unlocated,Mainline,Not reported,15TH ST SW,Municipal Road,Not Indicated as an Intersection,Possible/Unknown Injury Crash,5000,Operating vehicle in an reckless, erratic, careless, negligent manner,Refused,34,>= 30 and <= 34,Female
20191136803,2019-82243,20191002,4602085,702812,05:36,Wednesday,Scott,Local Road,9999,Unknown - Not Indicated - Unlocated,Mainline,Not reported,LE CLAIRE ST,Municipal Road,Not Indicated as an Intersection,Property Damage Only,6000,Ran off road - right,Alcohol (Statutory),200,,Not reported
20191136803,2019-82243,20191002,4602085,702812,05:36,Wednesday,Scott,Local Road,9999,Unknown - Not Indicated - Unlocated,Mainline,Not reported,LE CLAIRE ST,Municipal Road,Not Indicated as an Intersection,Property Damage Only,6000,Ran off road - right,Alcohol (Statutory),24,>= 21 and <= 24,Female
20191136836,19004820,20190922,4652104,446402,02:13,Sunday,Story,Local Road,9999,Unknown - Not Indicated - Unlocated,Mainline,Not reported,KNAPP ST,Municipal Road,Not Indicated as an Intersection,Property Damage Only,7000,Lost control,Alcohol (Statutory),200,,Not reported
20191136836,19004820,20190922,4652104,446402,02:13,Sunday,Story,Local Road,9999,Unknown - Not Indicated - Unlocated,Mainline,Not reported,KNAPP ST,Municipal Road,Not Indicated as an Intersection,Property Damage Only,7000,Lost control,Alcohol (Statutory),21,>= 21 and <= 24,Female
20191136865,19-009854,20190918,4684266,476856,05:59,Wednesday,Hardin,Local Road,9999,Unknown - Not Indicated - Unlocated,Mainline,Not reported,270TH ST,Secondary Road,Not Indicated as an Intersection,Suspected Minor Injury Crash,5000,Operating vehicle in an reckless, erratic, careless, negligent manner,Alcohol (Statutory),47,>= 45 and <= 49,Female
20191136993,20190031549,20191004,4600171,450356,19:35,Friday,Polk,Farm to Market Route,9999,Unknown - Not Indicated - Unlocated,Mainline,Not reported,EVERGREEN AVE & INDIANOLA AVE,Municipal Road,Municipal - Municipal,Property Damage Only,4000,Lost control,Alcohol (Statutory),19,= 19,Male