Case Number,Law Enforcement Case Number,Date of Crash,Y-Coordinate (UTM NAD 83 Zone 15),X-Coordinate (UTM NAD 83 Zone 15),Time,Day of Week,County,Road System,Route,Cardinal Direction of Vehicles,Mainline or Ramp,Overpass/Underpass Information,Derived Literal Description,Road Classification,Intersection Class,Crash Severity,Amount of Property Damage,Major Cause,Drug or Alcohol Related,Driver Age,Driver Age - 5 year Bins,Driver Gender
20191136993,20190031549,20191004,4600171,450356,19:35,Friday,Polk,Farm to Market Route,9999,Unknown - Not Indicated - Unlocated,Mainline,Not reported,EVERGREEN AVE & INDIANOLA AVE,Municipal Road,Municipal - Municipal,Property Damage Only,4000,Lost control,Alcohol (Statutory),51,>= 50 and <= 54,Female
20191137015,201903484,20191005,4650205,615565,02:20,Saturday,Linn,Farm to Market Route,9999,Unknown - Not Indicated - Unlocated,Mainline,Not reported,COTTAGE GROVE AVE SE,Secondary Road,Not Indicated as an Intersection,Suspected Minor Injury Crash,10100,Ran off road - right,Alcohol (Statutory),41,>= 40 and <= 44,Male
20191137089,2019-83000,20191004,4601290,700110,22:10,Friday,Scott,Farm to Market Route,9999,Unknown - Not Indicated - Unlocated,Mainline,Not reported,W LOCUST ST & HICKORY GROVE RD & N DIVISION ST,Municipal Road,Municipal - Municipal,Property Damage Only,6000,Ran traffic signal,Refused,29,>= 25 and <= 29,Male
20191137089,2019-83000,20191004,4601290,700110,22:10,Friday,Scott,Farm to Market Route,9999,Unknown - Not Indicated - Unlocated,Mainline,Not reported,W LOCUST ST & HICKORY GROVE RD & N DIVISION ST,Municipal Road,Municipal - Municipal,Property Damage Only,6000,Ran traffic signal,Refused,47,>= 45 and <= 49,Male
20191137091,19-14885,20191005,4661703,689918,21:10,Saturday,Jackson,Farm to Market Route,9999,Unknown - Not Indicated - Unlocated,Mainline,Not reported,Co Rd Y31/CAVES RD,Secondary Road,Not Indicated as an Intersection,Property Damage Only,10000,Ran off road - left,Alcohol (Statutory),24,>= 21 and <= 24,Male
20191137095,19026300,20191005,4571695,528390,21:37,Saturday,Mahaska,Iowa Route,92,Eastbound (EB),Mainline,Not reported,IA 92/A AVE W,Iowa Route,Not Indicated as an Intersection,Property Damage Only,4200,FTYROW:  Making left turn,Alcohol (< Statutory),24,>= 21 and <= 24,Male
20191137095,19026300,20191005,4571695,528390,21:37,Saturday,Mahaska,Iowa Route,92,Eastbound (EB),Mainline,Not reported,IA 92/A AVE W,Iowa Route,Not Indicated as an Intersection,Property Damage Only,4200,FTYROW:  Making left turn,Alcohol (< Statutory),71,>= 70 and <= 74,Female
20191137099,19-05376,20191006,4604787,436362,01:28,Sunday,Polk,Interstate,235,Westbound (WB),Mainline,Not reported,I-235,Interstate,Not Indicated as an Intersection,Possible/Unknown Injury Crash,5000,Driver Distraction:  Manual operation of an electronic communication device,Under Influence of Alcohol/Drugs/Medications,40,>= 40 and <= 44,Female
20191137101,19-7402,20191005,4610829,457373,23:25,Saturday,Polk,US Route,6,Ramp,Ramp,On overpass,US 6/HUBBELL AVE/NE RAMP/SPEC CASE/FREDERICK M HUBBELL AVE,US Route,US Route - US Route,Possible/Unknown Injury Crash,16000,Ran traffic signal,Alcohol (Statutory),36,>= 35 and <= 39,Male
20191137101,19-7402,20191005,4610829,457373,23:25,Saturday,Polk,US Route,6,Ramp,Ramp,On overpass,US 6/HUBBELL AVE/NE RAMP/SPEC CASE/FREDERICK M HUBBELL AVE,US Route,US Route - US Route,Possible/Unknown Injury Crash,16000,Ran traffic signal,Alcohol (Statutory),43,>= 40 and <= 44,Female
20191137109,20190031694,20191006,4606708,452302,03:14,Sunday,Polk,Local Road,9999,Unknown - Not Indicated - Unlocated,Mainline,Not reported,LAY ST,Municipal Road,Not Indicated as an Intersection,Property Damage Only,3100,Unknown,Alcohol (Statutory),200,,Not reported
20191137109,20190031694,20191006,4606708,452302,03:14,Sunday,Polk,Local Road,9999,Unknown - Not Indicated - Unlocated,Mainline,Not reported,LAY ST,Municipal Road,Not Indicated as an Intersection,Property Damage Only,3100,Unknown,Alcohol (Statutory),200,,Not reported
20191137109,20190031694,20191006,4606708,452302,03:14,Sunday,Polk,Local Road,9999,Unknown - Not Indicated - Unlocated,Mainline,Not reported,LAY ST,Municipal Road,Not Indicated as an Intersection,Property Damage Only,3100,Unknown,Alcohol (Statutory),19,= 19,Male
20191137115,W19-082365,20191005,4705681,555487,20:23,Saturday,Black Hawk,Local Road,9999,Unknown - Not Indicated - Unlocated,Mainline,Not reported,VINE ST,Municipal Road,Not Indicated as an Intersection,Property Damage Only,2700,Lost control,Alcohol (Statutory),48,>= 45 and <= 49,Male
20191137149,19-000884,20190831,4651625,446865,12:39,Saturday,Story,Local Road,9999,Unknown - Not Indicated - Unlocated,Mainline,Not reported,FRILEY RD,Municipal Road,Not Indicated as an Intersection,Property Damage Only,6500,Driver Distraction:  Adjusting devices (radio, climate),Alcohol (Statutory),23,>= 21 and <= 24,Male
20191137149,19-000884,20190831,4651625,446865,12:39,Saturday,Story,Local Road,9999,Unknown - Not Indicated - Unlocated,Mainline,Not reported,FRILEY RD,Municipal Road,Not Indicated as an Intersection,Property Damage Only,6500,Driver Distraction:  Adjusting devices (radio, climate),Alcohol (Statutory),200,,Not reported
20191137149,19-000884,20190831,4651625,446865,12:39,Saturday,Story,Local Road,9999,Unknown - Not Indicated - Unlocated,Mainline,Not reported,FRILEY RD,Municipal Road,Not Indicated as an Intersection,Property Damage Only,6500,Driver Distraction:  Adjusting devices (radio, climate),Alcohol (Statutory),200,,Not reported
20191137171,201903496,20191006,4661095,608103,15:49,Sunday,Linn,Farm to Market Route,9999,Unknown - Not Indicated - Unlocated,Mainline,Not reported,Co Rd E34/COUNTY HOME RD & Co Rd W6E/NORTH CENTER POINT RD,Secondary Road,Secondary - Secondary,Possible/Unknown Injury Crash,4000,FTYROW:  Making left turn,Alcohol (Statutory),18,= 18,Female
20191137171,201903496,20191006,4661095,608103,15:49,Sunday,Linn,Farm to Market Route,9999,Unknown - Not Indicated - Unlocated,Mainline,Not reported,Co Rd E34/COUNTY HOME RD & Co Rd W6E/NORTH CENTER POINT RD,Secondary Road,Secondary - Secondary,Possible/Unknown Injury Crash,4000,FTYROW:  Making left turn,Alcohol (Statutory),64,>= 60 and <= 64,Male
20191137175,J19000982,20191004,4623149,606517,17:55,Friday,Johnson,Farm to Market Route,9999,Unknown - Not Indicated - Unlocated,Mainline,Not reported,Co Rd F28/250TH ST,Secondary Road,Not Indicated as an Intersection,Possible/Unknown Injury Crash,7500,Operating vehicle in an reckless, erratic, careless, negligent manner,Alcohol (Statutory),41,>= 40 and <= 44,Male
20191137209,19007729,20191004,4507935,264962,17:56,Friday,Fremont,Interstate,29,Ramp,Ramp,Not reported,I-29,Interstate,Not Indicated as an Intersection,Property Damage Only,2000,Driving too fast for conditions,Alcohol (Statutory),19,= 19,Male
20191137209,19007729,20191004,4507935,264962,17:56,Friday,Fremont,Interstate,29,Ramp,Ramp,Not reported,I-29,Interstate,Not Indicated as an Intersection,Property Damage Only,2000,Driving too fast for conditions,Alcohol (Statutory),24,>= 21 and <= 24,Male
20191137230,PD191329,20191005,4690156,518247,17:55,Saturday,Grundy,Local Road,9999,Unknown - Not Indicated - Unlocated,Mainline,Not reported,E AVE,Municipal Road,Not Indicated as an Intersection,Property Damage Only,6500,Operating vehicle in an reckless, erratic, careless, negligent manner,Alcohol (Statutory),48,>= 45 and <= 49,Male
20191137230,PD191329,20191005,4690156,518247,17:55,Saturday,Grundy,Local Road,9999,Unknown - Not Indicated - Unlocated,Mainline,Not reported,E AVE,Municipal Road,Not Indicated as an Intersection,Property Damage Only,6500,Operating vehicle in an reckless, erratic, careless, negligent manner,Alcohol (Statutory),200,,Not reported
20191137231,S19-002553,20191005,4582943,259875,00:50,Saturday,Pottawattamie,Farm to Market Route,9999,Unknown - Not Indicated - Unlocated,Mainline,Not reported,Co Rd G37/OLD MORMON BRIDGE RD & Co Rd L19/JOSLIN AVE,Secondary Road,Secondary - Secondary,Property Damage Only,5000,Ran off road - right,Alcohol (Statutory),24,>= 21 and <= 24,Not reported
20191137237,19-31332,20191004,4613379,495162,22:52,Friday,Jasper,Local Road,9999,Unknown - Not Indicated - Unlocated,Mainline,Not reported,W 4TH ST S,Secondary Road,Not Indicated as an Intersection,Property Damage Only,1500,Ran off road - left,Alcohol (Statutory),31,>= 30 and <= 34,Male
20191137241,2019-007107,20190921,4709132,691783,03:52,Saturday,Dubuque,Local Road,9999,Unknown - Not Indicated - Unlocated,Mainline,Not reported,E 18TH ST & ELM ST,Municipal Road,Municipal - Municipal,Property Damage Only,8000,Lost control,Alcohol (Statutory),200,,Not reported
20191137241,2019-007107,20190921,4709132,691783,03:52,Saturday,Dubuque,Local Road,9999,Unknown - Not Indicated - Unlocated,Mainline,Not reported,E 18TH ST & ELM ST,Municipal Road,Municipal - Municipal,Property Damage Only,8000,Lost control,Alcohol (Statutory),26,>= 25 and <= 29,Female
20191137241,2019-007107,20190921,4709132,691783,03:52,Saturday,Dubuque,Local Road,9999,Unknown - Not Indicated - Unlocated,Mainline,Not reported,E 18TH ST & ELM ST,Municipal Road,Municipal - Municipal,Property Damage Only,8000,Lost control,Alcohol (Statutory),200,,Not reported
20191137285,19-31439,20191006,4617574,496514,00:45,Sunday,Jasper,Local Road,9999,Unknown - Not Indicated - Unlocated,Mainline,Not reported,N 11TH AVE E,Municipal Road,Not Indicated as an Intersection,Property Damage Only,5000,Other,Alcohol (Statutory),200,,Not reported
20191137285,19-31439,20191006,4617574,496514,00:45,Sunday,Jasper,Local Road,9999,Unknown - Not Indicated - Unlocated,Mainline,Not reported,N 11TH AVE E,Municipal Road,Not Indicated as an Intersection,Property Damage Only,5000,Other,Alcohol (Statutory),24,>= 21 and <= 24,Female
20191137373,19-7446,20191007,4610432,450940,19:24,Monday,Polk,Farm to Market Route,9999,Unknown - Not Indicated - Unlocated,Mainline,Not reported,Co Rd F52/NE 46TH AVE,Secondary Road,Not Indicated as an Intersection,Possible/Unknown Injury Crash,13000,Ran off road - right,Alcohol (Statutory),53,>= 50 and <= 54,Male
20191137381,19010512,20191007,4732045,425322,18:00,Monday,Wright,Farm to Market Route,9999,Unknown - Not Indicated - Unlocated,Mainline,Not reported,CEDAR ST,Municipal Road,Not Indicated as an Intersection,Property Damage Only,10100,Exceeded authorized speed,Alcohol (Statutory),31,>= 30 and <= 34,Male
20191137458,19-31521,20191006,4626424,480640,21:02,Sunday,Jasper,Local Road,9999,Unknown - Not Indicated - Unlocated,Mainline,Not reported,N 74TH AVE W,Secondary Road,Not Indicated as an Intersection,Possible/Unknown Injury Crash,10000,Animal,Under Influence of Alcohol/Drugs/Medications,30,>= 30 and <= 34,Male
20191137591,19-015838,20191008,4568939,257030,16:20,Tuesday,Pottawattamie,Interstate,29,Northbound (NB),Mainline,Not reported,I-29,Interstate,Not Indicated as an Intersection,Suspected Minor Injury Crash,8000,Ran off road - right,Alcohol (Statutory),51,>= 50 and <= 54,Male
20191137609,2019-83300,20191006,4601762,697802,04:14,Sunday,Scott,Local Road,9999,Unknown - Not Indicated - Unlocated,Mainline,Not reported,N NEVADA AVE,Municipal Road,Not Indicated as an Intersection,Property Damage Only,6000,Lost control,Refused,200,,Not reported
20191137609,2019-83300,20191006,4601762,697802,04:14,Sunday,Scott,Local Road,9999,Unknown - Not Indicated - Unlocated,Mainline,Not reported,N NEVADA AVE,Municipal Road,Not Indicated as an Intersection,Property Damage Only,6000,Lost control,Refused,29,>= 25 and <= 29,Female
20191137622,J19000987,20191005,4630213,617165,22:42,Saturday,Johnson,Farm to Market Route,9999,Unknown - Not Indicated - Unlocated,Mainline,Not reported,Co Rd W4F/SANDY BEACH RD,Secondary Road,Not Indicated as an Intersection,Suspected Minor Injury Crash,15000,Driving too fast for conditions,Alcohol (Statutory),39,>= 35 and <= 39,Male
20191137629,201916083,20191004,4645301,610157,23:18,Friday,Linn,Interstate,380,Northbound (NB),Mainline,Not reported,I-380,Interstate,Not Indicated as an Intersection,Property Damage Only,13000,Other:  Improper operation,Alcohol (Statutory),37,>= 35 and <= 39,Male
20191137629,201916083,20191004,4645301,610157,23:18,Friday,Linn,Interstate,380,Northbound (NB),Mainline,Not reported,I-380,Interstate,Not Indicated as an Intersection,Property Damage Only,13000,Other:  Improper operation,Alcohol (Statutory),28,>= 25 and <= 29,Male
20191137630,201916134,20191005,4648378,607883,22:45,Saturday,Linn,Local Road,9999,Unknown - Not Indicated - Unlocated,Mainline,Not reported,F AVE NW,Municipal Road,Not Indicated as an Intersection,Possible/Unknown Injury Crash,26000,Driver Distraction:  Talking on a hand-held device,Alcohol (Statutory),27,>= 25 and <= 29,Female
20191137634,19-005650,20191006,4620920,446658,02:30,Sunday,Polk,Local Road,9999,Unknown - Not Indicated - Unlocated,Mainline,Not reported,NW BOULDER BROOK DR,Municipal Road,Not Indicated as an Intersection,Property Damage Only,4300,Lost control,Under Influence of Alcohol/Drugs/Medications,20,= 20,Male
20191137648,S19-002593,20191009,4586507,269242,01:05,Wednesday,Pottawattamie,Farm to Market Route,9999,Unknown - Not Indicated - Unlocated,Mainline,Not reported,Co Rd L34/ROAD L34,Secondary Road,Not Indicated as an Intersection,Possible/Unknown Injury Crash,7000,Ran off road - left,Alcohol (Statutory),18,= 18,Male
20191137696,S19-002545,20191003,4575851,299358,17:32,Thursday,Pottawattamie,US Route,6,Eastbound (EB),Mainline,Not reported,US 6 & OAKLAND AVE,US Route,US Route - Municipal,Suspected Minor Injury Crash,1500,Lost control,Alcohol (< Statutory),39,>= 35 and <= 39,Male
20191137818,19-01731,20190713,4611608,438680,02:51,Saturday,Polk,Interstate,35,Ramp,Ramp,Not reported,I-35 & NW 86TH ST,Interstate,Interstate - Municipal,Possible/Unknown Injury Crash,10000,Ran traffic signal,Drug,53,>= 50 and <= 54,Male
20191137818,19-01731,20190713,4611608,438680,02:51,Saturday,Polk,Interstate,35,Ramp,Ramp,Not reported,I-35 & NW 86TH ST,Interstate,Interstate - Municipal,Possible/Unknown Injury Crash,10000,Ran traffic signal,Drug,31,>= 30 and <= 34,Male
20191137819,19-02313,20190922,4609776,432182,21:36,Sunday,Polk,Local Road,9999,Unknown - Not Indicated - Unlocated,Mainline,Not reported,142ND ST,Municipal Road,Not Indicated as an Intersection,Suspected Minor Injury Crash,4500,Exceeded authorized speed,Under Influence of Alcohol/Drugs/Medications,43,>= 40 and <= 44,Male
20191137830,20190032024,20191008,4604763,445046,22:39,Tuesday,Polk,Interstate,235,Ramp,Ramp,Not reported,I-235 & 31ST ST,Interstate,Interstate - Municipal,Suspected Serious Injury Crash,10000,Operating vehicle in an reckless, erratic, careless, negligent manner,Drug/Alcohol (Statutory),22,>= 21 and <= 24,Female
20191137830,20190032024,20191008,4604763,445046,22:39,Tuesday,Polk,Interstate,235,Ramp,Ramp,Not reported,I-235 & 31ST ST,Interstate,Interstate - Municipal,Suspected Serious Injury Crash,10000,Operating vehicle in an reckless, erratic, careless, negligent manner,Drug/Alcohol (Statutory),31,>= 30 and <= 34,Male
20191137832,SO19-01049,20190928,4641779,487993,19:32,Saturday,Marshall,Farm to Market Route,9999,Unknown - Not Indicated - Unlocated,Mainline,Not reported,Co Rd E63/295TH ST,Secondary Road,Not Indicated as an Intersection,Suspected Minor Injury Crash,10000,Ran off road - left,Under Influence of Alcohol/Drugs/Medications,28,>= 25 and <= 29,Female
20191137865,201916317,20191009,4460000,190000,13:20,Wednesday,Linn,Construction,9999,Unknown - Not Indicated - Unlocated,Mainline,Not reported,,Unknown,Not Indicated as an Intersection,Property Damage Only,4500,Driver Distraction:  Other interior distraction,Drug/Alcohol (Statutory),200,,Not reported
20191137865,201916317,20191009,4460000,190000,13:20,Wednesday,Linn,Construction,9999,Unknown - Not Indicated - Unlocated,Mainline,Not reported,,Unknown,Not Indicated as an Intersection,Property Damage Only,4500,Driver Distraction:  Other interior distraction,Drug/Alcohol (Statutory),54,>= 50 and <= 54,Male
20191137866,086-19,20191007,4576116,400684,18:40,Monday,Madison,Iowa Route,92,Eastbound (EB),Mainline,Not reported,IA 92/IOWA 92,Iowa Route,Not Indicated as an Intersection,Property Damage Only,2000,Exceeded authorized speed,Alcohol (Statutory),27,>= 25 and <= 29,Male
20191137899,19007722,20190830,4703463,603828,21:15,Friday,Buchanan,Local Road,9999,Unknown - Not Indicated - Unlocated,Mainline,Not reported,ROBERTS AVE,Secondary Road,Not Indicated as an Intersection,Property Damage Only,5000,Ran off road - right,Refused,27,>= 25 and <= 29,Female
20191137899,19007722,20190830,4703463,603828,21:15,Friday,Buchanan,Local Road,9999,Unknown - Not Indicated - Unlocated,Mainline,Not reported,ROBERTS AVE,Secondary Road,Not Indicated as an Intersection,Property Damage Only,5000,Ran off road - right,Refused,200,,Not reported
20191137899,19007722,20190830,4703463,603828,21:15,Friday,Buchanan,Local Road,9999,Unknown - Not Indicated - Unlocated,Mainline,Not reported,ROBERTS AVE,Secondary Road,Not Indicated as an Intersection,Property Damage Only,5000,Ran off road - right,Refused,200,,Not reported
20191137959,19-005738,20191009,4619988,451673,21:45,Wednesday,Polk,Local Road,9999,Unknown - Not Indicated - Unlocated,Mainline,Not reported,SE DELAWARE AVE,Municipal Road,Not Indicated as an Intersection,Possible/Unknown Injury Crash,16500,Driving too fast for conditions,Alcohol (Statutory),41,>= 40 and <= 44,Female
20191137959,19-005738,20191009,4619988,451673,21:45,Wednesday,Polk,Local Road,9999,Unknown - Not Indicated - Unlocated,Mainline,Not reported,SE DELAWARE AVE,Municipal Road,Not Indicated as an Intersection,Possible/Unknown Injury Crash,16500,Driving too fast for conditions,Alcohol (Statutory),21,>= 21 and <= 24,Male
20191137969,2019-84407,20191010,4605310,700748,02:13,Thursday,Scott,Local Road,9999,Unknown - Not Indicated - Unlocated,Mainline,Not reported,W 53RD ST,Municipal Road,Not Indicated as an Intersection,Property Damage Only,15000,Operating vehicle in an reckless, erratic, careless, negligent manner,Refused,19,= 19,Female
20191138062,19-010892,20191005,4585235,331434,02:36,Saturday,Cass,Local Road,9999,Unknown - Not Indicated - Unlocated,Mainline,Not reported,10TH ST,Municipal Road,Not Indicated as an Intersection,Property Damage Only,13000,Failed to keep in proper lane,Alcohol (Statutory),200,,Not reported
20191138062,19-010892,20191005,4585235,331434,02:36,Saturday,Cass,Local Road,9999,Unknown - Not Indicated - Unlocated,Mainline,Not reported,10TH ST,Municipal Road,Not Indicated as an Intersection,Property Damage Only,13000,Failed to keep in proper lane,Alcohol (Statutory),39,>= 35 and <= 39,Female
20191138063,19-012456,20191004,4788751,232318,23:30,Friday,Sioux,Farm to Market Route,9999,Unknown - Not Indicated - Unlocated,Mainline,Not reported,16TH ST,Municipal Road,Not Indicated as an Intersection,Property Damage Only,3000,Operating vehicle in an reckless, erratic, careless, negligent manner,Alcohol (Statutory),36,>= 35 and <= 39,Male
20191138085,19-010958,20191007,4567344,320657,02:01,Monday,Cass,Local Road,9999,Unknown - Not Indicated - Unlocated,Mainline,Not reported,WHITNEY ST & ADAMS ST,Municipal Road,Municipal - Municipal,Property Damage Only,6000,Operating vehicle in an reckless, erratic, careless, negligent manner,Alcohol (Statutory),29,>= 25 and <= 29,Male
20191138085,19-010958,20191007,4567344,320657,02:01,Monday,Cass,Local Road,9999,Unknown - Not Indicated - Unlocated,Mainline,Not reported,WHITNEY ST & ADAMS ST,Municipal Road,Municipal - Municipal,Property Damage Only,6000,Operating vehicle in an reckless, erratic, careless, negligent manner,Alcohol (Statutory),200,,Not reported
20191138105,201900045968,20191010,4540784,551220,20:33,Thursday,Wapello,Farm to Market Route,9999,Unknown - Not Indicated - Unlocated,Mainline,Not reported,STELLER AVE & N WALNUT AVE,Municipal Road,Municipal - Municipal,Property Damage Only,2000,Ran stop sign,Refused,34,>= 30 and <= 34,Male
20191138155,,20191013,4603450,443354,13:48,Sunday,Polk,Local Road,9999,Unknown - Not Indicated - Unlocated,Mainline,Not reported,45TH ST,Municipal Road,Not Indicated as an Intersection,Property Damage Only,28000,Operating vehicle in an reckless, erratic, careless, negligent manner,Alcohol (Statutory),200,,Not reported
20191138155,,20191013,4603450,443354,13:48,Sunday,Polk,Local Road,9999,Unknown - Not Indicated - Unlocated,Mainline,Not reported,45TH ST,Municipal Road,Not Indicated as an Intersection,Property Damage Only,28000,Operating vehicle in an reckless, erratic, careless, negligent manner,Alcohol (Statutory),20,= 20,Male
20191138155,,20191013,4603450,443354,13:48,Sunday,Polk,Local Road,9999,Unknown - Not Indicated - Unlocated,Mainline,Not reported,45TH ST,Municipal Road,Not Indicated as an Intersection,Property Damage Only,28000,Operating vehicle in an reckless, erratic, careless, negligent manner,Alcohol (Statutory),200,,Not reported
20191138155,,20191013,4603450,443354,13:48,Sunday,Polk,Local Road,9999,Unknown - Not Indicated - Unlocated,Mainline,Not reported,45TH ST,Municipal Road,Not Indicated as an Intersection,Property Damage Only,28000,Operating vehicle in an reckless, erratic, careless, negligent manner,Alcohol (Statutory),200,,Not reported
20191138180,20190032394,20191011,4607238,446482,20:26,Friday,Polk,Local Road,9999,Unknown - Not Indicated - Unlocated,Mainline,Not reported,HICKMAN RD,Municipal Road,Not Indicated as an Intersection,Property Damage Only,10000,Operating vehicle in an reckless, erratic, careless, negligent manner,Alcohol (Statutory),26,>= 25 and <= 29,Female
20191138180,20190032394,20191011,4607238,446482,20:26,Friday,Polk,Local Road,9999,Unknown - Not Indicated - Unlocated,Mainline,Not reported,HICKMAN RD,Municipal Road,Not Indicated as an Intersection,Property Damage Only,10000,Operating vehicle in an reckless, erratic, careless, negligent manner,Alcohol (Statutory),22,>= 21 and <= 24,Male
20191138254,19-039581,20191012,4589059,665182,00:01,Saturday,Muscatine,Iowa Route,22,Eastbound (EB),Mainline,Not reported,IA 22/IOWA 22,Iowa Route,Not Indicated as an Intersection,Suspected Minor Injury Crash,7500,Other,Alcohol (Statutory),27,>= 25 and <= 29,Female
20191138256,K19-035496,20191012,4473405,637850,02:38,Saturday,Lee,Farm to Market Route,9999,Unknown - Not Indicated - Unlocated,Mainline,Not reported,ORLEANS AVE,Municipal Road,Not Indicated as an Intersection,Suspected Minor Injury Crash,7000,Ran off road - right,Alcohol (Statutory),200,,Not reported
20191138256,K19-035496,20191012,4473405,637850,02:38,Saturday,Lee,Farm to Market Route,9999,Unknown - Not Indicated - Unlocated,Mainline,Not reported,ORLEANS AVE,Municipal Road,Not Indicated as an Intersection,Suspected Minor Injury Crash,7000,Ran off road - right,Alcohol (Statutory),18,= 18,Male
20191138303,19-05535,20191013,4603938,434863,01:50,Sunday,Polk,Local Road,9999,Unknown - Not Indicated - Unlocated,Mainline,Not reported,ASHWORTH RD & 54TH ST,Municipal Road,Municipal - Municipal,Possible/Unknown Injury Crash,20000,Exceeded authorized speed,Refused,34,>= 30 and <= 34,Male
20191138325,20190032536,20191013,4606987,447879,02:22,Sunday,Polk,Local Road,9999,Unknown - Not Indicated - Unlocated,Mainline,Not reported,HICKMAN RD & ARLINGTON AVE & 6TH AVE,Municipal Road,Municipal - Municipal,Possible/Unknown Injury Crash,7000,Exceeded authorized speed,Refused,27,>= 25 and <= 29,Not reported
20191138368,19-0001038,20191013,4766288,217115,00:00,Sunday,Sioux,Farm to Market Route,9999,Unknown - Not Indicated - Unlocated,Mainline,Not reported,CO RD K 18,Municipal Road,Not Indicated as an Intersection,Suspected Minor Injury Crash,1500,Made improper turn,Refused,23,>= 21 and <= 24,Male
20191138373,19-015275,20191013,4683925,711666,00:38,Sunday,Jackson,US Route,52,Northbound (NB),Mainline,Not reported,US 52/GREAT RIVER RD,US Route,Not Indicated as an Intersection,Property Damage Only,20000,Followed too close,Alcohol (Statutory),77,>= 75 and <= 79,Female
20191138373,19-015275,20191013,4683925,711666,00:38,Sunday,Jackson,US Route,52,Northbound (NB),Mainline,Not reported,US 52/GREAT RIVER RD,US Route,Not Indicated as an Intersection,Property Damage Only,20000,Followed too close,Alcohol (Statutory),23,>= 21 and <= 24,Male
20191138385,20190032589,20191013,4597408,446766,19:05,Sunday,Polk,Local Road,9999,Unknown - Not Indicated - Unlocated,Mainline,Not reported,ARMY POST RD & SW 16TH ST,Municipal Road,Municipal - Municipal,Property Damage Only,15000,Followed too close,Alcohol (Statutory),36,>= 35 and <= 39,Male
20191138385,20190032589,20191013,4597408,446766,19:05,Sunday,Polk,Local Road,9999,Unknown - Not Indicated - Unlocated,Mainline,Not reported,ARMY POST RD & SW 16TH ST,Municipal Road,Municipal - Municipal,Property Damage Only,15000,Followed too close,Alcohol (Statutory),32,>= 30 and <= 34,Male
20191138392,2019-84955,20191012,4605342,700853,02:45,Saturday,Scott,Local Road,9999,Unknown - Not Indicated - Unlocated,Mainline,Not reported,W 53RD ST & MARQUETTE ST,Municipal Road,Municipal - Municipal,Property Damage Only,8450,Exceeded authorized speed,Refused,20,= 20,Male
20191138445,2019-31424,20191013,4583571,435582,02:54,Sunday,Warren,Local Road,9999,Unknown - Not Indicated - Unlocated,Mainline,Not reported,20TH AVE,Secondary Road,Not Indicated as an Intersection,Suspected Minor Injury Crash,14000,Exceeded authorized speed,Under Influence of Alcohol/Drugs/Medications,16,= 16,Male
20191138473,19-32128,20191012,4615600,484785,03:42,Saturday,Jasper,Interstate,80,Ramp,Ramp,Not reported,I-80,Interstate,Not Indicated as an Intersection,Possible/Unknown Injury Crash,10000,Exceeded authorized speed,Refused,21,>= 21 and <= 24,Female
20191138473,19-32128,20191012,4615600,484785,03:42,Saturday,Jasper,Interstate,80,Ramp,Ramp,Not reported,I-80,Interstate,Not Indicated as an Intersection,Possible/Unknown Injury Crash,10000,Exceeded authorized speed,Refused,44,>= 40 and <= 44,Male
20191138518,19009530,20191013,4735122,656117,16:40,Sunday,Clayton,US Route,52,Northbound (NB),Mainline,Not reported,US 52,US Route,Not Indicated as an Intersection,Property Damage Only,7200,Ran off road - left,Alcohol (Statutory),35,>= 35 and <= 39,Male
20191138611,20190032610,20191013,4605833,451899,23:46,Sunday,Polk,Local Road,9999,Unknown - Not Indicated - Unlocated,Mainline,Not reported,GARFIELD AVE,Municipal Road,Not Indicated as an Intersection,Property Damage Only,8000,Ran off road - right,Refused,40,>= 40 and <= 44,Male
20191138647,19-31851,20191010,4603257,510608,01:19,Thursday,Jasper,Farm to Market Route,9999,Unknown - Not Indicated - Unlocated,Mainline,Not reported,Co Rd F62/HWY F-62 E,Secondary Road,Not Indicated as an Intersection,Possible/Unknown Injury Crash,30000,Driver Distraction:  Inattentive/lost in thought,Alcohol (Statutory),26,>= 25 and <= 29,Male
20191138663,19-056220,20191004,4741879,340311,22:35,Friday,Buena Vista,Farm to Market Route,9999,Unknown - Not Indicated - Unlocated,Mainline,Not reported,Co Rd N14/230TH AVE,Secondary Road,Not Indicated as an Intersection,Suspected Minor Injury Crash,4000,Driver Distraction:  Other interior distraction,Alcohol (Statutory),20,= 20,Male
20191138664,19-056234,20191005,4718946,331624,01:27,Saturday,Buena Vista,Iowa Route,7,No Travel Direction Consistent with Route,Mainline,Not reported,IA 7/630TH ST,Iowa Route,Not Indicated as an Intersection,Property Damage Only,4200,Ran stop sign,Refused,36,>= 35 and <= 39,Female
20191138669,19018979,20191014,4773520,549070,03:00,Monday,Chickasaw,Farm to Market Route,9999,Unknown - Not Indicated - Unlocated,Mainline,Not reported,170TH ST,Secondary Road,Not Indicated as an Intersection,Suspected Minor Injury Crash,1500,Operating vehicle in an reckless, erratic, careless, negligent manner,Under Influence of Alcohol/Drugs/Medications,15,= 15,Male
20191138682,19-010149,20190807,4642739,341636,03:55,Wednesday,Carroll,Farm to Market Route,9999,Unknown - Not Indicated - Unlocated,Mainline,Not reported,Co Rd E57/300TH ST,Secondary Road,Not Indicated as an Intersection,Property Damage Only,1500,Operating vehicle in an reckless, erratic, careless, negligent manner,Alcohol (Statutory),29,>= 25 and <= 29,Female