Case Number,Law Enforcement Case Number,Date of Crash,Y-Coordinate (UTM NAD 83 Zone 15),X-Coordinate (UTM NAD 83 Zone 15),Time,Day of Week,County,Road System,Route,Cardinal Direction of Vehicles,Mainline or Ramp,Overpass/Underpass Information,Derived Literal Description,Road Classification,Intersection Class,Crash Severity,Amount of Property Damage,Major Cause,Drug or Alcohol Related,Driver Age,Driver Age - 5 year Bins,Driver Gender
20191138686,19-10534,20190722,4778670,328996,12:36,Monday,Clay,Farm to Market Route,9999,Unknown - Not Indicated - Unlocated,Mainline,Not reported,Co Rd B24/350TH ST,Secondary Road,Not Indicated as an Intersection,Suspected Serious Injury Crash,16500,Operating vehicle in an reckless, erratic, careless, negligent manner,Alcohol (Statutory),22,>= 21 and <= 24,Male
20191138778,,20191014,4708330,545431,01:09,Monday,Black Hawk,Local Road,9999,Unknown - Not Indicated - Unlocated,Mainline,Not reported,WASHINGTON ST,Municipal Road,Not Indicated as an Intersection,Property Damage Only,8000,Exceeded authorized speed,Refused,26,>= 25 and <= 29,Female
20191138778,,20191014,4708330,545431,01:09,Monday,Black Hawk,Local Road,9999,Unknown - Not Indicated - Unlocated,Mainline,Not reported,WASHINGTON ST,Municipal Road,Not Indicated as an Intersection,Property Damage Only,8000,Exceeded authorized speed,Refused,200,,Not reported
20191138778,,20191014,4708330,545431,01:09,Monday,Black Hawk,Local Road,9999,Unknown - Not Indicated - Unlocated,Mainline,Not reported,WASHINGTON ST,Municipal Road,Not Indicated as an Intersection,Property Damage Only,8000,Exceeded authorized speed,Refused,200,,Not reported
20191138831,201916656,20191015,4648361,613647,23:37,Tuesday,Linn,Local Road,9999,Unknown - Not Indicated - Unlocated,Mainline,Not reported,MEMORIAL DR SE,Municipal Road,Not Indicated as an Intersection,Property Damage Only,5000,Lost control,Alcohol (Statutory),37,>= 35 and <= 39,Female
20191138831,201916656,20191015,4648361,613647,23:37,Tuesday,Linn,Local Road,9999,Unknown - Not Indicated - Unlocated,Mainline,Not reported,MEMORIAL DR SE,Municipal Road,Not Indicated as an Intersection,Property Damage Only,5000,Lost control,Alcohol (Statutory),200,,Not reported
20191138847,201914250,20190903,4641316,610580,02:00,Tuesday,Linn,Local Road,9999,Unknown - Not Indicated - Unlocated,Mainline,Not reported,J ST SW,Municipal Road,Not Indicated as an Intersection,Fatal Crash,4000,Ran stop sign,Alcohol (Statutory),19,= 19,Female
20191138851,SO19000163,20191012,4815466,584892,13:21,Saturday,Winneshiek,Local Road,9999,Unknown - Not Indicated - Unlocated,Mainline,Not reported,279TH AVE,Secondary Road,Not Indicated as an Intersection,Possible/Unknown Injury Crash,2200,Driver Distraction:  Other electronic device activity,Alcohol (Statutory),58,>= 55 and <= 59,Female
20191138916,19015898,20191014,4645871,669728,15:00,Monday,Cedar,Local Road,9999,Unknown - Not Indicated - Unlocated,Mainline,Not reported,VERMONT AVE,Secondary Road,Not Indicated as an Intersection,Property Damage Only,5000,Driving too fast for conditions,Under Influence of Alcohol/Drugs/Medications,27,>= 25 and <= 29,Male
20191138965,20190032815,20191015,4606461,454048,21:38,Tuesday,Polk,Local Road,9999,Unknown - Not Indicated - Unlocated,Mainline,Not reported,E 33RD ST,Municipal Road,Not Indicated as an Intersection,Possible/Unknown Injury Crash,5200,Driving too fast for conditions,Alcohol (Statutory),34,>= 30 and <= 34,Female
20191139018,2019027821,20191015,4495952,420570,17:17,Tuesday,Decatur,US Route,69,Northbound (NB),Mainline,Not reported,US 69/S STATE ST,US Route,Not Indicated as an Intersection,Property Damage Only,2500,Ran off road - right,Alcohol (Statutory),21,>= 21 and <= 24,Female
20191139039,20190032858,20191016,4606672,453245,11:44,Wednesday,Polk,Farm to Market Route,9999,Unknown - Not Indicated - Unlocated,Mainline,Not reported,EASTON BLVD & E 29TH ST,Municipal Road,Municipal - Municipal,Suspected Minor Injury Crash,10000,Driver Distraction:  Other interior distraction,Alcohol (Statutory),52,>= 50 and <= 54,Male
20191139039,20190032858,20191016,4606672,453245,11:44,Wednesday,Polk,Farm to Market Route,9999,Unknown - Not Indicated - Unlocated,Mainline,Not reported,EASTON BLVD & E 29TH ST,Municipal Road,Municipal - Municipal,Suspected Minor Injury Crash,10000,Driver Distraction:  Other interior distraction,Alcohol (Statutory),56,>= 55 and <= 59,Male
20191139043,PD19000203,20191011,4795362,598542,17:05,Friday,Winneshiek,Local Road,9999,Unknown - Not Indicated - Unlocated,Mainline,Not reported,E DAY SPRING LN,Municipal Road,Not Indicated as an Intersection,Property Damage Only,10700,Made improper turn,Alcohol (Statutory),200,,Not reported
20191139043,PD19000203,20191011,4795362,598542,17:05,Friday,Winneshiek,Local Road,9999,Unknown - Not Indicated - Unlocated,Mainline,Not reported,E DAY SPRING LN,Municipal Road,Not Indicated as an Intersection,Property Damage Only,10700,Made improper turn,Alcohol (Statutory),42,>= 40 and <= 44,Male
20191139043,PD19000203,20191011,4795362,598542,17:05,Friday,Winneshiek,Local Road,9999,Unknown - Not Indicated - Unlocated,Mainline,Not reported,E DAY SPRING LN,Municipal Road,Not Indicated as an Intersection,Property Damage Only,10700,Made improper turn,Alcohol (Statutory),28,>= 25 and <= 29,Male
20191139099,19-05610,20191016,4604803,438303,23:09,Wednesday,Polk,Interstate,235,Westbound (WB),Mainline,Not reported,I-235,Interstate,Not Indicated as an Intersection,Suspected Minor Injury Crash,16000,Driver Distraction:  Other interior distraction,Under Influence of Alcohol/Drugs/Medications,50,>= 50 and <= 54,Male
20191139099,19-05610,20191016,4604803,438303,23:09,Wednesday,Polk,Interstate,235,Westbound (WB),Mainline,Not reported,I-235,Interstate,Not Indicated as an Intersection,Suspected Minor Injury Crash,16000,Driver Distraction:  Other interior distraction,Under Influence of Alcohol/Drugs/Medications,31,>= 30 and <= 34,Male
20191139173,19-008035,20191009,4737387,536440,18:50,Wednesday,Butler,Local Road,9999,Unknown - Not Indicated - Unlocated,Mainline,Not reported,BUTLER AVE & 180TH ST & 180 ST,Secondary Road,Secondary - Secondary,Possible/Unknown Injury Crash,14000,FTYROW:  At uncontrolled intersection,Alcohol (Statutory),19,= 19,Male
20191139173,19-008035,20191009,4737387,536440,18:50,Wednesday,Butler,Local Road,9999,Unknown - Not Indicated - Unlocated,Mainline,Not reported,BUTLER AVE & 180TH ST & 180 ST,Secondary Road,Secondary - Secondary,Possible/Unknown Injury Crash,14000,FTYROW:  At uncontrolled intersection,Alcohol (Statutory),17,= 17,Male
20191139179,19-32840,20191003,4710374,219648,01:48,Thursday,Woodbury,Local Road,9999,Unknown - Not Indicated - Unlocated,Mainline,Not reported,W 3RD ST & KANSAS ST,Municipal Road,Municipal - Municipal,Property Damage Only,17000,Ran off road - straight,Alcohol (Statutory),20,= 20,Male
20191139300,19-015249,20191016,4797052,326269,22:33,Wednesday,Dickinson,Local Road,9999,Unknown - Not Indicated - Unlocated,Mainline,Not reported,225TH AVE & 235TH ST,Secondary Road,Secondary - Secondary,Possible/Unknown Injury Crash,9000,Driving too fast for conditions,Alcohol (Statutory),32,>= 30 and <= 34,Female
20191139344,PD19-02787,20191016,4654996,508869,22:05,Wednesday,Marshall,Local Road,9999,Unknown - Not Indicated - Unlocated,Mainline,Not reported,S 12TH AVE/LENNOX DR,Municipal Road,Not Indicated as an Intersection,Property Damage Only,22000,Operating vehicle in an reckless, erratic, careless, negligent manner,Alcohol (Statutory),42,>= 40 and <= 44,Female
20191139344,PD19-02787,20191016,4654996,508869,22:05,Wednesday,Marshall,Local Road,9999,Unknown - Not Indicated - Unlocated,Mainline,Not reported,S 12TH AVE/LENNOX DR,Municipal Road,Not Indicated as an Intersection,Property Damage Only,22000,Operating vehicle in an reckless, erratic, careless, negligent manner,Alcohol (Statutory),27,>= 25 and <= 29,Male
20191139414,2019027534,20191011,4785413,268011,20:37,Friday,O'Brien,US Route,18,Westbound (WB),Mainline,Not reported,US 18/PARK ST,US Route,Not Indicated as an Intersection,Property Damage Only,9500,Lost control,Alcohol (Statutory),80,>= 80 and <= 84,Female
20191139414,2019027534,20191011,4785413,268011,20:37,Friday,O'Brien,US Route,18,Westbound (WB),Mainline,Not reported,US 18/PARK ST,US Route,Not Indicated as an Intersection,Property Damage Only,9500,Lost control,Alcohol (Statutory),29,>= 25 and <= 29,Male
20191139601,19-11037,20191019,4813556,426227,19:37,Saturday,Winnebago,Local Road,9999,Unknown - Not Indicated - Unlocated,Mainline,Not reported,30TH AVE,Secondary Road,Not Indicated as an Intersection,Property Damage Only,1501,Ran off road - right,Alcohol (Statutory),57,>= 55 and <= 59,Female
20191139648,PD1907700,20190927,4539438,586931,02:30,Friday,Jefferson,Local Road,9999,Unknown - Not Indicated - Unlocated,Mainline,Not reported,S 3RD ST,Municipal Road,Not Indicated as an Intersection,Property Damage Only,10000,Operating vehicle in an reckless, erratic, careless, negligent manner,Under Influence of Alcohol/Drugs/Medications,41,>= 40 and <= 44,Male
20191139648,PD1907700,20190927,4539438,586931,02:30,Friday,Jefferson,Local Road,9999,Unknown - Not Indicated - Unlocated,Mainline,Not reported,S 3RD ST,Municipal Road,Not Indicated as an Intersection,Property Damage Only,10000,Operating vehicle in an reckless, erratic, careless, negligent manner,Under Influence of Alcohol/Drugs/Medications,200,,Not reported
20191139715,19-023536,20191018,4581451,476547,15:37,Friday,Marion,Iowa Route,5,Southbound (SB),Mainline,Not reported,IA 5/IOWA 5 & JASPER ST,Iowa Route,IA Route - Municipal,Possible/Unknown Injury Crash,8000,FTYROW:  From yield sign,Refused,81,>= 80 and <= 84,Female
20191139715,19-023536,20191018,4581451,476547,15:37,Friday,Marion,Iowa Route,5,Southbound (SB),Mainline,Not reported,IA 5/IOWA 5 & JASPER ST,Iowa Route,IA Route - Municipal,Possible/Unknown Injury Crash,8000,FTYROW:  From yield sign,Refused,57,>= 55 and <= 59,Male
20191139718,201903678,20191020,4657859,603412,12:35,Sunday,Linn,Farm to Market Route,9999,Unknown - Not Indicated - Unlocated,Mainline,Not reported,Co Rd E36/BLAIRS FERRY RD,Secondary Road,Not Indicated as an Intersection,Suspected Minor Injury Crash,4500,Operating vehicle in an reckless, erratic, careless, negligent manner,Under Influence of Alcohol/Drugs/Medications,69,>= 65 and <= 69,Female
20191139821,2019-007871,20191019,4706921,688659,18:58,Saturday,Dubuque,US Route,20,Eastbound (EB),Mainline,Not reported,US 20/DODGE ST,US Route,Not Indicated as an Intersection,Suspected Minor Injury Crash,18000,FTYROW:  From stop sign,Alcohol (Statutory),51,>= 50 and <= 54,Female
20191139821,2019-007871,20191019,4706921,688659,18:58,Saturday,Dubuque,US Route,20,Eastbound (EB),Mainline,Not reported,US 20/DODGE ST,US Route,Not Indicated as an Intersection,Suspected Minor Injury Crash,18000,FTYROW:  From stop sign,Alcohol (Statutory),58,>= 55 and <= 59,Male
20191139872,19-008097,20191019,4555055,529816,19:06,Saturday,Monroe,Iowa Route,137,Eastbound (EB),Mainline,Not reported,IA 137/IOWA 137,Iowa Route,Not Indicated as an Intersection,Property Damage Only,6000,FTYROW:  Other,Alcohol (Statutory),55,>= 55 and <= 59,Male
20191139872,19-008097,20191019,4555055,529816,19:06,Saturday,Monroe,Iowa Route,137,Eastbound (EB),Mainline,Not reported,IA 137/IOWA 137,Iowa Route,Not Indicated as an Intersection,Property Damage Only,6000,FTYROW:  Other,Alcohol (Statutory),60,>= 60 and <= 64,Male
20191139872,19-008097,20191019,4555055,529816,19:06,Saturday,Monroe,Iowa Route,137,Eastbound (EB),Mainline,Not reported,IA 137/IOWA 137,Iowa Route,Not Indicated as an Intersection,Property Damage Only,6000,FTYROW:  Other,Alcohol (Statutory),49,>= 45 and <= 49,Male
20191139890,19-023666,20191019,4565490,504002,22:22,Saturday,Marion,Farm to Market Route,9999,Unknown - Not Indicated - Unlocated,Mainline,Not reported,Co Rd T17/HWY T17,Secondary Road,Not Indicated as an Intersection,Suspected Serious Injury Crash,15000,Crossed centerline (undivided),Alcohol (Statutory),19,= 19,Male
20191139890,19-023666,20191019,4565490,504002,22:22,Saturday,Marion,Farm to Market Route,9999,Unknown - Not Indicated - Unlocated,Mainline,Not reported,Co Rd T17/HWY T17,Secondary Road,Not Indicated as an Intersection,Suspected Serious Injury Crash,15000,Crossed centerline (undivided),Alcohol (Statutory),17,= 17,Female
20191139918,19-34851,20191020,4712212,220871,16:22,Sunday,Woodbury,Local Road,9999,Unknown - Not Indicated - Unlocated,Mainline,Not reported,21ST ST,Municipal Road,Not Indicated as an Intersection,Property Damage Only,3500,Driver Distraction:  Inattentive/lost in thought,Alcohol (Statutory),45,>= 45 and <= 49,Male
20191139919,19-34884,20191020,4710001,219518,23:30,Sunday,Woodbury,Interstate,29,Southbound (SB),Mainline,On underpass,I-29 & US 77,Interstate,Interstate - US Route,Property Damage Only,10200,Exceeded authorized speed,Alcohol (Statutory),29,>= 25 and <= 29,Not reported
20191139933,19-007423,20190923,4632774,408487,04:28,Monday,Dallas,Local Road,9999,Unknown - Not Indicated - Unlocated,Mainline,Not reported,PATTEE ST,Municipal Road,Not Indicated as an Intersection,Property Damage Only,1500,Traveling wrong way or on wrong side of road,Alcohol (Statutory),200,,Not reported
20191139933,19-007423,20190923,4632774,408487,04:28,Monday,Dallas,Local Road,9999,Unknown - Not Indicated - Unlocated,Mainline,Not reported,PATTEE ST,Municipal Road,Not Indicated as an Intersection,Property Damage Only,1500,Traveling wrong way or on wrong side of road,Alcohol (Statutory),19,= 19,Male
20191140002,SOI20190426,20191019,4621826,534006,01:18,Saturday,Poweshiek,US Route,63,Both North and South,Mainline,Not reported,US 63,US Route,Not Indicated as an Intersection,Property Damage Only,14000,Failed to keep in proper lane,Under Influence of Alcohol/Drugs/Medications,58,>= 55 and <= 59,Female
20191140002,SOI20190426,20191019,4621826,534006,01:18,Saturday,Poweshiek,US Route,63,Both North and South,Mainline,Not reported,US 63,US Route,Not Indicated as an Intersection,Property Damage Only,14000,Failed to keep in proper lane,Under Influence of Alcohol/Drugs/Medications,59,>= 55 and <= 59,Female
20191140022,201916342,20191010,4644481,610006,01:15,Thursday,Linn,Local Road,9999,Unknown - Not Indicated - Unlocated,Mainline,Not reported,33RD AVE SW,Municipal Road,Not Indicated as an Intersection,Property Damage Only,8000,Ran off road - right,Refused,22,>= 21 and <= 24,Male
20191140075,SO19-01106,20191012,4648167,508854,03:24,Saturday,Marshall,Local Road,9999,Unknown - Not Indicated - Unlocated,Mainline,Not reported,TAYLOR AVE & SMITH AVE,Secondary Road,Secondary - Secondary,Property Damage Only,3000,Lost control,Alcohol (Statutory),29,>= 25 and <= 29,Male
20191140125,SO19000169,20191020,4781166,595682,19:18,Sunday,Winneshiek,US Route,52,No Travel Direction Consistent with Route,Mainline,Not reported,US 52 & Co Rd W38/MIDDLE CALMAR RD,US Route,US Route - Secondary,Suspected Minor Injury Crash,12000,Passing:  Where prohibited by signs/markings,Alcohol (Statutory),24,>= 21 and <= 24,Male
20191140125,SO19000169,20191020,4781166,595682,19:18,Sunday,Winneshiek,US Route,52,No Travel Direction Consistent with Route,Mainline,Not reported,US 52 & Co Rd W38/MIDDLE CALMAR RD,US Route,US Route - Secondary,Suspected Minor Injury Crash,12000,Passing:  Where prohibited by signs/markings,Alcohol (Statutory),36,>= 35 and <= 39,Male
20191140152,2019028163,20191018,4610971,665184,17:57,Friday,Cedar,Interstate,80,Westbound (WB),Mainline,Not reported,I-80,Interstate,Not Indicated as an Intersection,Suspected Minor Injury Crash,25000,Exceeded authorized speed,Alcohol (Statutory),36,>= 35 and <= 39,Male
20191140152,2019028163,20191018,4610971,665184,17:57,Friday,Cedar,Interstate,80,Westbound (WB),Mainline,Not reported,I-80,Interstate,Not Indicated as an Intersection,Suspected Minor Injury Crash,25000,Exceeded authorized speed,Alcohol (Statutory),25,>= 25 and <= 29,Male
20191140152,2019028163,20191018,4610971,665184,17:57,Friday,Cedar,Interstate,80,Westbound (WB),Mainline,Not reported,I-80,Interstate,Not Indicated as an Intersection,Suspected Minor Injury Crash,25000,Exceeded authorized speed,Alcohol (Statutory),24,>= 21 and <= 24,Female
20191140201,W19-086901,20191021,4700606,551384,15:05,Monday,Black Hawk,Local Road,9999,Unknown - Not Indicated - Unlocated,Mainline,Not reported,FISHER DR,Municipal Road,Not Indicated as an Intersection,Property Damage Only,3000,Other,Alcohol (Statutory),200,,Not reported
20191140201,W19-086901,20191021,4700606,551384,15:05,Monday,Black Hawk,Local Road,9999,Unknown - Not Indicated - Unlocated,Mainline,Not reported,FISHER DR,Municipal Road,Not Indicated as an Intersection,Property Damage Only,3000,Other,Alcohol (Statutory),59,>= 55 and <= 59,Male
20191140259,SOI20190432,20191022,4618402,520674,18:44,Tuesday,Poweshiek,Local Road,9999,Unknown - Not Indicated - Unlocated,Mainline,Not reported,400TH AVE,Secondary Road,Not Indicated as an Intersection,Suspected Minor Injury Crash,19000,Exceeded authorized speed,Under Influence of Alcohol/Drugs/Medications,31,>= 30 and <= 34,Male
20191140268,19-36537,20191023,4518654,658677,01:24,Wednesday,Des Moines,Local Road,9999,Unknown - Not Indicated - Unlocated,Mainline,Not reported,SPRAY ST & GARFIELD AVE,Municipal Road,Municipal - Municipal,Property Damage Only,3500,Other,Alcohol (Statutory),42,>= 40 and <= 44,Female
20191140483,2019013902,20190522,4616960,450032,04:03,Wednesday,Polk,US Route,69,No Travel Direction Consistent with Route,Mainline,Not reported,US 69/S ANKENY BLVD/N 14TH ST & IA 160/SW ORALABOR RD/SE ORALABOR RD,US Route,US Route - IA Route,Suspected Minor Injury Crash,5200,Operating vehicle in an reckless, erratic, careless, negligent manner,Alcohol (Statutory),64,>= 60 and <= 64,Male
20191140483,2019013902,20190522,4616960,450032,04:03,Wednesday,Polk,US Route,69,No Travel Direction Consistent with Route,Mainline,Not reported,US 69/S ANKENY BLVD/N 14TH ST & IA 160/SW ORALABOR RD/SE ORALABOR RD,US Route,US Route - IA Route,Suspected Minor Injury Crash,5200,Operating vehicle in an reckless, erratic, careless, negligent manner,Alcohol (Statutory),29,>= 25 and <= 29,Not reported
20191140490,19014831,20191019,4739733,235055,22:05,Saturday,Plymouth,Local Road,9999,Unknown - Not Indicated - Unlocated,Mainline,Not reported,200TH ST,Secondary Road,Not Indicated as an Intersection,Suspected Minor Injury Crash,10000,Swerving/Evasive Action,Alcohol (Statutory),27,>= 25 and <= 29,Male
20191140534,201908104,20190910,4647542,423235,19:05,Tuesday,Boone,Local Road,9999,Unknown - Not Indicated - Unlocated,Mainline,Not reported,MAGNOLIA RD,Secondary Road,Not Indicated as an Intersection,Suspected Minor Injury Crash,5000,Operating vehicle in an reckless, erratic, careless, negligent manner,Alcohol (Statutory),63,>= 60 and <= 64,Male
20191140561,19-009315,20191005,4734289,633322,18:50,Saturday,Clayton,Farm to Market Route,9999,Unknown - Not Indicated - Unlocated,Mainline,Not reported,Co Rd X17/MAIN ST,Secondary Road,Not Indicated as an Intersection,Suspected Serious Injury Crash,15000,Operating vehicle in an reckless, erratic, careless, negligent manner,Alcohol (Statutory),34,>= 30 and <= 34,Female
20191140644,19-05774,20191025,4604916,435204,00:18,Friday,Polk,Interstate,35,Ramp,Ramp,Not reported,I-35,Interstate,Not Indicated as an Intersection,Property Damage Only,11568,Lost control,Refused,26,>= 25 and <= 29,Female
20191140695,19182179,20191022,4600996,621355,14:59,Tuesday,Johnson,US Route,218,Ramp,Ramp,Not reported,US 218/SW RAMP CURV,US Route,Not Indicated as an Intersection,Property Damage Only,2700,Operating vehicle in an reckless, erratic, careless, negligent manner,Alcohol (Statutory),47,>= 45 and <= 49,Male
20191140756,19-1078,20191025,4604428,457107,17:13,Friday,Polk,Farm to Market Route,9999,Unknown - Not Indicated - Unlocated,Mainline,Not reported,E OAKWOOD DR & HICKORY BLVD & N HICKORY BLVD,Municipal Road,Municipal - Municipal,Suspected Minor Injury Crash,15000,Ran stop sign,Alcohol (Statutory),22,>= 21 and <= 24,Female
20191140756,19-1078,20191025,4604428,457107,17:13,Friday,Polk,Farm to Market Route,9999,Unknown - Not Indicated - Unlocated,Mainline,Not reported,E OAKWOOD DR & HICKORY BLVD & N HICKORY BLVD,Municipal Road,Municipal - Municipal,Suspected Minor Injury Crash,15000,Ran stop sign,Alcohol (Statutory),72,>= 70 and <= 74,Male
20191140785,20190033981,20191025,4605527,451189,20:04,Friday,Polk,Interstate,235,Ramp,Ramp,Not reported,I-235,Interstate,Not Indicated as an Intersection,Suspected Minor Injury Crash,10000,Ran off road - left,Alcohol (Statutory),46,>= 45 and <= 49,Male
20191140816,2019-83635,20191007,4603249,706212,14:47,Monday,Scott,Local Road,9999,Unknown - Not Indicated - Unlocated,Mainline,Not reported,ELMORE AVE,Municipal Road,Not Indicated as an Intersection,Suspected Minor Injury Crash,12000,Driver Distraction:  Inattentive/lost in thought,Refused,50,>= 50 and <= 54,Female
20191140816,2019-83635,20191007,4603249,706212,14:47,Monday,Scott,Local Road,9999,Unknown - Not Indicated - Unlocated,Mainline,Not reported,ELMORE AVE,Municipal Road,Not Indicated as an Intersection,Suspected Minor Injury Crash,12000,Driver Distraction:  Inattentive/lost in thought,Refused,55,>= 55 and <= 59,Male
20191140847,201909352,20191026,4654262,404897,05:09,Saturday,Boone,US Route,30,Both East and West,Mainline,Not reported,US 30/220TH ST,US Route,Not Indicated as an Intersection,Property Damage Only,6000,Lost control,Alcohol (Statutory),28,>= 25 and <= 29,Male
20191140847,201909352,20191026,4654262,404897,05:09,Saturday,Boone,US Route,30,Both East and West,Mainline,Not reported,US 30/220TH ST,US Route,Not Indicated as an Intersection,Property Damage Only,6000,Lost control,Alcohol (Statutory),21,>= 21 and <= 24,Male
20191140854,2019028775,20191025,4771085,472105,02:00,Friday,Cerro Gordo,Interstate,35,Ramp,Ramp,Not reported,I-35,Interstate,Not Indicated as an Intersection,Suspected Minor Injury Crash,8500,Ran off road - straight,Alcohol (Statutory),19,= 19,Male
20191140911,SOI20190437,20191027,4610958,537299,01:08,Sunday,Poweshiek,US Route,63,Northbound (NB),Mainline,Not reported,US 63,US Route,Not Indicated as an Intersection,Property Damage Only,6000,Lost control,Alcohol (Statutory),24,>= 21 and <= 24,Male
20191140965,W19-088448,20191026,4704931,554214,23:56,Saturday,Black Hawk,Local Road,9999,Unknown - Not Indicated - Unlocated,Mainline,Not reported,W 4TH ST,Municipal Road,Not Indicated as an Intersection,Possible/Unknown Injury Crash,1000,Other,Refused,50,>= 50 and <= 54,Male
20191141025,20190034156,20191027,4460000,190000,16:06,Sunday,Polk,Construction,9999,Unknown - Not Indicated - Unlocated,Mainline,Not reported,,Unknown,Not Indicated as an Intersection,Possible/Unknown Injury Crash,4100,Operating vehicle in an reckless, erratic, careless, negligent manner,Alcohol (Statutory),27,>= 25 and <= 29,Male
20191141027,19-4584,20191026,4716049,347749,01:40,Saturday,Pocahontas,Farm to Market Route,9999,Unknown - Not Indicated - Unlocated,Mainline,Not reported,Co Rd N28/130TH AVE & BRIDGE ST,Secondary Road,Secondary - Municipal,Property Damage Only,1700,Made improper turn,Alcohol (Statutory),39,>= 35 and <= 39,Female
20191141048,2019-88761,20191026,4598340,698773,14:56,Saturday,Scott,Local Road,9999,Unknown - Not Indicated - Unlocated,Mainline,Not reported,ROCKINGHAM RD & ROLFF ST,Municipal Road,Municipal - Municipal,Property Damage Only,1500,Operating vehicle in an reckless, erratic, careless, negligent manner,Refused,30,>= 30 and <= 34,Male
20191141048,2019-88761,20191026,4598340,698773,14:56,Saturday,Scott,Local Road,9999,Unknown - Not Indicated - Unlocated,Mainline,Not reported,ROCKINGHAM RD & ROLFF ST,Municipal Road,Municipal - Municipal,Property Damage Only,1500,Operating vehicle in an reckless, erratic, careless, negligent manner,Refused,47,>= 45 and <= 49,Male
20191141110,2019-008045,20191025,4704880,689065,23:17,Friday,Dubuque,Local Road,9999,Unknown - Not Indicated - Unlocated,Mainline,Not reported,VALENTINE DR,Municipal Road,Not Indicated as an Intersection,Suspected Minor Injury Crash,8000,Ran off road - left,Refused,19,= 19,Male
20191141138,19-35528,20191026,4460000,190000,16:11,Saturday,Woodbury,Construction,9999,Unknown - Not Indicated - Unlocated,Mainline,Not reported,,Unknown,Not Indicated as an Intersection,Property Damage Only,2100,Operating vehicle in an reckless, erratic, careless, negligent manner,Refused,19,= 19,Male
20191141142,19-35543,20191026,4705915,223857,18:15,Saturday,Woodbury,Local Road,9999,Unknown - Not Indicated - Unlocated,Mainline,Not reported,SERGEANT RD,Municipal Road,Not Indicated as an Intersection,Suspected Minor Injury Crash,3000,Lost control,Alcohol (Statutory),35,>= 35 and <= 39,Male
20191141146,19-35563,20191026,4710086,219345,21:00,Saturday,Woodbury,Interstate,29,No Travel Direction Consistent with Route,Mainline,Not reported,I-29,Interstate,Not Indicated as an Intersection,Possible/Unknown Injury Crash,5000,Exceeded authorized speed,Alcohol (Statutory),60,>= 60 and <= 64,Male
20191141196,2019-79748,20190923,4607841,702265,21:05,Monday,Scott,Interstate,80,Westbound (WB),Mainline,Not reported,I-80,Interstate,Not Indicated as an Intersection,Property Damage Only,50000,Ran off road - straight,Refused,50,>= 50 and <= 54,Male
20191141206,2019028659,20191023,4602004,385255,20:10,Wednesday,Guthrie,Farm to Market Route,9999,Unknown - Not Indicated - Unlocated,Mainline,Not reported,TALON AVE & 310TH ST,Secondary Road,Secondary - Secondary,Suspected Minor Injury Crash,4500,Driving too fast for conditions,Refused,33,>= 30 and <= 34,Male
20191141254,19-060322,20191023,4740207,340272,21:29,Wednesday,Buena Vista,Farm to Market Route,9999,Unknown - Not Indicated - Unlocated,Mainline,Not reported,Co Rd N14/230TH AVE,Secondary Road,Not Indicated as an Intersection,Suspected Minor Injury Crash,18000,Driver Distraction:  Inattentive/lost in thought,Under Influence of Alcohol/Drugs/Medications,23,>= 21 and <= 24,Male
20191141398,2019-003189,20190504,4707330,692066,17:10,Saturday,Dubuque,US Route,52,Northbound (NB),Mainline,On overpass,US 52/KERRIGAN RD & IA 946/IOWA 946,US Route,US Route - IA Route,Suspected Serious Injury Crash,5000,Lost control,Alcohol (< Statutory),63,>= 60 and <= 64,Male
20191141400,2019-008074,20191027,4708425,692335,03:14,Sunday,Dubuque,Local Road,9999,Unknown - Not Indicated - Unlocated,Mainline,Not reported,KERPER BLVD,Municipal Road,Not Indicated as an Intersection,Property Damage Only,3500,Followed too close,Alcohol (Statutory),25,>= 25 and <= 29,Male
20191141400,2019-008074,20191027,4708425,692335,03:14,Sunday,Dubuque,Local Road,9999,Unknown - Not Indicated - Unlocated,Mainline,Not reported,KERPER BLVD,Municipal Road,Not Indicated as an Intersection,Property Damage Only,3500,Followed too close,Alcohol (Statutory),34,>= 30 and <= 34,Female
20191141473,19041668,20191028,4588044,663288,13:33,Monday,Muscatine,Local Road,9999,Unknown - Not Indicated - Unlocated,Mainline,Not reported,E 7TH ST,Municipal Road,Not Indicated as an Intersection,Property Damage Only,8000,Lost control,Refused,37,>= 35 and <= 39,Male
20191141473,19041668,20191028,4588044,663288,13:33,Monday,Muscatine,Local Road,9999,Unknown - Not Indicated - Unlocated,Mainline,Not reported,E 7TH ST,Municipal Road,Not Indicated as an Intersection,Property Damage Only,8000,Lost control,Refused,200,,Not reported
20191141548,19-010993,20191022,4660201,595174,20:07,Tuesday,Benton,Local Road,9999,Unknown - Not Indicated - Unlocated,Mainline,Not reported,33 AVE DR,Secondary Road,Not Indicated as an Intersection,Suspected Minor Injury Crash,5000,Ran off road - left,Alcohol (Statutory),22,>= 21 and <= 24,Male