Case Number,Law Enforcement Case Number,Date of Crash,Y-Coordinate (UTM NAD 83 Zone 15),X-Coordinate (UTM NAD 83 Zone 15),Time,Day of Week,County,Road System,Route,Cardinal Direction of Vehicles,Mainline or Ramp,Overpass/Underpass Information,Derived Literal Description,Road Classification,Intersection Class,Crash Severity,Amount of Property Damage,Major Cause,Drug or Alcohol Related,Driver Age,Driver Age - 5 year Bins,Driver Gender
20191144170,19009562,20191019,4570667,653018,19:05,Saturday,Louisa,Farm to Market Route,9999,Unknown - Not Indicated - Unlocated,Mainline,Not reported,148TH ST,Secondary Road,Not Indicated as an Intersection,Suspected Minor Injury Crash,5000,Lost control,Refused,35,>= 35 and <= 39,Male
20191144182,19-8299,20191108,4615806,448734,20:33,Friday,Polk,Local Road,9999,Unknown - Not Indicated - Unlocated,Mainline,Not reported,NE 2ND ST,Secondary Road,Not Indicated as an Intersection,Property Damage Only,10000,Ran off road - straight,Alcohol (Statutory),50,>= 50 and <= 54,Male
20191144202,19-008384,20191109,4643103,257383,11:43,Saturday,Monona,Farm to Market Route,9999,Unknown - Not Indicated - Unlocated,Mainline,Not reported,314TH ST & OLIVE AVE,Secondary Road,Secondary - Secondary,Suspected Serious Injury Crash,7000,Ran off road - right,Alcohol (Statutory),62,>= 60 and <= 64,Male
20191144202,19-008384,20191109,4643103,257383,11:43,Saturday,Monona,Farm to Market Route,9999,Unknown - Not Indicated - Unlocated,Mainline,Not reported,314TH ST & OLIVE AVE,Secondary Road,Secondary - Secondary,Suspected Serious Injury Crash,7000,Ran off road - right,Alcohol (Statutory),200,,Not reported
20191144254,20190035709,20191109,4605207,450059,04:40,Saturday,Polk,US Route,69,Both North and South,Mainline,Not reported,US 69/E 14TH ST,US Route,Not Indicated as an Intersection,Property Damage Only,7000,Traveling wrong way or on wrong side of road,Refused,24,>= 21 and <= 24,Male
20191144254,20190035709,20191109,4605207,450059,04:40,Saturday,Polk,US Route,69,Both North and South,Mainline,Not reported,US 69/E 14TH ST,US Route,Not Indicated as an Intersection,Property Damage Only,7000,Traveling wrong way or on wrong side of road,Refused,67,>= 65 and <= 69,Male
20191144259,20190035796,20191109,4604836,447224,22:38,Saturday,Polk,Local Road,9999,Unknown - Not Indicated - Unlocated,Mainline,Not reported,CROCKER ST & OAKRIDGE DR & KEOSAUQUA WAY,Municipal Road,Municipal - Municipal,Possible/Unknown Injury Crash,5500,Unknown,Refused,24,>= 21 and <= 24,Female
20191144293,20190035815,20191110,4607254,441866,02:50,Sunday,Polk,US Route,6,Eastbound (EB),Mainline,Not reported,US 6/MERLE HAY RD/HICKMAN RD & MERKLIN WAY,US Route,US Route - Municipal,Suspected Minor Injury Crash,11500,Ran traffic signal,Alcohol (Statutory),32,>= 30 and <= 34,Male
20191144293,20190035815,20191110,4607254,441866,02:50,Sunday,Polk,US Route,6,Eastbound (EB),Mainline,Not reported,US 6/MERLE HAY RD/HICKMAN RD & MERKLIN WAY,US Route,US Route - Municipal,Suspected Minor Injury Crash,11500,Ran traffic signal,Alcohol (Statutory),26,>= 25 and <= 29,Female
20191144302,19-00634,20191109,4460000,190000,16:00,Saturday,Warren,Local Road,9999,Unknown - Not Indicated - Unlocated,Mainline,Not reported,WEST HIGH RD,Municipal Road,Not Indicated as an Intersection,Property Damage Only,15000,Operating vehicle in an reckless, erratic, careless, negligent manner,Alcohol (Statutory),200,,Not reported
20191144302,19-00634,20191109,4460000,190000,16:00,Saturday,Warren,Local Road,9999,Unknown - Not Indicated - Unlocated,Mainline,Not reported,WEST HIGH RD,Municipal Road,Not Indicated as an Intersection,Property Damage Only,15000,Operating vehicle in an reckless, erratic, careless, negligent manner,Alcohol (Statutory),24,>= 21 and <= 24,Male
20191144341,19-8329,20191110,4607168,457568,15:30,Sunday,Polk,Farm to Market Route,9999,Unknown - Not Indicated - Unlocated,Mainline,Not reported,NE 23RD AVE & N COPPER WYND DR,Secondary Road,Secondary - Municipal,Property Damage Only,3964,FTYROW:  Making left turn,Alcohol (Statutory),30,>= 30 and <= 34,Male
20191144341,19-8329,20191110,4607168,457568,15:30,Sunday,Polk,Farm to Market Route,9999,Unknown - Not Indicated - Unlocated,Mainline,Not reported,NE 23RD AVE & N COPPER WYND DR,Secondary Road,Secondary - Municipal,Property Damage Only,3964,FTYROW:  Making left turn,Alcohol (Statutory),62,>= 60 and <= 64,Female
20191144366,19-06159,20191110,4605297,438493,19:15,Sunday,Polk,Local Road,9999,Unknown - Not Indicated - Unlocated,Mainline,Not reported,WESTOWN PKWY,Municipal Road,Not Indicated as an Intersection,Property Damage Only,2000,Exceeded authorized speed,Alcohol (Statutory),45,>= 45 and <= 49,Male
20191144366,19-06159,20191110,4605297,438493,19:15,Sunday,Polk,Local Road,9999,Unknown - Not Indicated - Unlocated,Mainline,Not reported,WESTOWN PKWY,Municipal Road,Not Indicated as an Intersection,Property Damage Only,2000,Exceeded authorized speed,Alcohol (Statutory),32,>= 30 and <= 34,Female
20191144370,19090378,20191103,4710335,547248,03:32,Sunday,Black Hawk,US Route,218,Northbound (NB),Mainline,Not reported,US 218,US Route,Not Indicated as an Intersection,Suspected Minor Injury Crash,4000,Animal,Alcohol (Statutory),19,= 19,Female
20191144375,CLP19003705,20191110,4635185,728589,21:16,Sunday,Clinton,Local Road,9999,Unknown - Not Indicated - Unlocated,Mainline,Not reported,MILL CREEK PKWY,Municipal Road,Not Indicated as an Intersection,Possible/Unknown Injury Crash,1500,Operating vehicle in an reckless, erratic, careless, negligent manner,Alcohol (Statutory),23,>= 21 and <= 24,Male
20191144382,19-02732,20191110,4610478,441897,23:50,Sunday,Polk,Iowa Route,28,Both North and South,Mainline,Not reported,IA 28/MERLE HAY RD & NW MEREDITH DR,Iowa Route,IA Route - Municipal,Property Damage Only,16000,FTYROW:  Making left turn,Refused,33,>= 30 and <= 34,Male
20191144382,19-02732,20191110,4610478,441897,23:50,Sunday,Polk,Iowa Route,28,Both North and South,Mainline,Not reported,IA 28/MERLE HAY RD & NW MEREDITH DR,Iowa Route,IA Route - Municipal,Property Damage Only,16000,FTYROW:  Making left turn,Refused,33,>= 30 and <= 34,Male
20191144449,19-011797,20191109,4682657,477674,02:00,Saturday,Hardin,Farm to Market Route,9999,Unknown - Not Indicated - Unlocated,Mainline,Not reported,Co Rd D55/280TH ST & L AVE,Secondary Road,Secondary - Secondary,Suspected Minor Injury Crash,10000,Operating vehicle in an reckless, erratic, careless, negligent manner,Alcohol (Statutory),21,>= 21 and <= 24,Female
20191144460,19-0971,20191109,4605655,440415,20:31,Saturday,Polk,Local Road,9999,Unknown - Not Indicated - Unlocated,Mainline,Not reported,UNIVERSITY AVE,Municipal Road,Not Indicated as an Intersection,Property Damage Only,8000,Crossed centerline (undivided),Alcohol (Statutory),34,>= 30 and <= 34,Female
20191144460,19-0971,20191109,4605655,440415,20:31,Saturday,Polk,Local Road,9999,Unknown - Not Indicated - Unlocated,Mainline,Not reported,UNIVERSITY AVE,Municipal Road,Not Indicated as an Intersection,Property Damage Only,8000,Crossed centerline (undivided),Alcohol (Statutory),43,>= 40 and <= 44,Female
20191144528,19194546,20191111,4622485,612887,09:36,Monday,Johnson,Interstate,380,Southbound (SB),Mainline,Not reported,I-380,Interstate,Not Indicated as an Intersection,Property Damage Only,16000,Lost control,Refused,40,>= 40 and <= 44,Female
20191144528,19194546,20191111,4622485,612887,09:36,Monday,Johnson,Interstate,380,Southbound (SB),Mainline,Not reported,I-380,Interstate,Not Indicated as an Intersection,Property Damage Only,16000,Lost control,Refused,30,>= 30 and <= 34,Female
20191144574,201917712,20191103,4647362,607680,18:04,Sunday,Linn,Local Road,9999,Unknown - Not Indicated - Unlocated,Mainline,Not reported,1ST AVE W,Municipal Road,Not Indicated as an Intersection,Property Damage Only,3503,Other,Alcohol (Statutory),24,>= 21 and <= 24,Male
20191144574,201917712,20191103,4647362,607680,18:04,Sunday,Linn,Local Road,9999,Unknown - Not Indicated - Unlocated,Mainline,Not reported,1ST AVE W,Municipal Road,Not Indicated as an Intersection,Property Damage Only,3503,Other,Alcohol (Statutory),200,,Not reported
20191144580,2019-92308,20191108,4603243,700892,20:42,Friday,Scott,Local Road,9999,Unknown - Not Indicated - Unlocated,Mainline,Not reported,W 35TH ST & MARQUETTE ST,Municipal Road,Municipal - Municipal,Property Damage Only,2500,Followed too close,Alcohol (Statutory),46,>= 45 and <= 49,Female
20191144580,2019-92308,20191108,4603243,700892,20:42,Friday,Scott,Local Road,9999,Unknown - Not Indicated - Unlocated,Mainline,Not reported,W 35TH ST & MARQUETTE ST,Municipal Road,Municipal - Municipal,Property Damage Only,2500,Followed too close,Alcohol (Statutory),67,>= 65 and <= 69,Female
20191144661,W19-092839,20191112,4699123,547667,03:15,Tuesday,Black Hawk,US Route,63,Northbound (NB),Mainline,Not reported,US 63/SERGEANT RD & W SHAULIS RD,US Route,US Route - Municipal,Property Damage Only,5000,Animal,Refused,36,>= 35 and <= 39,Male
20191144773,19-005698,20191108,4651926,446305,01:23,Friday,Story,Local Road,9999,Unknown - Not Indicated - Unlocated,Mainline,Not reported,STANTON AVE,Municipal Road,Not Indicated as an Intersection,Suspected Minor Injury Crash,22000,Lost control,Under Influence of Alcohol/Drugs/Medications,200,,Not reported
20191144773,19-005698,20191108,4651926,446305,01:23,Friday,Story,Local Road,9999,Unknown - Not Indicated - Unlocated,Mainline,Not reported,STANTON AVE,Municipal Road,Not Indicated as an Intersection,Suspected Minor Injury Crash,22000,Lost control,Under Influence of Alcohol/Drugs/Medications,21,>= 21 and <= 24,Male
20191144773,19-005698,20191108,4651926,446305,01:23,Friday,Story,Local Road,9999,Unknown - Not Indicated - Unlocated,Mainline,Not reported,STANTON AVE,Municipal Road,Not Indicated as an Intersection,Suspected Minor Injury Crash,22000,Lost control,Under Influence of Alcohol/Drugs/Medications,200,,Not reported
20191144909,19-37358,20191111,4705644,227997,21:03,Monday,Woodbury,Local Road,9999,Unknown - Not Indicated - Unlocated,Mainline,Not reported,GLEN ELLEN RD,Municipal Road,Not Indicated as an Intersection,Property Damage Only,18500,Ran off road - right,Alcohol (Statutory),22,>= 21 and <= 24,Male
20191145045,19092456,20191110,4702056,545144,14:49,Sunday,Black Hawk,Farm to Market Route,9999,Unknown - Not Indicated - Unlocated,Mainline,Not reported,W RIDGEWAY AVE,Municipal Road,Not Indicated as an Intersection,Property Damage Only,18500,Exceeded authorized speed,Refused,33,>= 30 and <= 34,Male
20191145074,19-34582,20191102,4614578,498050,05:25,Saturday,Jasper,Interstate,80,Eastbound (EB),Mainline,Not reported,I-80,Interstate,Not Indicated as an Intersection,Possible/Unknown Injury Crash,6827,Ran off road - right,Refused,38,>= 35 and <= 39,Male
20191145113,19-004773,20191109,4727463,370961,00:00,Saturday,Pocahontas,Farm to Market Route,9999,Unknown - Not Indicated - Unlocated,Mainline,Not reported,550TH ST,Secondary Road,Not Indicated as an Intersection,Property Damage Only,3000,Driver Distraction:  Inattentive/lost in thought,Refused,23,>= 21 and <= 24,Male
20191145194,19-37346,20191111,4713196,220596,18:28,Monday,Woodbury,Local Road,9999,Unknown - Not Indicated - Unlocated,Mainline,Not reported,29TH ST,Municipal Road,Not Indicated as an Intersection,Property Damage Only,6000,Lost control,Under Influence of Alcohol/Drugs/Medications,200,,Not reported
20191145194,19-37346,20191111,4713196,220596,18:28,Monday,Woodbury,Local Road,9999,Unknown - Not Indicated - Unlocated,Mainline,Not reported,29TH ST,Municipal Road,Not Indicated as an Intersection,Property Damage Only,6000,Lost control,Under Influence of Alcohol/Drugs/Medications,46,>= 45 and <= 49,Male
20191145239,19-009971,20191108,4542969,435481,21:35,Friday,Clarke,Local Road,9999,Unknown - Not Indicated - Unlocated,Mainline,Not reported,N FILLMORE ST,Municipal Road,Not Indicated as an Intersection,Suspected Serious Injury Crash,110000,Lost control,Alcohol (Statutory),20,= 20,Male
20191145277,19017397,20191112,4626353,668151,21:00,Tuesday,Cedar,Iowa Route,130,Eastbound (EB),Mainline,Not reported,IA 130/IOWA 130,Iowa Route,Not Indicated as an Intersection,Property Damage Only,12311,Ran stop sign,Alcohol (Statutory),21,>= 21 and <= 24,Male
20191145277,19017397,20191112,4626353,668151,21:00,Tuesday,Cedar,Iowa Route,130,Eastbound (EB),Mainline,Not reported,IA 130/IOWA 130,Iowa Route,Not Indicated as an Intersection,Property Damage Only,12311,Ran stop sign,Alcohol (Statutory),22,>= 21 and <= 24,Male
20191145356,201917660,20191103,4650102,612557,00:40,Sunday,Linn,Local Road,9999,Unknown - Not Indicated - Unlocated,Mainline,Not reported,20TH ST NE,Municipal Road,Not Indicated as an Intersection,Property Damage Only,1500,Improper backing,Refused,39,>= 35 and <= 39,Female
20191145356,201917660,20191103,4650102,612557,00:40,Sunday,Linn,Local Road,9999,Unknown - Not Indicated - Unlocated,Mainline,Not reported,20TH ST NE,Municipal Road,Not Indicated as an Intersection,Property Damage Only,1500,Improper backing,Refused,32,>= 30 and <= 34,Male
20191145360,19-008960,20190826,4677013,485443,12:26,Monday,Hardin,Farm to Market Route,9999,Unknown - Not Indicated - Unlocated,Mainline,Not reported,Co Rd D65/CO HWY D65 & Co Rd S57/CO HWY S57,Secondary Road,Secondary - Secondary,Property Damage Only,5400,Ran off road - straight,Alcohol (Statutory),38,>= 35 and <= 39,Female
20191145401,19-017401,20191113,4572381,257124,09:01,Wednesday,Pottawattamie,Local Road,9999,Unknown - Not Indicated - Unlocated,Mainline,Not reported,AVE E & N 34TH ST,Municipal Road,Municipal - Municipal,Property Damage Only,3500,Exceeded authorized speed,Under Influence of Alcohol/Drugs/Medications,15,= 15,Male
20191145402,19001665,20191107,4613014,621748,17:10,Thursday,Johnson,Local Road,9999,Unknown - Not Indicated - Unlocated,Mainline,Not reported,S MADISON ST,Municipal Road,Not Indicated as an Intersection,Property Damage Only,3000,Ran off road - right,Alcohol (Statutory),41,>= 40 and <= 44,Male
20191145487,19-8417,20191113,4615484,433309,23:59,Wednesday,Polk,Iowa Route,44,Eastbound (EB),Mainline,Not reported,IA 44/1ST ST,Iowa Route,Not Indicated as an Intersection,Property Damage Only,8400,Driver Distraction:  Manual operation of an electronic communication device,Alcohol (Statutory),31,>= 30 and <= 34,Female
20191145488,19-006393,20191110,4616757,448788,02:30,Sunday,Polk,Local Road,9999,Unknown - Not Indicated - Unlocated,Mainline,Not reported,SW 28TH ST,Municipal Road,Not Indicated as an Intersection,Property Damage Only,5500,Other:  Disregarded signs/road markings,Alcohol (Statutory),18,= 18,Male
20191145492,2019011446,20191102,4612955,622502,01:53,Saturday,Johnson,Local Road,9999,Unknown - Not Indicated - Unlocated,Mainline,Not reported,E COLLEGE ST & VAN BUREN ST,Municipal Road,Municipal - Municipal,Property Damage Only,3500,Lost control,Alcohol (Statutory),200,,Not reported
20191145492,2019011446,20191102,4612955,622502,01:53,Saturday,Johnson,Local Road,9999,Unknown - Not Indicated - Unlocated,Mainline,Not reported,E COLLEGE ST & VAN BUREN ST,Municipal Road,Municipal - Municipal,Property Damage Only,3500,Lost control,Alcohol (Statutory),200,,Not reported
20191145492,2019011446,20191102,4612955,622502,01:53,Saturday,Johnson,Local Road,9999,Unknown - Not Indicated - Unlocated,Mainline,Not reported,E COLLEGE ST & VAN BUREN ST,Municipal Road,Municipal - Municipal,Property Damage Only,3500,Lost control,Alcohol (Statutory),35,>= 35 and <= 39,Male
20191145526,19005669,20191105,4650780,449272,22:30,Tuesday,Story,Local Road,9999,Unknown - Not Indicated - Unlocated,Mainline,Not reported,S KELLOGG AVE,Municipal Road,Not Indicated as an Intersection,Suspected Minor Injury Crash,8500,Lost control,Under Influence of Alcohol/Drugs/Medications,27,>= 25 and <= 29,Female
20191145526,19005669,20191105,4650780,449272,22:30,Tuesday,Story,Local Road,9999,Unknown - Not Indicated - Unlocated,Mainline,Not reported,S KELLOGG AVE,Municipal Road,Not Indicated as an Intersection,Suspected Minor Injury Crash,8500,Lost control,Under Influence of Alcohol/Drugs/Medications,200,,Not reported
20191145577,19-008386,20191024,4749262,516165,13:34,Thursday,Butler,Farm to Market Route,9999,Unknown - Not Indicated - Unlocated,Mainline,Not reported,TRAER ST,Municipal Road,Not Indicated as an Intersection,Property Damage Only,2000,Lost control,Alcohol (Statutory),200,,Not reported
20191145577,19-008386,20191024,4749262,516165,13:34,Thursday,Butler,Farm to Market Route,9999,Unknown - Not Indicated - Unlocated,Mainline,Not reported,TRAER ST,Municipal Road,Not Indicated as an Intersection,Property Damage Only,2000,Lost control,Alcohol (Statutory),30,>= 30 and <= 34,Female
20191145660,20190036336,20191114,4605346,450857,13:21,Thursday,Polk,Interstate,235,Ramp,Ramp,Not reported,I-235,Interstate,Not Indicated as an Intersection,Property Damage Only,15000,Lost control,Alcohol (Statutory),50,>= 50 and <= 54,Female
20191145778,19004500,20190908,4650910,447064,03:32,Sunday,Story,Farm to Market Route,9999,Unknown - Not Indicated - Unlocated,Mainline,Not reported,UNIVERSITY BLVD,Municipal Road,Not Indicated as an Intersection,Suspected Minor Injury Crash,10000,Ran off road - right,Under Influence of Alcohol/Drugs/Medications,19,= 19,Male
20191145792,AC19-070,20191115,4614280,306167,00:33,Friday,Shelby,Local Road,9999,Unknown - Not Indicated - Unlocated,Mainline,Not reported,DURANT ST,Municipal Road,Not Indicated as an Intersection,Suspected Minor Injury Crash,9000,Operating vehicle in an reckless, erratic, careless, negligent manner,Alcohol (Statutory),16,= 16,Male
20191145797,19-021011-01,20191011,4604422,585968,01:00,Friday,Iowa,Farm to Market Route,9999,Unknown - Not Indicated - Unlocated,Mainline,Not reported,Co Rd F52/F52 TRL,Secondary Road,Not Indicated as an Intersection,Suspected Serious Injury Crash,10500,Ran off road - right,Under Influence of Alcohol/Drugs/Medications,33,>= 30 and <= 34,Male
20191145903,19-31351,20191114,4600091,708300,21:01,Thursday,Scott,US Route,67,No Travel Direction Consistent with Route,Mainline,Not reported,US 67/STATE ST & 21ST ST,US Route,US Route - Municipal,Suspected Minor Injury Crash,10000,Failed to keep in proper lane,Refused,200,,Not reported
20191145903,19-31351,20191114,4600091,708300,21:01,Thursday,Scott,US Route,67,No Travel Direction Consistent with Route,Mainline,Not reported,US 67/STATE ST & 21ST ST,US Route,US Route - Municipal,Suspected Minor Injury Crash,10000,Failed to keep in proper lane,Refused,70,>= 70 and <= 74,Female
20191145948,2019-43759,20191115,4618158,679052,01:30,Friday,Scott,Iowa Route,130,Westbound (WB),Mainline,Not reported,IA 130/NEW LIBERTY RD,Iowa Route,Not Indicated as an Intersection,Property Damage Only,5500,Ran off road - right,Alcohol (Statutory),57,>= 55 and <= 59,Not reported
20191145977,20190036537,20191115,4604138,445625,22:30,Friday,Polk,Local Road,9999,Unknown - Not Indicated - Unlocated,Mainline,Not reported,HIGH ST,Municipal Road,Not Indicated as an Intersection,Possible/Unknown Injury Crash,75000,Driver Distraction:  Adjusting devices (radio, climate),Alcohol (Statutory),60,>= 60 and <= 64,Male
20191145977,20190036537,20191115,4604138,445625,22:30,Friday,Polk,Local Road,9999,Unknown - Not Indicated - Unlocated,Mainline,Not reported,HIGH ST,Municipal Road,Not Indicated as an Intersection,Possible/Unknown Injury Crash,75000,Driver Distraction:  Adjusting devices (radio, climate),Alcohol (Statutory),36,>= 35 and <= 39,Female
20191145977,20190036537,20191115,4604138,445625,22:30,Friday,Polk,Local Road,9999,Unknown - Not Indicated - Unlocated,Mainline,Not reported,HIGH ST,Municipal Road,Not Indicated as an Intersection,Possible/Unknown Injury Crash,75000,Driver Distraction:  Adjusting devices (radio, climate),Alcohol (Statutory),200,,Not reported
20191146097,201910034,20191117,4635966,408205,05:53,Sunday,Boone,Iowa Route,144,No Travel Direction Consistent with Route,Mainline,Not reported,IA 144/D AVE,Iowa Route,Not Indicated as an Intersection,Property Damage Only,8000,Ran stop sign,Alcohol (Statutory),21,>= 21 and <= 24,Male
20191146123,W19-094020,20191116,4707360,554604,02:22,Saturday,Black Hawk,Local Road,9999,Unknown - Not Indicated - Unlocated,Mainline,Not reported,E PARKER ST & SHERMAN AVE,Municipal Road,Municipal - Municipal,Possible/Unknown Injury Crash,5000,Ran stop sign,Refused,35,>= 35 and <= 39,Female
20191146123,W19-094020,20191116,4707360,554604,02:22,Saturday,Black Hawk,Local Road,9999,Unknown - Not Indicated - Unlocated,Mainline,Not reported,E PARKER ST & SHERMAN AVE,Municipal Road,Municipal - Municipal,Possible/Unknown Injury Crash,5000,Ran stop sign,Refused,26,>= 25 and <= 29,Female
20191146125,W19-094294,20191116,4702409,555073,22:44,Saturday,Black Hawk,Local Road,9999,Unknown - Not Indicated - Unlocated,Mainline,Not reported,LOCKE AVE & MINNESOTA ST,Municipal Road,Municipal - Municipal,Property Damage Only,6000,Other,Refused,18,= 18,Female
20191146125,W19-094294,20191116,4702409,555073,22:44,Saturday,Black Hawk,Local Road,9999,Unknown - Not Indicated - Unlocated,Mainline,Not reported,LOCKE AVE & MINNESOTA ST,Municipal Road,Municipal - Municipal,Property Damage Only,6000,Other,Refused,25,>= 25 and <= 29,Male
20191146160,19-001383,20191116,4653130,445807,02:56,Saturday,Story,Local Road,9999,Unknown - Not Indicated - Unlocated,Mainline,Not reported,SHELDON AVE EXT,Institutional Road,Not Indicated as an Intersection,Property Damage Only,1500,Ran off road - left,Alcohol (Statutory),23,>= 21 and <= 24,Male
20191146211,14963,20191116,4703868,323409,19:00,Saturday,Sac,US Route,71,Southbound (SB),Mainline,Not reported,US 71/KARR AVE,US Route,Not Indicated as an Intersection,Possible/Unknown Injury Crash,25460,Operating vehicle in an reckless, erratic, careless, negligent manner,Alcohol (Statutory),40,>= 40 and <= 44,Female
20191146211,14963,20191116,4703868,323409,19:00,Saturday,Sac,US Route,71,Southbound (SB),Mainline,Not reported,US 71/KARR AVE,US Route,Not Indicated as an Intersection,Possible/Unknown Injury Crash,25460,Operating vehicle in an reckless, erratic, careless, negligent manner,Alcohol (Statutory),49,>= 45 and <= 49,Male
20191146219,19-011796,20191109,4685815,490497,02:13,Saturday,Hardin,Farm to Market Route,9999,Unknown - Not Indicated - Unlocated,Mainline,Not reported,260TH ST,Secondary Road,Not Indicated as an Intersection,Suspected Serious Injury Crash,15500,Operating vehicle in an reckless, erratic, careless, negligent manner,Under Influence of Alcohol/Drugs/Medications,22,>= 21 and <= 24,Male
20191146267,2019-008630,20191115,4706944,688485,17:09,Friday,Dubuque,US Route,20,Westbound (WB),Mainline,Not reported,US 20/DODGE ST,US Route,Not Indicated as an Intersection,Property Damage Only,3900,Other,Refused,34,>= 30 and <= 34,Male
20191146267,2019-008630,20191115,4706944,688485,17:09,Friday,Dubuque,US Route,20,Westbound (WB),Mainline,Not reported,US 20/DODGE ST,US Route,Not Indicated as an Intersection,Property Damage Only,3900,Other,Refused,25,>= 25 and <= 29,Female
20191146267,2019-008630,20191115,4706944,688485,17:09,Friday,Dubuque,US Route,20,Westbound (WB),Mainline,Not reported,US 20/DODGE ST,US Route,Not Indicated as an Intersection,Property Damage Only,3900,Other,Refused,36,>= 35 and <= 39,Male
20191146269,2019-008640,20191116,4707871,691747,01:51,Saturday,Dubuque,Local Road,9999,Unknown - Not Indicated - Unlocated,Mainline,Not reported,MAIN ST,Municipal Road,Not Indicated as an Intersection,Property Damage Only,2000,Failed to keep in proper lane,Alcohol (Statutory),26,>= 25 and <= 29,Female
20191146269,2019-008640,20191116,4707871,691747,01:51,Saturday,Dubuque,Local Road,9999,Unknown - Not Indicated - Unlocated,Mainline,Not reported,MAIN ST,Municipal Road,Not Indicated as an Intersection,Property Damage Only,2000,Failed to keep in proper lane,Alcohol (Statutory),26,>= 25 and <= 29,Male
20191146323,N19000998,20191102,4623385,615761,21:53,Saturday,Johnson,Farm to Market Route,9999,Unknown - Not Indicated - Unlocated,Mainline,Not reported,HWY 965,Municipal Road,Not Indicated as an Intersection,Suspected Minor Injury Crash,16000,Operating vehicle in an reckless, erratic, careless, negligent manner,Alcohol (Statutory),50,>= 50 and <= 54,Male
20191146345,19-009163,20191115,4769861,390551,20:10,Friday,Kossuth,Local Road,9999,Unknown - Not Indicated - Unlocated,Mainline,Not reported,Co Rd P24/60 AVE,Secondary Road,Not Indicated as an Intersection,Possible/Unknown Injury Crash,7000,Ran off road - right,Alcohol (Statutory),32,>= 30 and <= 34,Male
20191146360,201900014157,20191116,4613943,415986,23:16,Saturday,Dallas,Local Road,9999,Unknown - Not Indicated - Unlocated,Mainline,Not reported,250TH ST,Secondary Road,Not Indicated as an Intersection,Property Damage Only,3000,Traveling wrong way or on wrong side of road,Refused,57,>= 55 and <= 59,Female
20191146429,2019028568,20191023,4699239,453173,13:45,Wednesday,Hamilton,Interstate,35,Southbound (SB),Mainline,Not reported,I-35,Interstate,Not Indicated as an Intersection,Possible/Unknown Injury Crash,15000,Driver Distraction:  Other interior distraction,Alcohol (Statutory),26,>= 25 and <= 29,Female
20191146475,19-017662,20191118,4567125,259598,14:52,Monday,Pottawattamie,US Route,275,No Travel Direction Consistent with Route,Mainline,Not reported,US 275/VETERANS MEMORIAL HWY,US Route,Not Indicated as an Intersection,Possible/Unknown Injury Crash,1,Lost control,Alcohol (Statutory),52,>= 50 and <= 54,Male
20191146507,19-472,20191115,4706855,544479,23:15,Friday,Black Hawk,Local Road,9999,Unknown - Not Indicated - Unlocated,Mainline,Not reported,UNIVERSITY OF NORTHERN IA,Institutional Road,Not Indicated as an Intersection,Possible/Unknown Injury Crash,5000,Failed to yield to emergency vehicle,Alcohol (Statutory),67,>= 65 and <= 69,Male
20191146516,201918372,20191116,4644153,610262,03:06,Saturday,Linn,Interstate,380,Southbound (SB),Mainline,Not reported,I-380,Interstate,Not Indicated as an Intersection,Property Damage Only,10200,Lost control,Alcohol (Statutory),23,>= 21 and <= 24,Male
20191146517,201918423,20191116,4648304,610335,22:26,Saturday,Linn,Iowa Route,922,No Travel Direction Consistent with Route,Mainline,Not reported,IA 922/1ST AVE E,Iowa Route,Not Indicated as an Intersection,Property Damage Only,10000,99,Refused,55,>= 55 and <= 59,Female
20191146517,201918423,20191116,4648304,610335,22:26,Saturday,Linn,Iowa Route,922,No Travel Direction Consistent with Route,Mainline,Not reported,IA 922/1ST AVE E,Iowa Route,Not Indicated as an Intersection,Property Damage Only,10000,99,Refused,57,>= 55 and <= 59,Male
20191146518,201918436,20191117,4649667,612738,02:35,Sunday,Linn,Local Road,9999,Unknown - Not Indicated - Unlocated,Mainline,Not reported,LINDEN DR SE & CRESCENT ST SE,Municipal Road,Municipal - Municipal,Property Damage Only,6000,Exceeded authorized speed,Refused,33,>= 30 and <= 34,Male
20191146625,19-37686,20191115,4708980,221321,03:30,Friday,Woodbury,Interstate,29,Southbound (SB),Mainline,Not reported,I-29,Interstate,Not Indicated as an Intersection,Property Damage Only,5000,Ran off road - right,Alcohol (Statutory),22,>= 21 and <= 24,Male
20191146634,19-37784,20191116,4712136,218928,01:52,Saturday,Woodbury,Local Road,9999,Unknown - Not Indicated - Unlocated,Mainline,Not reported,W 19TH ST & CENTER ST,Municipal Road,Municipal - Municipal,Property Damage Only,7000,Exceeded authorized speed,Alcohol (Statutory),22,>= 21 and <= 24,Not reported
20191146634,19-37784,20191116,4712136,218928,01:52,Saturday,Woodbury,Local Road,9999,Unknown - Not Indicated - Unlocated,Mainline,Not reported,W 19TH ST & CENTER ST,Municipal Road,Municipal - Municipal,Property Damage Only,7000,Exceeded authorized speed,Alcohol (Statutory),200,,Not reported