Case Number,Law Enforcement Case Number,Date of Crash,Y-Coordinate (UTM NAD 83 Zone 15),X-Coordinate (UTM NAD 83 Zone 15),Time,Day of Week,County,Road System,Route,Cardinal Direction of Vehicles,Mainline or Ramp,Overpass/Underpass Information,Derived Literal Description,Road Classification,Intersection Class,Crash Severity,Amount of Property Damage,Major Cause,Drug or Alcohol Related,Driver Age,Driver Age - 5 year Bins,Driver Gender
20191146710,19020741,20191116,4723850,541382,17:50,Saturday,Bremer,Local Road,9999,Unknown - Not Indicated - Unlocated,Mainline,Not reported,DAKOTA AVE,Secondary Road,Not Indicated as an Intersection,Suspected Minor Injury Crash,10000,Ran off road - left,Alcohol (Statutory),54,>= 50 and <= 54,Female
20191146754,19-44553,20191119,4605338,700600,15:52,Tuesday,Scott,Farm to Market Route,9999,Unknown - Not Indicated - Unlocated,Mainline,Not reported,W 53RD ST & NORTHWEST BLVD,Municipal Road,Municipal - Municipal,Property Damage Only,8093,Driver Distraction:  Inattentive/lost in thought,Alcohol (Statutory),41,>= 40 and <= 44,Female
20191146754,19-44553,20191119,4605338,700600,15:52,Tuesday,Scott,Farm to Market Route,9999,Unknown - Not Indicated - Unlocated,Mainline,Not reported,W 53RD ST & NORTHWEST BLVD,Municipal Road,Municipal - Municipal,Property Damage Only,8093,Driver Distraction:  Inattentive/lost in thought,Alcohol (Statutory),20,= 20,Male
20191146776,201918000,20191108,4650048,611577,20:25,Friday,Linn,Local Road,9999,Unknown - Not Indicated - Unlocated,Mainline,Not reported,E AVE NE & 17TH ST NE,Municipal Road,Municipal - Municipal,Property Damage Only,11000,Lost control,Alcohol (Statutory),29,>= 25 and <= 29,Female
20191146776,201918000,20191108,4650048,611577,20:25,Friday,Linn,Local Road,9999,Unknown - Not Indicated - Unlocated,Mainline,Not reported,E AVE NE & 17TH ST NE,Municipal Road,Municipal - Municipal,Property Damage Only,11000,Lost control,Alcohol (Statutory),200,,Not reported
20191146776,201918000,20191108,4650048,611577,20:25,Friday,Linn,Local Road,9999,Unknown - Not Indicated - Unlocated,Mainline,Not reported,E AVE NE & 17TH ST NE,Municipal Road,Municipal - Municipal,Property Damage Only,11000,Lost control,Alcohol (Statutory),200,,Not reported
20191146777,201918053,20191109,4645241,605698,18:52,Saturday,Linn,Iowa Route,922,No Travel Direction Consistent with Route,Mainline,Not reported,IA 922/WILLIAMS BLVD & WILEY BLVD SW,Iowa Route,IA Route - Municipal,Property Damage Only,1500,Followed too close,Alcohol (Statutory),66,>= 65 and <= 69,Male
20191146777,201918053,20191109,4645241,605698,18:52,Saturday,Linn,Iowa Route,922,No Travel Direction Consistent with Route,Mainline,Not reported,IA 922/WILLIAMS BLVD & WILEY BLVD SW,Iowa Route,IA Route - Municipal,Property Damage Only,1500,Followed too close,Alcohol (Statutory),41,>= 40 and <= 44,Male
20191146787,19-38640,20191110,4518670,658564,20:27,Sunday,Des Moines,Local Road,9999,Unknown - Not Indicated - Unlocated,Mainline,Not reported,SPRAY ST,Municipal Road,Not Indicated as an Intersection,Possible/Unknown Injury Crash,5500,Exceeded authorized speed,Under Influence of Alcohol/Drugs/Medications,16,= 16,Female
20191146934,S19-15526,20191117,4678524,235807,08:15,Sunday,Monona,Local Road,9999,Unknown - Not Indicated - Unlocated,Mainline,Not reported,100TH ST,Secondary Road,Not Indicated as an Intersection,Suspected Minor Injury Crash,10000,Other,Alcohol (Statutory),25,>= 25 and <= 29,Male
20191146951,391119-3609,20191111,4635574,381456,15:14,Monday,Guthrie,Local Road,9999,Unknown - Not Indicated - Unlocated,Mainline,Not reported,100TH ST,Secondary Road,Not Indicated as an Intersection,Suspected Minor Injury Crash,2000,Operating vehicle in an reckless, erratic, careless, negligent manner,Alcohol (Statutory),39,>= 35 and <= 39,Male
20191146966,201900050603,20191119,4539513,548419,01:06,Tuesday,Wapello,Local Road,9999,Unknown - Not Indicated - Unlocated,Mainline,Not reported,RICHMOND AVE & CHURCH ST,Municipal Road,Municipal - Municipal,Property Damage Only,3050,Ran off road - right,Alcohol (Statutory),23,>= 21 and <= 24,Male
20191147072,MC1904859,20191120,4777096,482364,01:43,Wednesday,Cerro Gordo,Local Road,9999,Unknown - Not Indicated - Unlocated,Mainline,Not reported,6TH ST SW,Municipal Road,Not Indicated as an Intersection,Property Damage Only,29000,Driver Distraction:  Manual operation of an electronic communication device,Refused,46,>= 45 and <= 49,Female
20191147072,MC1904859,20191120,4777096,482364,01:43,Wednesday,Cerro Gordo,Local Road,9999,Unknown - Not Indicated - Unlocated,Mainline,Not reported,6TH ST SW,Municipal Road,Not Indicated as an Intersection,Property Damage Only,29000,Driver Distraction:  Manual operation of an electronic communication device,Refused,200,,Not reported
20191147119,19-4940,20190911,4607187,719333,17:41,Wednesday,Scott,Interstate,80,Westbound (WB),Mainline,Not reported,I-80,Interstate,Not Indicated as an Intersection,Possible/Unknown Injury Crash,20200,Improper or erratic lane changing,Refused,31,>= 30 and <= 34,Not reported
20191147119,19-4940,20190911,4607187,719333,17:41,Wednesday,Scott,Interstate,80,Westbound (WB),Mainline,Not reported,I-80,Interstate,Not Indicated as an Intersection,Possible/Unknown Injury Crash,20200,Improper or erratic lane changing,Refused,28,>= 25 and <= 29,Male
20191147146,2019028906,20191026,4636561,430439,23:30,Saturday,Boone,Iowa Route,210,Westbound (WB),Mainline,Not reported,IA 210/334TH RD,Iowa Route,Not Indicated as an Intersection,Property Damage Only,2000,Operating vehicle in an reckless, erratic, careless, negligent manner,Refused,18,= 18,Male
20191147160,2019031257,20191121,4611293,443300,00:52,Thursday,Polk,Interstate,35,No Travel Direction Consistent with Route,Mainline,Not reported,I-35,Interstate,Not Indicated as an Intersection,Possible/Unknown Injury Crash,11556,Operating vehicle in an reckless, erratic, careless, negligent manner,Alcohol (Statutory),31,>= 30 and <= 34,Female
20191147183,S19-002922,20191119,4568903,273323,03:00,Tuesday,Pottawattamie,Local Road,9999,Unknown - Not Indicated - Unlocated,Mainline,Not reported,GREENVIEW RD,Secondary Road,Not Indicated as an Intersection,Property Damage Only,5000,Ran off road - left,Under Influence of Alcohol/Drugs/Medications,21,>= 21 and <= 24,Female
20191147270,2019-94721,20191118,4603478,703718,02:39,Monday,Scott,Local Road,9999,Unknown - Not Indicated - Unlocated,Mainline,Not reported,BRIDGE AVE,Municipal Road,Not Indicated as an Intersection,Property Damage Only,5000,Lost control,Refused,19,= 19,Male
20191147282,W19-095586,20191121,4703438,555583,19:40,Thursday,Black Hawk,US Route,218,No Travel Direction Consistent with Route,Mainline,Not reported,US 218/WASHINGTON ST & HAWTHORNE AVE,US Route,US Route - Municipal,Suspected Minor Injury Crash,7000,Other,Refused,72,>= 70 and <= 74,Male
20191147282,W19-095586,20191121,4703438,555583,19:40,Thursday,Black Hawk,US Route,218,No Travel Direction Consistent with Route,Mainline,Not reported,US 218/WASHINGTON ST & HAWTHORNE AVE,US Route,US Route - Municipal,Suspected Minor Injury Crash,7000,Other,Refused,48,>= 45 and <= 49,Male
20191147327,19-012925,20191115,4742176,242386,01:33,Friday,Plymouth,Local Road,9999,Unknown - Not Indicated - Unlocated,Mainline,Not reported,3RD ST SE,Municipal Road,Not Indicated as an Intersection,Property Damage Only,6000,Operating vehicle in an reckless, erratic, careless, negligent manner,Alcohol (Statutory),49,>= 45 and <= 49,Female
20191147351,19-16867,20191122,4779448,325136,01:42,Friday,Clay,Local Road,9999,Unknown - Not Indicated - Unlocated,Mainline,Not reported,W 10TH ST & 4TH AVE W,Municipal Road,Municipal - Municipal,Property Damage Only,18000,Operating vehicle in an reckless, erratic, careless, negligent manner,Alcohol (Statutory),200,,Not reported
20191147351,19-16867,20191122,4779448,325136,01:42,Friday,Clay,Local Road,9999,Unknown - Not Indicated - Unlocated,Mainline,Not reported,W 10TH ST & 4TH AVE W,Municipal Road,Municipal - Municipal,Property Damage Only,18000,Operating vehicle in an reckless, erratic, careless, negligent manner,Alcohol (Statutory),38,>= 35 and <= 39,Female
20191147392,2019-95731,20191121,4604832,707869,18:35,Thursday,Scott,Local Road,9999,Unknown - Not Indicated - Unlocated,Mainline,Not reported,GREENBRIAR DR,Municipal Road,Not Indicated as an Intersection,Property Damage Only,6000,Lost control,Refused,55,>= 55 and <= 59,Male
20191147392,2019-95731,20191121,4604832,707869,18:35,Thursday,Scott,Local Road,9999,Unknown - Not Indicated - Unlocated,Mainline,Not reported,GREENBRIAR DR,Municipal Road,Not Indicated as an Intersection,Property Damage Only,6000,Lost control,Refused,200,,Not reported
20191147441,19-06408,20191122,4603214,439888,10:35,Friday,Polk,Local Road,9999,Unknown - Not Indicated - Unlocated,Mainline,Not reported,13TH ST,Municipal Road,Not Indicated as an Intersection,Property Damage Only,6000,Driver Distraction:  Reaching for object(s)/fallen object(s),Alcohol (< Statutory),61,>= 60 and <= 64,Male
20191147520,20190037353,20191122,4601115,449490,17:59,Friday,Polk,Local Road,9999,Unknown - Not Indicated - Unlocated,Mainline,Not reported,SE 6TH ST & INDIANOLA AVE & SE 5TH ST,Municipal Road,Municipal - Municipal,Suspected Minor Injury Crash,6000,FTYROW:  Making left turn,Alcohol (Statutory),60,>= 60 and <= 64,Male
20191147520,20190037353,20191122,4601115,449490,17:59,Friday,Polk,Local Road,9999,Unknown - Not Indicated - Unlocated,Mainline,Not reported,SE 6TH ST & INDIANOLA AVE & SE 5TH ST,Municipal Road,Municipal - Municipal,Suspected Minor Injury Crash,6000,FTYROW:  Making left turn,Alcohol (Statutory),67,>= 65 and <= 69,Female
20191147549,19-1197,20191123,4605268,457501,01:18,Saturday,Polk,Local Road,9999,Unknown - Not Indicated - Unlocated,Mainline,Not reported,MAPLE DR & SHADYVIEW BLVD,Municipal Road,Municipal - Municipal,Property Damage Only,5000,Ran stop sign,Refused,30,>= 30 and <= 34,Female
20191147599,19-017891,20191123,4571219,258148,14:44,Saturday,Pottawattamie,Local Road,9999,Unknown - Not Indicated - Unlocated,Mainline,Not reported,S 27TH ST,Municipal Road,Not Indicated as an Intersection,Property Damage Only,10000,Ran stop sign,Alcohol (Statutory),41,>= 40 and <= 44,Male
20191147599,19-017891,20191123,4571219,258148,14:44,Saturday,Pottawattamie,Local Road,9999,Unknown - Not Indicated - Unlocated,Mainline,Not reported,S 27TH ST,Municipal Road,Not Indicated as an Intersection,Property Damage Only,10000,Ran stop sign,Alcohol (Statutory),55,>= 55 and <= 59,Female
20191147674,20190037509,20191124,4603922,448287,01:45,Sunday,Polk,Local Road,9999,Unknown - Not Indicated - Unlocated,Mainline,Not reported,COURT AVE & 3RD ST,Municipal Road,Municipal - Municipal,Possible/Unknown Injury Crash,0,99,Alcohol (Statutory),28,>= 25 and <= 29,Male
20191147686,19008748,20191124,4673294,253566,00:44,Sunday,Monona,Farm to Market Route,9999,Unknown - Not Indicated - Unlocated,Mainline,Not reported,Co Rd E16/E16 & Co Rd L12,Secondary Road,Secondary - Secondary,Property Damage Only,1600,Driver Distraction:  Other interior distraction,Alcohol (Statutory),56,>= 55 and <= 59,Female
20191147707,201904167,20191124,4661215,614710,19:05,Sunday,Linn,Farm to Market Route,9999,Unknown - Not Indicated - Unlocated,Mainline,Not reported,Co Rd E34/COUNTY HOME RD,Secondary Road,Not Indicated as an Intersection,Possible/Unknown Injury Crash,20000,Operating vehicle in an reckless, erratic, careless, negligent manner,Refused,33,>= 30 and <= 34,Male
20191147707,201904167,20191124,4661215,614710,19:05,Sunday,Linn,Farm to Market Route,9999,Unknown - Not Indicated - Unlocated,Mainline,Not reported,Co Rd E34/COUNTY HOME RD,Secondary Road,Not Indicated as an Intersection,Possible/Unknown Injury Crash,20000,Operating vehicle in an reckless, erratic, careless, negligent manner,Refused,74,>= 70 and <= 74,Male
20191147718,19012312,20191124,4726325,439774,17:50,Sunday,Wright,Farm to Market Route,9999,Unknown - Not Indicated - Unlocated,Mainline,Not reported,Co Rd R38/MADISON AVE,Secondary Road,Not Indicated as an Intersection,Property Damage Only,1700,Operating vehicle in an reckless, erratic, careless, negligent manner,Refused,45,>= 45 and <= 49,Male
20191147718,19012312,20191124,4726325,439774,17:50,Sunday,Wright,Farm to Market Route,9999,Unknown - Not Indicated - Unlocated,Mainline,Not reported,Co Rd R38/MADISON AVE,Secondary Road,Not Indicated as an Intersection,Property Damage Only,1700,Operating vehicle in an reckless, erratic, careless, negligent manner,Refused,27,>= 25 and <= 29,Male
20191147783,2019-006479,20190829,4709661,693150,19:48,Thursday,Dubuque,US Route,61,Ramp,Ramp,Not reported,US 61/SE RAMP CURV,US Route,Not Indicated as an Intersection,Fatal Crash,3500,Lost control,Alcohol (Statutory),40,>= 40 and <= 44,Male
20191147817,201918182,20191112,4652583,611103,12:44,Tuesday,Linn,Local Road,9999,Unknown - Not Indicated - Unlocated,Mainline,Not reported,COUNCIL ST NE,Municipal Road,Not Indicated as an Intersection,Property Damage Only,6000,Lost control,Alcohol (Statutory),23,>= 21 and <= 24,Male
20191147817,201918182,20191112,4652583,611103,12:44,Tuesday,Linn,Local Road,9999,Unknown - Not Indicated - Unlocated,Mainline,Not reported,COUNCIL ST NE,Municipal Road,Not Indicated as an Intersection,Property Damage Only,6000,Lost control,Alcohol (Statutory),200,,Not reported
20191147836,S19-002950,20191123,4574494,255693,01:06,Saturday,Pottawattamie,Local Road,9999,Unknown - Not Indicated - Unlocated,Mainline,Not reported,E LOCUST ST,Municipal Road,Not Indicated as an Intersection,Suspected Minor Injury Crash,12000,Failed to yield to emergency vehicle,Alcohol (Statutory),32,>= 30 and <= 34,Male
20191147836,S19-002950,20191123,4574494,255693,01:06,Saturday,Pottawattamie,Local Road,9999,Unknown - Not Indicated - Unlocated,Mainline,Not reported,E LOCUST ST,Municipal Road,Not Indicated as an Intersection,Suspected Minor Injury Crash,12000,Failed to yield to emergency vehicle,Alcohol (Statutory),57,>= 55 and <= 59,Male
20191147838,S19-002958,20191124,4564519,269397,04:32,Sunday,Pottawattamie,Farm to Market Route,9999,Unknown - Not Indicated - Unlocated,Mainline,Not reported,Co Rd G66/PIONEER TRL,Secondary Road,Not Indicated as an Intersection,Property Damage Only,2100,Lost control,Refused,22,>= 21 and <= 24,Male
20191147851,SO1905686,20191123,4539429,572822,15:22,Saturday,Jefferson,US Route,34,Westbound (WB),Mainline,Not reported,US 34,US Route,Not Indicated as an Intersection,Possible/Unknown Injury Crash,10200,Ran off road - left,Alcohol (Statutory),49,>= 45 and <= 49,Male
20191147871,2019031504,20191123,4633333,701669,15:00,Saturday,Clinton,US Route,30,Ramp,Ramp,Not reported,US 30/RAMP,US Route,Not Indicated as an Intersection,Possible/Unknown Injury Crash,20000,Ran off road - left,Refused,24,>= 21 and <= 24,Male
20191147906,19036879,20191122,4616875,507038,17:52,Friday,Jasper,US Route,6,Eastbound (EB),Mainline,Not reported,US 6/US 6 E,US Route,Not Indicated as an Intersection,Possible/Unknown Injury Crash,8800,Ran off road - right,Refused,54,>= 50 and <= 54,Male
20191147920,2019031323,20191121,4532985,432688,10:50,Thursday,Clarke,Interstate,35,Southbound (SB),Mainline,Not reported,I-35,Interstate,Not Indicated as an Intersection,Possible/Unknown Injury Crash,10000,Ran off road - left,Under Influence of Alcohol/Drugs/Medications,28,>= 25 and <= 29,Male
20191147920,2019031323,20191121,4532985,432688,10:50,Thursday,Clarke,Interstate,35,Southbound (SB),Mainline,Not reported,I-35,Interstate,Not Indicated as an Intersection,Possible/Unknown Injury Crash,10000,Ran off road - left,Under Influence of Alcohol/Drugs/Medications,18,= 18,Male
20191147997,19-012715,20191125,4536501,316657,21:31,Monday,Montgomery,Local Road,9999,Unknown - Not Indicated - Unlocated,Mainline,Not reported,240 ST,Secondary Road,Not Indicated as an Intersection,Property Damage Only,6000,Operating vehicle in an reckless, erratic, careless, negligent manner,Alcohol (Statutory),45,>= 45 and <= 49,Male
20191148033,19045019,20191124,4587662,663511,02:05,Sunday,Muscatine,Local Road,9999,Unknown - Not Indicated - Unlocated,Mainline,Not reported,E 3RD ST & WALNUT ST,Municipal Road,Municipal - Municipal,Property Damage Only,3000,Lost control,Under Influence of Alcohol/Drugs/Medications,21,>= 21 and <= 24,Male
20191148033,19045019,20191124,4587662,663511,02:05,Sunday,Muscatine,Local Road,9999,Unknown - Not Indicated - Unlocated,Mainline,Not reported,E 3RD ST & WALNUT ST,Municipal Road,Municipal - Municipal,Property Damage Only,3000,Lost control,Under Influence of Alcohol/Drugs/Medications,200,,Not reported
20191148040,201904113,20191122,4658196,605803,03:50,Friday,Linn,Farm to Market Route,9999,Unknown - Not Indicated - Unlocated,Mainline,Not reported,TOWER TERRACE RD & MILBURN RD,Secondary Road,Secondary - Municipal,Suspected Minor Injury Crash,8000,Operating vehicle in an reckless, erratic, careless, negligent manner,Alcohol (Statutory),17,= 17,Male
20191148075,SO1905721,20191125,4535572,584683,16:46,Monday,Jefferson,Local Road,9999,Unknown - Not Indicated - Unlocated,Mainline,Not reported,KALE BLVD,Secondary Road,Not Indicated as an Intersection,Property Damage Only,3000,Ran off road - right,Alcohol (Statutory),15,= 15,Female
20191148129,2019-003558,20191122,4713476,690168,22:56,Friday,Dubuque,Local Road,9999,Unknown - Not Indicated - Unlocated,Mainline,Not reported,BOLEYN RD,Secondary Road,Not Indicated as an Intersection,Possible/Unknown Injury Crash,15000,Ran off road - left,Alcohol (Statutory),200,,Not reported
20191148129,2019-003558,20191122,4713476,690168,22:56,Friday,Dubuque,Local Road,9999,Unknown - Not Indicated - Unlocated,Mainline,Not reported,BOLEYN RD,Secondary Road,Not Indicated as an Intersection,Possible/Unknown Injury Crash,15000,Ran off road - left,Alcohol (Statutory),50,>= 50 and <= 54,Female
20191148156,2019031729,20191125,4585641,434806,17:45,Monday,Warren,Interstate,35,Northbound (NB),Mainline,Not reported,I-35,Interstate,Not Indicated as an Intersection,Property Damage Only,10500,Driver Distraction:  Manual operation of an electronic communication device,Refused,33,>= 30 and <= 34,Male
20191148156,2019031729,20191125,4585641,434806,17:45,Monday,Warren,Interstate,35,Northbound (NB),Mainline,Not reported,I-35,Interstate,Not Indicated as an Intersection,Property Damage Only,10500,Driver Distraction:  Manual operation of an electronic communication device,Refused,67,>= 65 and <= 69,Female
20191148235,201917883,20191106,4648925,610648,22:58,Wednesday,Linn,Interstate,380,Ramp,Ramp,Not reported,I-380,Interstate,Not Indicated as an Intersection,Possible/Unknown Injury Crash,5500,Ran off road - right,Refused,45,>= 45 and <= 49,Female
20191148268,2019-97097,20191127,4600993,702004,00:27,Wednesday,Scott,Local Road,9999,Unknown - Not Indicated - Unlocated,Mainline,Not reported,W 15TH ST & RIPLEY ST,Municipal Road,Municipal - Municipal,Property Damage Only,12500,Ran stop sign,Refused,21,>= 21 and <= 24,Male
20191148268,2019-97097,20191127,4600993,702004,00:27,Wednesday,Scott,Local Road,9999,Unknown - Not Indicated - Unlocated,Mainline,Not reported,W 15TH ST & RIPLEY ST,Municipal Road,Municipal - Municipal,Property Damage Only,12500,Ran stop sign,Refused,32,>= 30 and <= 34,Female
20191148271,19095089,20191120,4706318,548093,00:56,Wednesday,Black Hawk,Local Road,9999,Unknown - Not Indicated - Unlocated,Mainline,Not reported,UNIVERSITY AVE,Municipal Road,Not Indicated as an Intersection,Property Damage Only,1834,Driver Distraction:  Other interior distraction,Under Influence of Alcohol/Drugs/Medications,55,>= 55 and <= 59,Male
20191148271,19095089,20191120,4706318,548093,00:56,Wednesday,Black Hawk,Local Road,9999,Unknown - Not Indicated - Unlocated,Mainline,Not reported,UNIVERSITY AVE,Municipal Road,Not Indicated as an Intersection,Property Damage Only,1834,Driver Distraction:  Other interior distraction,Under Influence of Alcohol/Drugs/Medications,19,= 19,Male
20191148275,19-02883,20191126,4610480,441444,17:25,Tuesday,Polk,Local Road,9999,Unknown - Not Indicated - Unlocated,Mainline,Not reported,MEREDITH DR & 62ND ST,Municipal Road,Municipal - Municipal,Property Damage Only,2500,Followed too close,Alcohol (Statutory),71,>= 70 and <= 74,Male
20191148275,19-02883,20191126,4610480,441444,17:25,Tuesday,Polk,Local Road,9999,Unknown - Not Indicated - Unlocated,Mainline,Not reported,MEREDITH DR & 62ND ST,Municipal Road,Municipal - Municipal,Property Damage Only,2500,Followed too close,Alcohol (Statutory),50,>= 50 and <= 54,Male
20191148283,20190037860,20191126,4600567,451170,23:24,Tuesday,Polk,Local Road,9999,Unknown - Not Indicated - Unlocated,Mainline,Not reported,E PARK AVE & SE 18TH CT,Municipal Road,Municipal - Municipal,Property Damage Only,3000,Unknown,Alcohol (Statutory),36,>= 35 and <= 39,Female
20191148283,20190037860,20191126,4600567,451170,23:24,Tuesday,Polk,Local Road,9999,Unknown - Not Indicated - Unlocated,Mainline,Not reported,E PARK AVE & SE 18TH CT,Municipal Road,Municipal - Municipal,Property Damage Only,3000,Unknown,Alcohol (Statutory),20,= 20,Male
20191148293,19-001661,20191126,4641645,447773,17:25,Tuesday,Story,Local Road,9999,Unknown - Not Indicated - Unlocated,Mainline,Not reported,535TH AVE,Secondary Road,Not Indicated as an Intersection,Suspected Serious Injury Crash,5000,Ran off road - left,Alcohol (Statutory),71,>= 70 and <= 74,Male
20191148325,1911760PD,20191126,4654019,426534,19:40,Tuesday,Boone,US Route,30,Westbound (WB),Mainline,Not reported,US 30/220TH ST,US Route,Not Indicated as an Intersection,Possible/Unknown Injury Crash,6000,Driving too fast for conditions,Alcohol (Statutory),21,>= 21 and <= 24,Female
20191148387,90-19-485,20191115,4747976,397952,23:10,Friday,Humboldt,Local Road,9999,Unknown - Not Indicated - Unlocated,Mainline,Not reported,120TH ST,Secondary Road,Not Indicated as an Intersection,Fatal Crash,10000,Exceeded authorized speed,Under Influence of Alcohol/Drugs/Medications,45,>= 45 and <= 49,Male
20191148396,90-19-498,20191121,4729328,399554,19:51,Thursday,Humboldt,Local Road,9999,Unknown - Not Indicated - Unlocated,Mainline,Not reported,10TH AVE SW,Municipal Road,Not Indicated as an Intersection,Suspected Minor Injury Crash,25000,Lost control,Alcohol (Statutory),200,,Not reported
20191148396,90-19-498,20191121,4729328,399554,19:51,Thursday,Humboldt,Local Road,9999,Unknown - Not Indicated - Unlocated,Mainline,Not reported,10TH AVE SW,Municipal Road,Not Indicated as an Intersection,Suspected Minor Injury Crash,25000,Lost control,Alcohol (Statutory),40,>= 40 and <= 44,Male
20191148445,20190004208,20191127,4647301,633362,17:23,Wednesday,Linn,Local Road,9999,Unknown - Not Indicated - Unlocated,Mainline,Not reported,LINN RIDGE RD,Secondary Road,Not Indicated as an Intersection,Possible/Unknown Injury Crash,3000,Ran off road - right,Alcohol (Statutory),29,>= 25 and <= 29,Male
20191148456,19-018089,20191128,4569296,258691,00:04,Thursday,Pottawattamie,Local Road,9999,Unknown - Not Indicated - Unlocated,Mainline,Not reported,23RD AVE & S 24TH ST,Municipal Road,Municipal - Municipal,Property Damage Only,3000,Ran traffic signal,Alcohol (Statutory),33,>= 30 and <= 34,Male
20191148456,19-018089,20191128,4569296,258691,00:04,Thursday,Pottawattamie,Local Road,9999,Unknown - Not Indicated - Unlocated,Mainline,Not reported,23RD AVE & S 24TH ST,Municipal Road,Municipal - Municipal,Property Damage Only,3000,Ran traffic signal,Alcohol (Statutory),19,= 19,Male
20191148457,19-01851,20191127,4607313,435058,18:44,Wednesday,Polk,US Route,6,Eastbound (EB),Mainline,Not reported,US 6/HICKMAN RD,US Route,Not Indicated as an Intersection,Property Damage Only,1500,Followed too close,Alcohol (Statutory),60,>= 60 and <= 64,Female
20191148457,19-01851,20191127,4607313,435058,18:44,Wednesday,Polk,US Route,6,Eastbound (EB),Mainline,Not reported,US 6/HICKMAN RD,US Route,Not Indicated as an Intersection,Property Damage Only,1500,Followed too close,Alcohol (Statutory),28,>= 25 and <= 29,Female
20191148461,2019012346,20191128,4612809,621062,00:40,Thursday,Johnson,Farm to Market Route,9999,Unknown - Not Indicated - Unlocated,Mainline,Not reported,S GRAND AVE,Municipal Road,Not Indicated as an Intersection,Property Damage Only,10000,Lost control,Alcohol (Statutory),19,= 19,Male
20191148485,20190037937,20191127,4605141,447756,20:41,Wednesday,Polk,Interstate,235,Ramp,Ramp,Not reported,I-235 & DAY ST & 7TH ST,Interstate,Interstate - Municipal,Property Damage Only,3000,Other,Alcohol (Statutory),22,>= 21 and <= 24,Female
20191148485,20190037937,20191127,4605141,447756,20:41,Wednesday,Polk,Interstate,235,Ramp,Ramp,Not reported,I-235 & DAY ST & 7TH ST,Interstate,Interstate - Municipal,Property Damage Only,3000,Other,Alcohol (Statutory),48,>= 45 and <= 49,Female
20191148511,20190037993,20191128,4604570,453464,18:01,Thursday,Polk,Local Road,9999,Unknown - Not Indicated - Unlocated,Mainline,Not reported,DEAN AVE & E 30TH ST,Municipal Road,Municipal - Municipal,Suspected Minor Injury Crash,5500,Ran off road - right,Alcohol (Statutory),38,>= 35 and <= 39,Male
20191148537,W19-097303,20191128,4704692,551202,00:48,Thursday,Black Hawk,Local Road,9999,Unknown - Not Indicated - Unlocated,Mainline,Not reported,BLACK HAWK RD & ANSBOROUGH AVE,Municipal Road,Municipal - Municipal,Property Damage Only,1510,Ran off road - left,Alcohol (Statutory),21,>= 21 and <= 24,Female
20191148540,1911-095,20191125,4813899,285359,18:00,Monday,Osceola,Local Road,9999,Unknown - Not Indicated - Unlocated,Mainline,Not reported,140TH ST,Secondary Road,Not Indicated as an Intersection,Suspected Minor Injury Crash,8500,Driver Distraction:  Exterior distraction,Refused,29,>= 25 and <= 29,Female
20191148565,19010563,20191123,4693274,601761,23:14,Saturday,Buchanan,Farm to Market Route,9999,Unknown - Not Indicated - Unlocated,Mainline,Not reported,Co Rd D47/QUASQUETON AVE,Secondary Road,Not Indicated as an Intersection,Property Damage Only,3000,Ran off road - right,Alcohol (Statutory),36,>= 35 and <= 39,Male
20191148603,19-06556,20191129,4601234,435168,17:35,Friday,Polk,Interstate,35,Ramp,Ramp,Not reported,I-35,Interstate,Not Indicated as an Intersection,Property Damage Only,3000,Traveling wrong way or on wrong side of road,Refused,52,>= 50 and <= 54,Male
20191148603,19-06556,20191129,4601234,435168,17:35,Friday,Polk,Interstate,35,Ramp,Ramp,Not reported,I-35,Interstate,Not Indicated as an Intersection,Property Damage Only,3000,Traveling wrong way or on wrong side of road,Refused,59,>= 55 and <= 59,Female
20191148607,19-006750,20191128,4624825,450095,22:47,Thursday,Polk,US Route,69,Both North and South,Mainline,Not reported,US 69/N ANKENY BLVD,US Route,Not Indicated as an Intersection,Property Damage Only,5500,Crossed median (divided),Alcohol (Statutory),34,>= 30 and <= 34,Male
20191148607,19-006750,20191128,4624825,450095,22:47,Thursday,Polk,US Route,69,Both North and South,Mainline,Not reported,US 69/N ANKENY BLVD,US Route,Not Indicated as an Intersection,Property Damage Only,5500,Crossed median (divided),Alcohol (Statutory),43,>= 40 and <= 44,Male
20191148614,20190038101,20191130,4607173,442252,00:30,Saturday,Polk,Local Road,9999,Unknown - Not Indicated - Unlocated,Mainline,Not reported,55TH ST,Municipal Road,Not Indicated as an Intersection,Property Damage Only,7901,Lost control,Under Influence of Alcohol/Drugs/Medications,200,,Not reported
20191148614,20190038101,20191130,4607173,442252,00:30,Saturday,Polk,Local Road,9999,Unknown - Not Indicated - Unlocated,Mainline,Not reported,55TH ST,Municipal Road,Not Indicated as an Intersection,Property Damage Only,7901,Lost control,Under Influence of Alcohol/Drugs/Medications,47,>= 45 and <= 49,Male
20191148621,FD19-3479,20191129,4706532,403805,19:30,Friday,Webster,Local Road,9999,Unknown - Not Indicated - Unlocated,Mainline,Not reported,1ST AVE S & S 20TH ST,Municipal Road,Municipal - Municipal,Property Damage Only,19000,FTYROW:  From stop sign,Alcohol (Statutory),27,>= 25 and <= 29,Male