Case Number,Law Enforcement Case Number,Date of Crash,Y-Coordinate (UTM NAD 83 Zone 15),X-Coordinate (UTM NAD 83 Zone 15),Time,Day of Week,County,Road System,Route,Cardinal Direction of Vehicles,Mainline or Ramp,Overpass/Underpass Information,Derived Literal Description,Road Classification,Intersection Class,Crash Severity,Amount of Property Damage,Major Cause,Drug or Alcohol Related,Driver Age,Driver Age - 5 year Bins,Driver Gender
20191148621,FD19-3479,20191129,4706532,403805,19:30,Friday,Webster,Local Road,9999,Unknown - Not Indicated - Unlocated,Mainline,Not reported,1ST AVE S & S 20TH ST,Municipal Road,Municipal - Municipal,Property Damage Only,19000,FTYROW:  From stop sign,Alcohol (Statutory),44,>= 40 and <= 44,Female
20191148688,19-8819,20191130,4612139,435473,19:09,Saturday,Polk,Iowa Route,141,Westbound (WB),Mainline,Not reported,IA 141/IOWA 141,Iowa Route,Not Indicated as an Intersection,Property Damage Only,3000,Ran traffic signal,Alcohol (Statutory),41,>= 40 and <= 44,Male
20191148688,19-8819,20191130,4612139,435473,19:09,Saturday,Polk,Iowa Route,141,Westbound (WB),Mainline,Not reported,IA 141/IOWA 141,Iowa Route,Not Indicated as an Intersection,Property Damage Only,3000,Ran traffic signal,Alcohol (Statutory),68,>= 65 and <= 69,Female
20191148782,20190038216,20191201,4599372,454979,16:15,Sunday,Polk,Local Road,9999,Unknown - Not Indicated - Unlocated,Mainline,Not reported,SE BROOKS DR,Municipal Road,Not Indicated as an Intersection,Property Damage Only,4000,Lost control,Alcohol (Statutory),33,>= 30 and <= 34,Male
20191148784,19-5913,20191125,4804771,220592,18:09,Monday,Lyon,Local Road,9999,Unknown - Not Indicated - Unlocated,Mainline,Not reported,CHERRY AVE,Secondary Road,Not Indicated as an Intersection,Suspected Minor Injury Crash,175000,Ran off road - right,Alcohol (Statutory),45,>= 45 and <= 49,Male
20191148795,MC1905002,20191201,4776755,485827,02:35,Sunday,Cerro Gordo,Local Road,9999,Unknown - Not Indicated - Unlocated,Mainline,Not reported,S INDIANA AVE,Municipal Road,Not Indicated as an Intersection,Suspected Minor Injury Crash,7000,Traveling wrong way or on wrong side of road,Alcohol (Statutory),200,,Not reported
20191148795,MC1905002,20191201,4776755,485827,02:35,Sunday,Cerro Gordo,Local Road,9999,Unknown - Not Indicated - Unlocated,Mainline,Not reported,S INDIANA AVE,Municipal Road,Not Indicated as an Intersection,Suspected Minor Injury Crash,7000,Traveling wrong way or on wrong side of road,Alcohol (Statutory),27,>= 25 and <= 29,Female
20191148813,2019031484,20191122,4611136,445652,22:32,Friday,Polk,Interstate,35,No Travel Direction Consistent with Route,Mainline,On overpass,I-35 & NW 26TH ST,Interstate,Interstate - Secondary,Property Damage Only,12500,Operating vehicle in an reckless, erratic, careless, negligent manner,Alcohol (Statutory),25,>= 25 and <= 29,Female
20191148813,2019031484,20191122,4611136,445652,22:32,Friday,Polk,Interstate,35,No Travel Direction Consistent with Route,Mainline,On overpass,I-35 & NW 26TH ST,Interstate,Interstate - Secondary,Property Damage Only,12500,Operating vehicle in an reckless, erratic, careless, negligent manner,Alcohol (Statutory),27,>= 25 and <= 29,Male
20191148868,2019-006891,20190913,4709806,690059,21:55,Friday,Dubuque,Local Road,9999,Unknown - Not Indicated - Unlocated,Mainline,Not reported,KAUFMANN AVE,Municipal Road,Not Indicated as an Intersection,Property Damage Only,1500,Lost control,Alcohol (Statutory),70,>= 70 and <= 74,Male
20191148870,2019-008864,20191124,4708841,689576,02:06,Sunday,Dubuque,Local Road,9999,Unknown - Not Indicated - Unlocated,Mainline,Not reported,CLARKE DR,Municipal Road,Not Indicated as an Intersection,Property Damage Only,3500,Ran off road - right,Refused,26,>= 25 and <= 29,Male
20191148870,2019-008864,20191124,4708841,689576,02:06,Sunday,Dubuque,Local Road,9999,Unknown - Not Indicated - Unlocated,Mainline,Not reported,CLARKE DR,Municipal Road,Not Indicated as an Intersection,Property Damage Only,3500,Ran off road - right,Refused,200,,Not reported
20191148893,2019-36925,20191201,4584077,438900,20:05,Sunday,Warren,Iowa Route,28,Northbound (NB),Mainline,Not reported,IA 28/IOWA 28,Iowa Route,Not Indicated as an Intersection,Suspected Minor Injury Crash,5000,Ran off road - right,Alcohol (Statutory),27,>= 25 and <= 29,Male
20191148951,19-39208,20191129,4713540,219292,04:16,Friday,Woodbury,Farm to Market Route,9999,Unknown - Not Indicated - Unlocated,Mainline,Not reported,HAMILTON BLVD,Municipal Road,Not Indicated as an Intersection,Property Damage Only,10500,Exceeded authorized speed,Alcohol (Statutory),24,>= 21 and <= 24,Male
20191148986,19-39187,20191128,4710646,218942,22:42,Thursday,Woodbury,Local Road,9999,Unknown - Not Indicated - Unlocated,Mainline,Not reported,W 1ST ST & COOK ST,Municipal Road,Municipal - Municipal,Suspected Minor Injury Crash,5000,Ran off road - straight,Alcohol (Statutory),32,>= 30 and <= 34,Female
20191149008,19-012309,20191128,4676820,581851,00:22,Thursday,Benton,Local Road,9999,Unknown - Not Indicated - Unlocated,Mainline,Not reported,54 ST,Secondary Road,Not Indicated as an Intersection,Property Damage Only,5000,Driving too fast for conditions,Alcohol (Statutory),39,>= 35 and <= 39,Female
20191149052,201917210,20191026,4642949,610562,05:20,Saturday,Linn,Local Road,9999,Unknown - Not Indicated - Unlocated,Mainline,Not reported,J ST SW,Municipal Road,Not Indicated as an Intersection,Suspected Minor Injury Crash,22000,Driver Distraction:  Other interior distraction,Alcohol (Statutory),200,,Not reported
20191149052,201917210,20191026,4642949,610562,05:20,Saturday,Linn,Local Road,9999,Unknown - Not Indicated - Unlocated,Mainline,Not reported,J ST SW,Municipal Road,Not Indicated as an Intersection,Suspected Minor Injury Crash,22000,Driver Distraction:  Other interior distraction,Alcohol (Statutory),200,,Not reported
20191149052,201917210,20191026,4642949,610562,05:20,Saturday,Linn,Local Road,9999,Unknown - Not Indicated - Unlocated,Mainline,Not reported,J ST SW,Municipal Road,Not Indicated as an Intersection,Suspected Minor Injury Crash,22000,Driver Distraction:  Other interior distraction,Alcohol (Statutory),30,>= 30 and <= 34,Male
20191149056,19-001837,20191119,4614552,443405,11:22,Tuesday,Polk,Farm to Market Route,9999,Unknown - Not Indicated - Unlocated,Mainline,Not reported,NW BEAVER DR & NW 66TH AVE & RIVER BEND,Municipal Road,Municipal - Municipal,Suspected Minor Injury Crash,14000,FTYROW:  Making left turn,Alcohol (Statutory),59,>= 55 and <= 59,Female
20191149056,19-001837,20191119,4614552,443405,11:22,Tuesday,Polk,Farm to Market Route,9999,Unknown - Not Indicated - Unlocated,Mainline,Not reported,NW BEAVER DR & NW 66TH AVE & RIVER BEND,Municipal Road,Municipal - Municipal,Suspected Minor Injury Crash,14000,FTYROW:  Making left turn,Alcohol (Statutory),40,>= 40 and <= 44,Female
20191149097,19098171,20191201,4709915,543198,18:37,Sunday,Black Hawk,Iowa Route,57,Westbound (WB),Mainline,Not reported,IA 57/WEST 1ST ST,Iowa Route,Not Indicated as an Intersection,Property Damage Only,1500,Lost control,Alcohol (Statutory),61,>= 60 and <= 64,Male
20191149117,19-06627,20191202,4604853,437387,20:01,Monday,Polk,Interstate,235,Ramp,Ramp,Not reported,I-235,Interstate,Not Indicated as an Intersection,Possible/Unknown Injury Crash,3000,Followed too close,Alcohol (Statutory),36,>= 35 and <= 39,Male
20191149117,19-06627,20191202,4604853,437387,20:01,Monday,Polk,Interstate,235,Ramp,Ramp,Not reported,I-235,Interstate,Not Indicated as an Intersection,Possible/Unknown Injury Crash,3000,Followed too close,Alcohol (Statutory),49,>= 45 and <= 49,Female
20191149142,201919036,20191128,4652532,608982,04:05,Thursday,Linn,Local Road,9999,Unknown - Not Indicated - Unlocated,Mainline,Not reported,GLASS RD NE,Municipal Road,Not Indicated as an Intersection,Property Damage Only,15000,Ran off road - right,Alcohol (Statutory),24,>= 21 and <= 24,Female
20191149167,SO19-01335,20191201,4653166,502477,01:57,Sunday,Marshall,Farm to Market Route,9999,Unknown - Not Indicated - Unlocated,Mainline,Not reported,Co Rd E41/MARSHALLTOWN BLVD,Secondary Road,Not Indicated as an Intersection,Property Damage Only,4000,Ran off road - right,Alcohol (Statutory),20,= 20,Male
20191149197,19-009004,20191122,4545342,508932,20:40,Friday,Monroe,Farm to Market Route,9999,Unknown - Not Indicated - Unlocated,Mainline,Not reported,Co Rd H32/170TH ST,Secondary Road,Not Indicated as an Intersection,Property Damage Only,16000,Driver Distraction:  Other interior distraction,Alcohol (Statutory),25,>= 25 and <= 29,Male
20191149247,80-19-391,20191107,4730181,400364,02:06,Thursday,Humboldt,Local Road,9999,Unknown - Not Indicated - Unlocated,Mainline,Not reported,3RD AVE S,Municipal Road,Not Indicated as an Intersection,Property Damage Only,7500,Lost control,Alcohol (Statutory),35,>= 35 and <= 39,Female
20191149247,80-19-391,20191107,4730181,400364,02:06,Thursday,Humboldt,Local Road,9999,Unknown - Not Indicated - Unlocated,Mainline,Not reported,3RD AVE S,Municipal Road,Not Indicated as an Intersection,Property Damage Only,7500,Lost control,Alcohol (Statutory),200,,Not reported
20191149257,201900051968,20191201,4540515,548610,23:26,Sunday,Wapello,US Route,34,Eastbound (EB),Mainline,Not reported,US 34,US Route,Not Indicated as an Intersection,Suspected Minor Injury Crash,12075,Ran traffic signal,Alcohol (Statutory),27,>= 25 and <= 29,Male
20191149275,2019-44739,20191120,4605485,704955,18:20,Wednesday,Scott,Farm to Market Route,9999,Unknown - Not Indicated - Unlocated,Mainline,Not reported,E 53RD ST & JERSEY RIDGE RD,Municipal Road,Municipal - Municipal,Property Damage Only,5250,Ran off road - right,Alcohol (Statutory),61,>= 60 and <= 64,Female
20191149275,2019-44739,20191120,4605485,704955,18:20,Wednesday,Scott,Farm to Market Route,9999,Unknown - Not Indicated - Unlocated,Mainline,Not reported,E 53RD ST & JERSEY RIDGE RD,Municipal Road,Municipal - Municipal,Property Damage Only,5250,Ran off road - right,Alcohol (Statutory),30,>= 30 and <= 34,Female
20191149328,19-06628,20191202,4604641,437337,20:25,Monday,Polk,Interstate,235,Ramp,Ramp,Not reported,I-235 & 35TH ST/VALLEY WEST DR,Interstate,Interstate - Municipal,Property Damage Only,5000,Made improper turn,Alcohol (Statutory),32,>= 30 and <= 34,Male
20191149346,1-19-000522,20191129,4598753,295483,23:30,Friday,Shelby,Farm to Market Route,9999,Unknown - Not Indicated - Unlocated,Mainline,Not reported,EAST ST,Municipal Road,Not Indicated as an Intersection,Property Damage Only,5500,Operating vehicle in an reckless, erratic, careless, negligent manner,Under Influence of Alcohol/Drugs/Medications,29,>= 25 and <= 29,Female
20191149346,1-19-000522,20191129,4598753,295483,23:30,Friday,Shelby,Farm to Market Route,9999,Unknown - Not Indicated - Unlocated,Mainline,Not reported,EAST ST,Municipal Road,Not Indicated as an Intersection,Property Damage Only,5500,Operating vehicle in an reckless, erratic, careless, negligent manner,Under Influence of Alcohol/Drugs/Medications,200,,Not reported
20191149366,19-10133,20191108,4620474,254759,19:03,Friday,Harrison,Iowa Route,127,No Travel Direction Consistent with Route,Mainline,Not reported,IA 127/IOWA 127 & Co Rd L20/LOESS HILLS TRL,Iowa Route,IA Route - Secondary,Suspected Serious Injury Crash,7500,Ran off road - straight,Alcohol (Statutory),28,>= 25 and <= 29,Male
20191149419,PD1909599,20191201,4539978,586053,21:39,Sunday,Jefferson,Farm to Market Route,9999,Unknown - Not Indicated - Unlocated,Mainline,Not reported,W BURLINGTON AVE & N 11TH ST,Municipal Road,Municipal - Municipal,Property Damage Only,3500,Driver Distraction:  Manual operation of an electronic communication device,Refused,42,>= 40 and <= 44,Female
20191149419,PD1909599,20191201,4539978,586053,21:39,Sunday,Jefferson,Farm to Market Route,9999,Unknown - Not Indicated - Unlocated,Mainline,Not reported,W BURLINGTON AVE & N 11TH ST,Municipal Road,Municipal - Municipal,Property Damage Only,3500,Driver Distraction:  Manual operation of an electronic communication device,Refused,49,>= 45 and <= 49,Female
20191149434,2019027822,20191015,4611223,444350,18:24,Tuesday,Polk,Interstate,35,No Travel Direction Consistent with Route,Mainline,Not reported,I-35,Interstate,Not Indicated as an Intersection,Fatal Crash,2500,Other:  No improper action,Alcohol (Statutory),64,>= 60 and <= 64,Male
20191149435,201918817,20191124,4648496,612074,03:47,Sunday,Linn,Local Road,9999,Unknown - Not Indicated - Unlocated,Mainline,Not reported,7TH AVE SE,Municipal Road,Not Indicated as an Intersection,Property Damage Only,13000,Lost control,Alcohol (Statutory),30,>= 30 and <= 34,Male
20191149435,201918817,20191124,4648496,612074,03:47,Sunday,Linn,Local Road,9999,Unknown - Not Indicated - Unlocated,Mainline,Not reported,7TH AVE SE,Municipal Road,Not Indicated as an Intersection,Property Damage Only,13000,Lost control,Alcohol (Statutory),200,,Not reported
20191149492,19-0702,20191130,4715680,394530,23:30,Saturday,Webster,Local Road,9999,Unknown - Not Indicated - Unlocated,Mainline,Not reported,INDIANA AVE,Secondary Road,Not Indicated as an Intersection,Property Damage Only,2000,Ran off road - left,Alcohol (Statutory),44,>= 40 and <= 44,Female
20191149549,2019032210,20191130,4722516,629076,00:33,Saturday,Delaware,Iowa Route,3,Westbound (WB),Mainline,Not reported,IA 3/IOWA 3,Iowa Route,Not Indicated as an Intersection,Suspected Minor Injury Crash,5000,Ran off road - right,Alcohol (Statutory),24,>= 21 and <= 24,Male
20191149587,2019021063,20190804,4663456,473560,18:40,Sunday,Story,Local Road,9999,Unknown - Not Indicated - Unlocated,Mainline,Not reported,160TH ST,Secondary Road,Not Indicated as an Intersection,Fatal Crash,10000,Operating vehicle in an reckless, erratic, careless, negligent manner,Alcohol (Statutory),33,>= 30 and <= 34,Male
20191149639,19011013,20190722,4630400,655188,03:08,Monday,Cedar,Iowa Route,38,Southbound (SB),Mainline,Not reported,IA 38/IOWA 38,Iowa Route,Not Indicated as an Intersection,Property Damage Only,8200,Ran off road - right,Refused,29,>= 25 and <= 29,Male
20191149755,201917066,20191024,4650257,610461,02:33,Thursday,Linn,Local Road,9999,Unknown - Not Indicated - Unlocated,Mainline,Not reported,11TH ST NE,Municipal Road,Not Indicated as an Intersection,Suspected Minor Injury Crash,23265,Ran off road - left,Alcohol (Statutory),21,>= 21 and <= 24,Male
20191149756,201917128,20191025,4644085,610272,02:25,Friday,Linn,Interstate,380,Northbound (NB),Mainline,Not reported,I-380,Interstate,Not Indicated as an Intersection,Possible/Unknown Injury Crash,26307,Driver Distraction:  Inattentive/lost in thought,Alcohol (Statutory),18,= 18,Female
20191149757,201919127,20191130,4646741,604375,01:11,Saturday,Linn,Local Road,9999,Unknown - Not Indicated - Unlocated,Mainline,Not reported,JOHNSON AVE SW & WEST POST RD SW,Municipal Road,Municipal - Municipal,Property Damage Only,2000,Ran off road - right,Refused,31,>= 30 and <= 34,Female
20191149772,2019-98736,20191204,4605351,701166,00:31,Wednesday,Scott,Local Road,9999,Unknown - Not Indicated - Unlocated,Mainline,Not reported,W 53RD ST,Municipal Road,Not Indicated as an Intersection,Suspected Minor Injury Crash,10500,Driver Distraction:  Inattentive/lost in thought,Under Influence of Alcohol/Drugs/Medications,200,,Not reported
20191149772,2019-98736,20191204,4605351,701166,00:31,Wednesday,Scott,Local Road,9999,Unknown - Not Indicated - Unlocated,Mainline,Not reported,W 53RD ST,Municipal Road,Not Indicated as an Intersection,Suspected Minor Injury Crash,10500,Driver Distraction:  Inattentive/lost in thought,Under Influence of Alcohol/Drugs/Medications,36,>= 35 and <= 39,Male
20191149772,2019-98736,20191204,4605351,701166,00:31,Wednesday,Scott,Local Road,9999,Unknown - Not Indicated - Unlocated,Mainline,Not reported,W 53RD ST,Municipal Road,Not Indicated as an Intersection,Suspected Minor Injury Crash,10500,Driver Distraction:  Inattentive/lost in thought,Under Influence of Alcohol/Drugs/Medications,200,,Not reported
20191149825,19042946,20191107,4598740,669525,22:18,Thursday,Muscatine,Local Road,9999,Unknown - Not Indicated - Unlocated,Mainline,Not reported,150TH ST,Secondary Road,Not Indicated as an Intersection,Suspected Serious Injury Crash,7000,Driver Distraction:  Manual operation of an electronic communication device,Refused,30,>= 30 and <= 34,Male
20191149863,201917465,20191030,4638488,609886,15:49,Wednesday,Linn,Farm to Market Route,9999,Unknown - Not Indicated - Unlocated,Mainline,Not reported,WRIGHT BROTHERS BLVD SW,Municipal Road,Not Indicated as an Intersection,Possible/Unknown Injury Crash,12000,Lost control,Alcohol (Statutory),56,>= 55 and <= 59,Male
20191149863,201917465,20191030,4638488,609886,15:49,Wednesday,Linn,Farm to Market Route,9999,Unknown - Not Indicated - Unlocated,Mainline,Not reported,WRIGHT BROTHERS BLVD SW,Municipal Road,Not Indicated as an Intersection,Possible/Unknown Injury Crash,12000,Lost control,Alcohol (Statutory),41,>= 40 and <= 44,Male
20191149863,201917465,20191030,4638488,609886,15:49,Wednesday,Linn,Farm to Market Route,9999,Unknown - Not Indicated - Unlocated,Mainline,Not reported,WRIGHT BROTHERS BLVD SW,Municipal Road,Not Indicated as an Intersection,Possible/Unknown Injury Crash,12000,Lost control,Alcohol (Statutory),58,>= 55 and <= 59,Not reported
20191149873,201917398,20191029,4644042,612926,12:59,Tuesday,Linn,Local Road,9999,Unknown - Not Indicated - Unlocated,Mainline,Not reported,C ST RD SW,Municipal Road,Not Indicated as an Intersection,Possible/Unknown Injury Crash,30500,Failed to keep in proper lane,Alcohol (Statutory),88,>= 85 and <= 89,Male
20191149873,201917398,20191029,4644042,612926,12:59,Tuesday,Linn,Local Road,9999,Unknown - Not Indicated - Unlocated,Mainline,Not reported,C ST RD SW,Municipal Road,Not Indicated as an Intersection,Possible/Unknown Injury Crash,30500,Failed to keep in proper lane,Alcohol (Statutory),49,>= 45 and <= 49,Male
20191149873,201917398,20191029,4644042,612926,12:59,Tuesday,Linn,Local Road,9999,Unknown - Not Indicated - Unlocated,Mainline,Not reported,C ST RD SW,Municipal Road,Not Indicated as an Intersection,Possible/Unknown Injury Crash,30500,Failed to keep in proper lane,Alcohol (Statutory),23,>= 21 and <= 24,Female
20191149970,2019-99060,20191205,4603197,702637,01:33,Thursday,Scott,Local Road,9999,Unknown - Not Indicated - Unlocated,Mainline,Not reported,E 35TH ST,Municipal Road,Not Indicated as an Intersection,Suspected Minor Injury Crash,7000,Lost control,Refused,21,>= 21 and <= 24,Male
20191149977,19-009401,20191018,4757305,377993,23:55,Friday,Palo Alto,Farm to Market Route,9999,Unknown - Not Indicated - Unlocated,Mainline,Not reported,Co Rd B63/475 ST,Secondary Road,Not Indicated as an Intersection,Suspected Serious Injury Crash,6000,Ran off road - left,Alcohol (Statutory),21,>= 21 and <= 24,Male
20191149978,19-010614,20191124,4774442,372764,23:53,Sunday,Palo Alto,US Route,18,Both East and West,Mainline,Not reported,US 18/370 ST,US Route,Not Indicated as an Intersection,Suspected Minor Injury Crash,15000,Crossed centerline (undivided),Alcohol (Statutory),50,>= 50 and <= 54,Female
20191149978,19-010614,20191124,4774442,372764,23:53,Sunday,Palo Alto,US Route,18,Both East and West,Mainline,Not reported,US 18/370 ST,US Route,Not Indicated as an Intersection,Suspected Minor Injury Crash,15000,Crossed centerline (undivided),Alcohol (Statutory),46,>= 45 and <= 49,Male
20191150013,20190038901,20191207,4601352,447945,11:02,Saturday,Polk,Local Road,9999,Unknown - Not Indicated - Unlocated,Mainline,Not reported,BELL AVE,Municipal Road,Not Indicated as an Intersection,Possible/Unknown Injury Crash,5000,Other,Under Influence of Alcohol/Drugs/Medications,40,>= 40 and <= 44,Male
20191150013,20190038901,20191207,4601352,447945,11:02,Saturday,Polk,Local Road,9999,Unknown - Not Indicated - Unlocated,Mainline,Not reported,BELL AVE,Municipal Road,Not Indicated as an Intersection,Possible/Unknown Injury Crash,5000,Other,Under Influence of Alcohol/Drugs/Medications,200,,Not reported
20191150013,20190038901,20191207,4601352,447945,11:02,Saturday,Polk,Local Road,9999,Unknown - Not Indicated - Unlocated,Mainline,Not reported,BELL AVE,Municipal Road,Not Indicated as an Intersection,Possible/Unknown Injury Crash,5000,Other,Under Influence of Alcohol/Drugs/Medications,36,>= 35 and <= 39,Female
20191150094,FD19-3550,20191207,4708115,403511,03:08,Saturday,Webster,Local Road,9999,Unknown - Not Indicated - Unlocated,Mainline,Not reported,FLORAL AVE,Municipal Road,Not Indicated as an Intersection,Possible/Unknown Injury Crash,38000,Exceeded authorized speed,Alcohol (Statutory),200,,Not reported
20191150094,FD19-3550,20191207,4708115,403511,03:08,Saturday,Webster,Local Road,9999,Unknown - Not Indicated - Unlocated,Mainline,Not reported,FLORAL AVE,Municipal Road,Not Indicated as an Intersection,Possible/Unknown Injury Crash,38000,Exceeded authorized speed,Alcohol (Statutory),23,>= 21 and <= 24,Male
20191150146,20190039020,20191208,4606017,446447,14:09,Sunday,Polk,Local Road,9999,Unknown - Not Indicated - Unlocated,Mainline,Not reported,FOREST AVE & 19TH ST,Municipal Road,Municipal - Municipal,Property Damage Only,4000,Exceeded authorized speed,Alcohol (Statutory),29,>= 25 and <= 29,Female
20191150146,20190039020,20191208,4606017,446447,14:09,Sunday,Polk,Local Road,9999,Unknown - Not Indicated - Unlocated,Mainline,Not reported,FOREST AVE & 19TH ST,Municipal Road,Municipal - Municipal,Property Damage Only,4000,Exceeded authorized speed,Alcohol (Statutory),31,>= 30 and <= 34,Male
20191150150,20190039040,20191208,4609205,453260,18:22,Sunday,Polk,Farm to Market Route,9999,Unknown - Not Indicated - Unlocated,Mainline,Not reported,E MADISON AVE & E 29TH ST,Municipal Road,Municipal - Municipal,Property Damage Only,2500,Traveling wrong way or on wrong side of road,Alcohol (Statutory),48,>= 45 and <= 49,Male
20191150150,20190039040,20191208,4609205,453260,18:22,Sunday,Polk,Farm to Market Route,9999,Unknown - Not Indicated - Unlocated,Mainline,Not reported,E MADISON AVE & E 29TH ST,Municipal Road,Municipal - Municipal,Property Damage Only,2500,Traveling wrong way or on wrong side of road,Alcohol (Statutory),43,>= 40 and <= 44,Male
20191150153,2019032751,20191208,4731023,302807,06:18,Sunday,Cherokee,Iowa Route,7,Westbound (WB),Mainline,Not reported,IA 7/IOWA 7 & Co Rd M25/Y AVE,Iowa Route,IA Route - Secondary,Suspected Minor Injury Crash,20000,Operating vehicle in an reckless, erratic, careless, negligent manner,Under Influence of Alcohol/Drugs/Medications,26,>= 25 and <= 29,Male
20191150208,19019594,20191206,4548330,293200,18:52,Friday,Mills,Farm to Market Route,9999,Unknown - Not Indicated - Unlocated,Mainline,Not reported,Co Rd H26/HUTCHINGS AVE & 380TH ST,Secondary Road,Secondary - Secondary,Suspected Minor Injury Crash,750,Animal,Alcohol (Statutory),61,>= 60 and <= 64,Male
20191150211,19038022,20191102,4506154,637577,11:02,Saturday,Lee,Farm to Market Route,9999,Unknown - Not Indicated - Unlocated,Mainline,Not reported,Co Rd J48/280 AVE,Secondary Road,Not Indicated as an Intersection,Suspected Serious Injury Crash,2500,Ran off road - left,Alcohol (Statutory),44,>= 40 and <= 44,Male
20191150218,201900015038,20191207,4623063,414467,04:13,Saturday,Dallas,Local Road,9999,Unknown - Not Indicated - Unlocated,Mainline,Not reported,BAKER AVE,Municipal Road,Not Indicated as an Intersection,Suspected Minor Injury Crash,20100,Exceeded authorized speed,Alcohol (Statutory),21,>= 21 and <= 24,Male
20191150222,L19042342,20191204,4715861,462364,23:42,Wednesday,Franklin,Farm to Market Route,9999,Unknown - Not Indicated - Unlocated,Mainline,Not reported,Co Rd S13/45TH ST,Secondary Road,Not Indicated as an Intersection,Suspected Minor Injury Crash,3000,Ran off road - right,Alcohol (Statutory),27,>= 25 and <= 29,Female
20191150223,19-001699,20191207,4665056,474433,01:53,Saturday,Story,US Route,65,Northbound (NB),Mainline,Not reported,US 65 & 150TH ST,US Route,US Route - Secondary,Suspected Minor Injury Crash,17000,Lost control,Alcohol (Statutory),26,>= 25 and <= 29,Female
20191150239,2019032701,20191206,4534463,579813,18:55,Friday,Jefferson,Farm to Market Route,9999,Unknown - Not Indicated - Unlocated,Mainline,Not reported,W MAPLE ST,Secondary Road,Not Indicated as an Intersection,Property Damage Only,2000,Operating vehicle in an reckless, erratic, careless, negligent manner,Alcohol (< Statutory),200,,Not reported
20191150239,2019032701,20191206,4534463,579813,18:55,Friday,Jefferson,Farm to Market Route,9999,Unknown - Not Indicated - Unlocated,Mainline,Not reported,W MAPLE ST,Secondary Road,Not Indicated as an Intersection,Property Damage Only,2000,Operating vehicle in an reckless, erratic, careless, negligent manner,Alcohol (< Statutory),53,>= 50 and <= 54,Male
20191150276,DPDP19000379,20191201,4632584,704039,01:44,Sunday,Clinton,Local Road,9999,Unknown - Not Indicated - Unlocated,Mainline,Not reported,9TH AVE,Municipal Road,Not Indicated as an Intersection,Property Damage Only,14700,Exceeded authorized speed,Alcohol (Statutory),25,>= 25 and <= 29,Male
20191150351,19-40075,20191207,4709586,220647,06:25,Saturday,Woodbury,Interstate,29,Both North and South,Mainline,Not reported,I-29,Interstate,Not Indicated as an Intersection,Suspected Serious Injury Crash,25000,Operating vehicle in an reckless, erratic, careless, negligent manner,Alcohol (Statutory),55,>= 55 and <= 59,Female
20191150351,19-40075,20191207,4709586,220647,06:25,Saturday,Woodbury,Interstate,29,Both North and South,Mainline,Not reported,I-29,Interstate,Not Indicated as an Intersection,Suspected Serious Injury Crash,25000,Operating vehicle in an reckless, erratic, careless, negligent manner,Alcohol (Statutory),32,>= 30 and <= 34,Not reported
20191150361,19-40216,20191208,4711885,219285,17:07,Sunday,Woodbury,Farm to Market Route,9999,Unknown - Not Indicated - Unlocated,Mainline,Not reported,W 17TH ST & HAMILTON BLVD,Municipal Road,Municipal - Municipal,Property Damage Only,3500,Ran off road - right,Alcohol (Statutory),29,>= 25 and <= 29,Male
20191150415,19014230,20191208,4506707,504627,02:48,Sunday,Appanoose,Local Road,9999,Unknown - Not Indicated - Unlocated,Mainline,Not reported,180TH AVE,Secondary Road,Not Indicated as an Intersection,Property Damage Only,2500,Ran off road - right,Alcohol (Statutory),24,>= 21 and <= 24,Male
20191150450,201919550,20191207,4651633,613040,01:49,Saturday,Linn,Iowa Route,922,No Travel Direction Consistent with Route,Mainline,Not reported,IA 922/1ST AVE E & 31ST ST NE,Iowa Route,IA Route - Municipal,Possible/Unknown Injury Crash,4500,Exceeded authorized speed,Alcohol (Statutory),31,>= 30 and <= 34,Male
20191150451,201919710,20191209,4650228,606858,22:34,Monday,Linn,Farm to Market Route,9999,Unknown - Not Indicated - Unlocated,Mainline,Not reported,EDGEWOOD RD NW & 29TH ST NW,Municipal Road,Municipal - Municipal,Property Damage Only,10000,Failed to yield to emergency vehicle,Alcohol (Statutory),21,>= 21 and <= 24,Female
20191150451,201919710,20191209,4650228,606858,22:34,Monday,Linn,Farm to Market Route,9999,Unknown - Not Indicated - Unlocated,Mainline,Not reported,EDGEWOOD RD NW & 29TH ST NW,Municipal Road,Municipal - Municipal,Property Damage Only,10000,Failed to yield to emergency vehicle,Alcohol (Statutory),72,>= 70 and <= 74,Female
20191150548,19-0325,20191208,4624392,439871,19:50,Sunday,Polk,Local Road,9999,Unknown - Not Indicated - Unlocated,Mainline,Not reported,PHILLIPS ST,Municipal Road,Not Indicated as an Intersection,Property Damage Only,8000,Operating vehicle in an reckless, erratic, careless, negligent manner,Alcohol (Statutory),200,,Not reported
20191150548,19-0325,20191208,4624392,439871,19:50,Sunday,Polk,Local Road,9999,Unknown - Not Indicated - Unlocated,Mainline,Not reported,PHILLIPS ST,Municipal Road,Not Indicated as an Intersection,Property Damage Only,8000,Operating vehicle in an reckless, erratic, careless, negligent manner,Alcohol (Statutory),24,>= 21 and <= 24,Female