Case Number,Law Enforcement Case Number,Date of Crash,Y-Coordinate (UTM NAD 83 Zone 15),X-Coordinate (UTM NAD 83 Zone 15),Time,Day of Week,County,Road System,Route,Cardinal Direction of Vehicles,Mainline or Ramp,Overpass/Underpass Information,Derived Literal Description,Road Classification,Intersection Class,Crash Severity,Amount of Property Damage,Major Cause,Drug or Alcohol Related,Driver Age,Driver Age - 5 year Bins,Driver Gender
20191150557,2019012558,20191206,4613188,622376,02:42,Friday,Johnson,Local Road,9999,Unknown - Not Indicated - Unlocated,Mainline,Not reported,S GILBERT ST,Municipal Road,Not Indicated as an Intersection,Suspected Minor Injury Crash,1500,Ran off road - right,Alcohol (Statutory),22,>= 21 and <= 24,Male
20191150559,2019012598,20191206,4611040,620045,23:34,Friday,Johnson,Iowa Route,1,No Travel Direction Consistent with Route,Mainline,Not reported,IA 1/IOWA 1 & SUNSET ST,Iowa Route,IA Route - Municipal,Possible/Unknown Injury Crash,6000,Operating vehicle in an reckless, erratic, careless, negligent manner,Alcohol (Statutory),24,>= 21 and <= 24,Male
20191150559,2019012598,20191206,4611040,620045,23:34,Friday,Johnson,Iowa Route,1,No Travel Direction Consistent with Route,Mainline,Not reported,IA 1/IOWA 1 & SUNSET ST,Iowa Route,IA Route - Municipal,Possible/Unknown Injury Crash,6000,Operating vehicle in an reckless, erratic, careless, negligent manner,Alcohol (Statutory),60,>= 60 and <= 64,Male
20191150677,2019-99936,20191208,4597111,698332,03:28,Sunday,Scott,Local Road,9999,Unknown - Not Indicated - Unlocated,Mainline,Not reported,S CONCORD ST,Municipal Road,Not Indicated as an Intersection,Suspected Minor Injury Crash,1000,Lost control,Refused,26,>= 25 and <= 29,Male
20191150678,S19-098235,20191201,4715736,546268,23:07,Sunday,Black Hawk,US Route,218,Southbound (SB),Mainline,Not reported,US 218,US Route,Not Indicated as an Intersection,Suspected Serious Injury Crash,32000,Operating vehicle in an reckless, erratic, careless, negligent manner,Alcohol (Statutory),60,>= 60 and <= 64,Not reported
20191150678,S19-098235,20191201,4715736,546268,23:07,Sunday,Black Hawk,US Route,218,Southbound (SB),Mainline,Not reported,US 218,US Route,Not Indicated as an Intersection,Suspected Serious Injury Crash,32000,Operating vehicle in an reckless, erratic, careless, negligent manner,Alcohol (Statutory),21,>= 21 and <= 24,Female
20191150679,S19-099764,20191206,4693254,543171,23:30,Friday,Black Hawk,Local Road,9999,Unknown - Not Indicated - Unlocated,Mainline,Not reported,LINCOLN RD,Secondary Road,Not Indicated as an Intersection,Suspected Minor Injury Crash,3600,Ran off road - right,Under Influence of Alcohol/Drugs/Medications,57,>= 55 and <= 59,Male
20191150682,PD19-03292,20191210,4653389,508238,04:42,Tuesday,Marshall,Local Road,9999,Unknown - Not Indicated - Unlocated,Mainline,Not reported,HENRY DR,Municipal Road,Not Indicated as an Intersection,Property Damage Only,9000,Lost control,Alcohol (Statutory),23,>= 21 and <= 24,Female
20191150682,PD19-03292,20191210,4653389,508238,04:42,Tuesday,Marshall,Local Road,9999,Unknown - Not Indicated - Unlocated,Mainline,Not reported,HENRY DR,Municipal Road,Not Indicated as an Intersection,Property Damage Only,9000,Lost control,Alcohol (Statutory),200,,Not reported
20191150691,C19004962,20191209,4617022,617204,23:25,Monday,Johnson,Local Road,9999,Unknown - Not Indicated - Unlocated,Mainline,Not reported,HOLIDAY RD,Municipal Road,Not Indicated as an Intersection,Property Damage Only,25300,Lost control,Alcohol (Statutory),28,>= 25 and <= 29,Female
20191150713,19-16881,20191206,4659035,640562,17:30,Friday,Jones,US Route,151,Northbound (NB),Mainline,Not reported,US 151,US Route,Not Indicated as an Intersection,Suspected Minor Injury Crash,12000,Followed too close,Alcohol (Statutory),22,>= 21 and <= 24,Male
20191150713,19-16881,20191206,4659035,640562,17:30,Friday,Jones,US Route,151,Northbound (NB),Mainline,Not reported,US 151,US Route,Not Indicated as an Intersection,Suspected Minor Injury Crash,12000,Followed too close,Alcohol (Statutory),55,>= 55 and <= 59,Male
20191150764,P-IN-19-0421,20191205,4572825,610611,01:20,Thursday,Washington,Local Road,9999,Unknown - Not Indicated - Unlocated,Mainline,Not reported,E MAIN ST,Municipal Road,Not Indicated as an Intersection,Property Damage Only,20000,Exceeded authorized speed,Alcohol (Statutory),35,>= 35 and <= 39,Male
20191150868,2019032629,20191206,4611050,447713,00:31,Friday,Polk,Interstate,35,No Travel Direction Consistent with Route,Mainline,On underpass,I-35 & Co Rd R56/NW 6TH DR,Interstate,Interstate - Secondary,Suspected Minor Injury Crash,15000,Driver Distraction:  Manual operation of an electronic communication device,Alcohol (Statutory),21,>= 21 and <= 24,Male
20191150908,19-017128,20191207,4735331,257778,02:51,Saturday,Plymouth,Iowa Route,140,Southbound (SB),Mainline,Not reported,IA 140/IOWA 140,Iowa Route,Not Indicated as an Intersection,Possible/Unknown Injury Crash,9000,Ran off road - right,Alcohol (Statutory),21,>= 21 and <= 24,Male
20191150959,20190039408,20191211,4605646,447553,20:20,Wednesday,Polk,Local Road,9999,Unknown - Not Indicated - Unlocated,Mainline,Not reported,UNIVERSITY AVE & 9TH ST,Municipal Road,Municipal - Municipal,Property Damage Only,3000,Ran traffic signal,Drug,33,>= 30 and <= 34,Male
20191150959,20190039408,20191211,4605646,447553,20:20,Wednesday,Polk,Local Road,9999,Unknown - Not Indicated - Unlocated,Mainline,Not reported,UNIVERSITY AVE & 9TH ST,Municipal Road,Municipal - Municipal,Property Damage Only,3000,Ran traffic signal,Drug,31,>= 30 and <= 34,Female
20191150979,W19-100345,20191209,4706755,552143,06:21,Monday,Black Hawk,Local Road,9999,Unknown - Not Indicated - Unlocated,Mainline,Not reported,W CONGER ST,Municipal Road,Not Indicated as an Intersection,Suspected Minor Injury Crash,11000,Crossed centerline (undivided),Refused,62,>= 60 and <= 64,Male
20191150979,W19-100345,20191209,4706755,552143,06:21,Monday,Black Hawk,Local Road,9999,Unknown - Not Indicated - Unlocated,Mainline,Not reported,W CONGER ST,Municipal Road,Not Indicated as an Intersection,Suspected Minor Injury Crash,11000,Crossed centerline (undivided),Refused,21,>= 21 and <= 24,Female
20191151058,201918840,20191124,4647012,608935,14:45,Sunday,Linn,Local Road,9999,Unknown - Not Indicated - Unlocated,Mainline,Not reported,ROCKFORD RD SW,Municipal Road,Not Indicated as an Intersection,Property Damage Only,15000,Driver Distraction:  Other interior distraction,Alcohol (Statutory),61,>= 60 and <= 64,Male
20191151058,201918840,20191124,4647012,608935,14:45,Sunday,Linn,Local Road,9999,Unknown - Not Indicated - Unlocated,Mainline,Not reported,ROCKFORD RD SW,Municipal Road,Not Indicated as an Intersection,Property Damage Only,15000,Driver Distraction:  Other interior distraction,Alcohol (Statutory),29,>= 25 and <= 29,Female
20191151058,201918840,20191124,4647012,608935,14:45,Sunday,Linn,Local Road,9999,Unknown - Not Indicated - Unlocated,Mainline,Not reported,ROCKFORD RD SW,Municipal Road,Not Indicated as an Intersection,Property Damage Only,15000,Driver Distraction:  Other interior distraction,Alcohol (Statutory),200,,Not reported
20191151098,2019033026,20191211,4564860,263251,12:07,Wednesday,Pottawattamie,Interstate,29,Northbound (NB),Mainline,Not reported,I-29,Interstate,Not Indicated as an Intersection,Property Damage Only,3600,Ran off road - left,Refused,32,>= 30 and <= 34,Male
20191151107,19016123,20191018,4612096,655808,18:10,Friday,Cedar,Interstate,80,Westbound (WB),Mainline,Not reported,I-80,Interstate,Not Indicated as an Intersection,Possible/Unknown Injury Crash,12427,Ran off road - left,Alcohol (Statutory),36,>= 35 and <= 39,Male
20191151118,201919051,20191128,4646853,611030,16:33,Thursday,Linn,Local Road,9999,Unknown - Not Indicated - Unlocated,Mainline,Not reported,16TH AVE SW,Municipal Road,Not Indicated as an Intersection,Property Damage Only,4000,Followed too close,Refused,33,>= 30 and <= 34,Female
20191151118,201919051,20191128,4646853,611030,16:33,Thursday,Linn,Local Road,9999,Unknown - Not Indicated - Unlocated,Mainline,Not reported,16TH AVE SW,Municipal Road,Not Indicated as an Intersection,Property Damage Only,4000,Followed too close,Refused,57,>= 55 and <= 59,Male
20191151139,2019-100600,20191210,4599310,699395,17:05,Tuesday,Scott,Local Road,9999,Unknown - Not Indicated - Unlocated,Mainline,Not reported,N PINE ST,Municipal Road,Not Indicated as an Intersection,Property Damage Only,3000,Lost control,Under Influence of Alcohol/Drugs/Medications,36,>= 35 and <= 39,Male
20191151139,2019-100600,20191210,4599310,699395,17:05,Tuesday,Scott,Local Road,9999,Unknown - Not Indicated - Unlocated,Mainline,Not reported,N PINE ST,Municipal Road,Not Indicated as an Intersection,Property Damage Only,3000,Lost control,Under Influence of Alcohol/Drugs/Medications,200,,Not reported
20191151194,19-022828,20191205,4536084,615217,02:00,Thursday,Henry,US Route,34,Westbound (WB),Mainline,Not reported,US 34/US34 RAMP,US Route,Not Indicated as an Intersection,Suspected Minor Injury Crash,12000,Driver Distraction:  Other interior distraction,Alcohol (Statutory),66,>= 65 and <= 69,Male
20191151200,19-018768,20191213,4572582,256912,00:14,Friday,Pottawattamie,Local Road,9999,Unknown - Not Indicated - Unlocated,Mainline,Not reported,AVE G & N 35TH ST,Municipal Road,Municipal - Municipal,Property Damage Only,5000,Ran stop sign,Refused,34,>= 30 and <= 34,Male
20191151200,19-018768,20191213,4572582,256912,00:14,Friday,Pottawattamie,Local Road,9999,Unknown - Not Indicated - Unlocated,Mainline,Not reported,AVE G & N 35TH ST,Municipal Road,Municipal - Municipal,Property Damage Only,5000,Ran stop sign,Refused,26,>= 25 and <= 29,Male
20191151208,W19-101331,20191212,4702421,560957,21:41,Thursday,Black Hawk,Farm to Market Route,9999,Unknown - Not Indicated - Unlocated,Mainline,Not reported,DUBUQUE RD & GILBERTVILLE RD & S ELK RUN RD,Municipal Road,Municipal - Municipal,Property Damage Only,20000,Driver Distraction:  Other interior distraction,Alcohol (Statutory),38,>= 35 and <= 39,Male
20191151230,19006156,20191205,4651661,443624,03:57,Thursday,Story,Local Road,9999,Unknown - Not Indicated - Unlocated,Mainline,Not reported,DICKINSON AVE,Municipal Road,Not Indicated as an Intersection,Property Damage Only,5500,Driver Distraction:  Other interior distraction,Alcohol (Statutory),200,,Not reported
20191151230,19006156,20191205,4651661,443624,03:57,Thursday,Story,Local Road,9999,Unknown - Not Indicated - Unlocated,Mainline,Not reported,DICKINSON AVE,Municipal Road,Not Indicated as an Intersection,Property Damage Only,5500,Driver Distraction:  Other interior distraction,Alcohol (Statutory),20,= 20,Female
20191151280,2019-009339,20191212,4705481,691650,17:24,Thursday,Dubuque,US Route,52,Ramp,Ramp,Not reported,US 52/SW RAMP CURV/NW RAMP CURV & GRANDVIEW AVE S,US Route,US Route - Municipal,Property Damage Only,7803,FTYROW:  From stop sign,Alcohol (Statutory),63,>= 60 and <= 64,Male
20191151280,2019-009339,20191212,4705481,691650,17:24,Thursday,Dubuque,US Route,52,Ramp,Ramp,Not reported,US 52/SW RAMP CURV/NW RAMP CURV & GRANDVIEW AVE S,US Route,US Route - Municipal,Property Damage Only,7803,FTYROW:  From stop sign,Alcohol (Statutory),56,>= 55 and <= 59,Male
20191151334,19047491,20191213,4590884,664148,12:09,Friday,Muscatine,US Route,61,Northbound (NB),Mainline,Not reported,US 61 & 2ND AVE,US Route,US Route - Municipal,Property Damage Only,7000,Ran traffic signal,Alcohol (Statutory),39,>= 35 and <= 39,Female
20191151334,19047491,20191213,4590884,664148,12:09,Friday,Muscatine,US Route,61,Northbound (NB),Mainline,Not reported,US 61 & 2ND AVE,US Route,US Route - Municipal,Property Damage Only,7000,Ran traffic signal,Alcohol (Statutory),48,>= 45 and <= 49,Female
20191151361,19-9193,20191213,4616957,463237,16:48,Friday,Polk,US Route,65,No Travel Direction Consistent with Route,Mainline,Not reported,US 65/HUBBELL AVE,US Route,Not Indicated as an Intersection,Property Damage Only,2500,Driver Distraction:  Other interior distraction,Refused,57,>= 55 and <= 59,Female
20191151382,2019-101187,20191212,4599521,700150,21:31,Thursday,Scott,Local Road,9999,Unknown - Not Indicated - Unlocated,Mainline,Not reported,W 3RD ST & N DIVISION ST,Municipal Road,Municipal - Municipal,Possible/Unknown Injury Crash,20000,Followed too close,Refused,34,>= 30 and <= 34,Female
20191151382,2019-101187,20191212,4599521,700150,21:31,Thursday,Scott,Local Road,9999,Unknown - Not Indicated - Unlocated,Mainline,Not reported,W 3RD ST & N DIVISION ST,Municipal Road,Municipal - Municipal,Possible/Unknown Injury Crash,20000,Followed too close,Refused,33,>= 30 and <= 34,Male
20191151387,20190039653,20191213,4598983,449323,18:05,Friday,Polk,Local Road,9999,Unknown - Not Indicated - Unlocated,Mainline,Not reported,E MCKINLEY AVE,Municipal Road,Not Indicated as an Intersection,Property Damage Only,2500,Lost control,Alcohol (Statutory),70,>= 70 and <= 74,Male
20191151387,20190039653,20191213,4598983,449323,18:05,Friday,Polk,Local Road,9999,Unknown - Not Indicated - Unlocated,Mainline,Not reported,E MCKINLEY AVE,Municipal Road,Not Indicated as an Intersection,Property Damage Only,2500,Lost control,Alcohol (Statutory),49,>= 45 and <= 49,Female
20191151409,20190039673,20191213,4597942,450857,21:51,Friday,Polk,Local Road,9999,Unknown - Not Indicated - Unlocated,Mainline,Not reported,E DIEHL AVE,Municipal Road,Not Indicated as an Intersection,Property Damage Only,8000,Unknown,Alcohol (Statutory),51,>= 50 and <= 54,Female
20191151503,022055,20191214,4801938,354261,14:34,Saturday,Emmet,Iowa Route,4,Northbound (NB),Mainline,Not reported,IA 4/IOWA 4 & 200 ST & 395 AVE,Iowa Route,IA Route - Secondary,Possible/Unknown Injury Crash,10000,Driving too fast for conditions,Refused,42,>= 40 and <= 44,Male
20191151503,022055,20191214,4801938,354261,14:34,Saturday,Emmet,Iowa Route,4,Northbound (NB),Mainline,Not reported,IA 4/IOWA 4 & 200 ST & 395 AVE,Iowa Route,IA Route - Secondary,Possible/Unknown Injury Crash,10000,Driving too fast for conditions,Refused,41,>= 40 and <= 44,Male
20191151518,19-020837,20191211,4778169,529760,17:24,Wednesday,Floyd,Farm to Market Route,9999,Unknown - Not Indicated - Unlocated,Mainline,Not reported,Co Rd B28/140TH ST & Co Rd T64/UNDERWOOD AVE,Secondary Road,Secondary - Secondary,Suspected Minor Injury Crash,9000,Ran stop sign,Alcohol (Statutory),38,>= 35 and <= 39,Male
20191151518,19-020837,20191211,4778169,529760,17:24,Wednesday,Floyd,Farm to Market Route,9999,Unknown - Not Indicated - Unlocated,Mainline,Not reported,Co Rd B28/140TH ST & Co Rd T64/UNDERWOOD AVE,Secondary Road,Secondary - Secondary,Suspected Minor Injury Crash,9000,Ran stop sign,Alcohol (Statutory),65,>= 65 and <= 69,Male
20191151561,2019-101771,20191215,4605385,702450,01:38,Sunday,Scott,Iowa Route,461,No Travel Direction Consistent with Route,Mainline,Not reported,IA 461/WELCOME WAY & W 53RD ST,Iowa Route,IA Route - Municipal,Possible/Unknown Injury Crash,10000,Ran traffic signal,Refused,25,>= 25 and <= 29,Female
20191151561,2019-101771,20191215,4605385,702450,01:38,Sunday,Scott,Iowa Route,461,No Travel Direction Consistent with Route,Mainline,Not reported,IA 461/WELCOME WAY & W 53RD ST,Iowa Route,IA Route - Municipal,Possible/Unknown Injury Crash,10000,Ran traffic signal,Refused,23,>= 21 and <= 24,Male
20191151569,PD19-03335,20191215,4654036,508820,19:27,Sunday,Marshall,Local Road,9999,Unknown - Not Indicated - Unlocated,Mainline,Not reported,E ANSON ST & GOVERNOR RD,Municipal Road,Municipal - Municipal,Property Damage Only,4500,Driving too fast for conditions,Alcohol (Statutory),32,>= 30 and <= 34,Female
20191151569,PD19-03335,20191215,4654036,508820,19:27,Sunday,Marshall,Local Road,9999,Unknown - Not Indicated - Unlocated,Mainline,Not reported,E ANSON ST & GOVERNOR RD,Municipal Road,Municipal - Municipal,Property Damage Only,4500,Driving too fast for conditions,Alcohol (Statutory),43,>= 40 and <= 44,Male
20191151579,20190039829,20191215,4597237,448605,19:09,Sunday,Polk,Local Road,9999,Unknown - Not Indicated - Unlocated,Mainline,Not reported,CHAFFEE RD & FORT DES MOINES,Municipal Road,Municipal - Institutions,Suspected Serious Injury Crash,11400,Exceeded authorized speed,Alcohol (Statutory),31,>= 30 and <= 34,Female
20191151670,2019-009402,20191215,4710243,691506,05:36,Sunday,Dubuque,Farm to Market Route,9999,Unknown - Not Indicated - Unlocated,Mainline,Not reported,PFOTZER ST & WINDSOR AVE,Municipal Road,Municipal - Municipal,Property Damage Only,14500,Ran off road - right,Alcohol (Statutory),200,,Not reported
20191151670,2019-009402,20191215,4710243,691506,05:36,Sunday,Dubuque,Farm to Market Route,9999,Unknown - Not Indicated - Unlocated,Mainline,Not reported,PFOTZER ST & WINDSOR AVE,Municipal Road,Municipal - Municipal,Property Damage Only,14500,Ran off road - right,Alcohol (Statutory),200,,Not reported
20191151670,2019-009402,20191215,4710243,691506,05:36,Sunday,Dubuque,Farm to Market Route,9999,Unknown - Not Indicated - Unlocated,Mainline,Not reported,PFOTZER ST & WINDSOR AVE,Municipal Road,Municipal - Municipal,Property Damage Only,14500,Ran off road - right,Alcohol (Statutory),200,,Not reported
20191151670,2019-009402,20191215,4710243,691506,05:36,Sunday,Dubuque,Farm to Market Route,9999,Unknown - Not Indicated - Unlocated,Mainline,Not reported,PFOTZER ST & WINDSOR AVE,Municipal Road,Municipal - Municipal,Property Damage Only,14500,Ran off road - right,Alcohol (Statutory),25,>= 25 and <= 29,Male
20191151672,2019-38383,20191215,4561306,464294,21:27,Sunday,Warren,Farm to Market Route,9999,Unknown - Not Indicated - Unlocated,Mainline,Not reported,Co Rd G72/UNDERWOOD ST,Secondary Road,Not Indicated as an Intersection,Property Damage Only,10000,Driving too fast for conditions,Alcohol (Statutory),35,>= 35 and <= 39,Male
20191151700,19-001729,20191215,4670781,458655,03:13,Sunday,Story,Farm to Market Route,9999,Unknown - Not Indicated - Unlocated,Mainline,Not reported,115TH ST,Secondary Road,Not Indicated as an Intersection,Suspected Minor Injury Crash,20000,Driver Distraction:  Other interior distraction,Under Influence of Alcohol/Drugs/Medications,23,>= 21 and <= 24,Male
20191151770,2019033086,20191211,4551781,262441,18:04,Wednesday,Mills,Interstate,29,Southbound (SB),Mainline,Not reported,I-29,Interstate,Not Indicated as an Intersection,Suspected Serious Injury Crash,40000,Operating vehicle in an reckless, erratic, careless, negligent manner,Under Influence of Alcohol/Drugs/Medications,200,,Not reported
20191151770,2019033086,20191211,4551781,262441,18:04,Wednesday,Mills,Interstate,29,Southbound (SB),Mainline,Not reported,I-29,Interstate,Not Indicated as an Intersection,Suspected Serious Injury Crash,40000,Operating vehicle in an reckless, erratic, careless, negligent manner,Under Influence of Alcohol/Drugs/Medications,63,>= 60 and <= 64,Male
20191151798,2019012861,20191213,4615885,624763,14:19,Friday,Johnson,Iowa Route,1,Northbound (NB),Mainline,Not reported,IA 1/N DODGE ST,Iowa Route,Not Indicated as an Intersection,Possible/Unknown Injury Crash,21000,Followed too close,Drug/Alcohol (Statutory),61,>= 60 and <= 64,Male
20191151798,2019012861,20191213,4615885,624763,14:19,Friday,Johnson,Iowa Route,1,Northbound (NB),Mainline,Not reported,IA 1/N DODGE ST,Iowa Route,Not Indicated as an Intersection,Possible/Unknown Injury Crash,21000,Followed too close,Drug/Alcohol (Statutory),32,>= 30 and <= 34,Male
20191151798,2019012861,20191213,4615885,624763,14:19,Friday,Johnson,Iowa Route,1,Northbound (NB),Mainline,Not reported,IA 1/N DODGE ST,Iowa Route,Not Indicated as an Intersection,Possible/Unknown Injury Crash,21000,Followed too close,Drug/Alcohol (Statutory),21,>= 21 and <= 24,Female
20191151840,19-022187,20191215,4767357,597279,00:43,Sunday,Fayette,Farm to Market Route,9999,Unknown - Not Indicated - Unlocated,Mainline,Not reported,Co Rd B40/GREAT RIVER RD,Secondary Road,Not Indicated as an Intersection,Property Damage Only,1500,Lost control,Alcohol (Statutory),51,>= 50 and <= 54,Male
20191151847,2019033059,20191211,4613767,645603,14:49,Wednesday,Cedar,Interstate,80,Ramp,Ramp,Not reported,I-80,Interstate,Not Indicated as an Intersection,Property Damage Only,5600,Ran off road - left,Alcohol (Statutory),40,>= 40 and <= 44,Female
20191151918,201919174,20191201,4647519,608906,01:18,Sunday,Linn,Iowa Route,922,Northbound (NB),Mainline,Not reported,IA 922/1ST AVE W & 11TH ST SW & 11TH ST NW,Iowa Route,IA Route - Municipal,Suspected Minor Injury Crash,16500,Ran stop sign,Refused,49,>= 45 and <= 49,Male
20191151918,201919174,20191201,4647519,608906,01:18,Sunday,Linn,Iowa Route,922,Northbound (NB),Mainline,Not reported,IA 922/1ST AVE W & 11TH ST SW & 11TH ST NW,Iowa Route,IA Route - Municipal,Suspected Minor Injury Crash,16500,Ran stop sign,Refused,33,>= 30 and <= 34,Female
20191151925,20190039944,20191216,4605114,446638,22:30,Monday,Polk,Interstate,235,Westbound (WB),Mainline,Not reported,I-235,Interstate,Not Indicated as an Intersection,Property Damage Only,2000,Ran off road - right,Refused,54,>= 50 and <= 54,Female
20191151934,19-101644,20191213,4686194,567843,23:23,Friday,Black Hawk,Farm to Market Route,9999,Unknown - Not Indicated - Unlocated,Mainline,Not reported,Co Rd D48/BRANDON RD,Secondary Road,Not Indicated as an Intersection,Property Damage Only,5000,Lost control,Under Influence of Alcohol/Drugs/Medications,31,>= 30 and <= 34,Male
20191152021,19-41081,20191216,4715927,224256,17:15,Monday,Woodbury,Local Road,9999,Unknown - Not Indicated - Unlocated,Mainline,Not reported,45TH ST,Municipal Road,Not Indicated as an Intersection,Possible/Unknown Injury Crash,8500,Driving too fast for conditions,Alcohol (Statutory),41,>= 40 and <= 44,Male
20191152021,19-41081,20191216,4715927,224256,17:15,Monday,Woodbury,Local Road,9999,Unknown - Not Indicated - Unlocated,Mainline,Not reported,45TH ST,Municipal Road,Not Indicated as an Intersection,Possible/Unknown Injury Crash,8500,Driving too fast for conditions,Alcohol (Statutory),200,,Not reported
20191152036,19-012851,20191213,4648301,593366,03:17,Friday,Benton,Farm to Market Route,9999,Unknown - Not Indicated - Unlocated,Mainline,Not reported,Co Rd W26/32 AVE,Secondary Road,Not Indicated as an Intersection,Suspected Minor Injury Crash,6000,Ran off road - right,Alcohol (Statutory),23,>= 21 and <= 24,Female
20191152069,19-40718,20191213,4710627,219080,07:18,Friday,Woodbury,Local Road,9999,Unknown - Not Indicated - Unlocated,Mainline,Not reported,W 2ND ST & MAIN ST,Municipal Road,Municipal - Municipal,Suspected Serious Injury Crash,11703,Lost control,Alcohol (Statutory),200,,Not reported
20191152069,19-40718,20191213,4710627,219080,07:18,Friday,Woodbury,Local Road,9999,Unknown - Not Indicated - Unlocated,Mainline,Not reported,W 2ND ST & MAIN ST,Municipal Road,Municipal - Municipal,Suspected Serious Injury Crash,11703,Lost control,Alcohol (Statutory),200,,Not reported
20191152069,19-40718,20191213,4710627,219080,07:18,Friday,Woodbury,Local Road,9999,Unknown - Not Indicated - Unlocated,Mainline,Not reported,W 2ND ST & MAIN ST,Municipal Road,Municipal - Municipal,Suspected Serious Injury Crash,11703,Lost control,Alcohol (Statutory),31,>= 30 and <= 34,Male
20191152211,19047491,20191213,4596572,672020,12:14,Friday,Muscatine,US Route,61,Northbound (NB),Mainline,Not reported,US 61,US Route,Not Indicated as an Intersection,Property Damage Only,6500,Exceeded authorized speed,Alcohol (Statutory),39,>= 35 and <= 39,Female
20191152211,19047491,20191213,4596572,672020,12:14,Friday,Muscatine,US Route,61,Northbound (NB),Mainline,Not reported,US 61,US Route,Not Indicated as an Intersection,Property Damage Only,6500,Exceeded authorized speed,Alcohol (Statutory),31,>= 30 and <= 34,Male
20191152261,19-42498,20191217,4517070,658951,20:44,Tuesday,Des Moines,Farm to Market Route,9999,Unknown - Not Indicated - Unlocated,Mainline,Not reported,HARRISON AVE & SUMMER ST,Municipal Road,Municipal - Municipal,Property Damage Only,3500,Driver Distraction:  Other interior distraction,Alcohol (< Statutory),68,>= 65 and <= 69,Male
20191152261,19-42498,20191217,4517070,658951,20:44,Tuesday,Des Moines,Farm to Market Route,9999,Unknown - Not Indicated - Unlocated,Mainline,Not reported,HARRISON AVE & SUMMER ST,Municipal Road,Municipal - Municipal,Property Damage Only,3500,Driver Distraction:  Other interior distraction,Alcohol (< Statutory),45,>= 45 and <= 49,Male
20191152304,19-39497,20191216,4614392,502679,19:49,Monday,Jasper,Interstate,80,Eastbound (EB),Mainline,Not reported,I-80,Interstate,Not Indicated as an Intersection,Property Damage Only,17100,Operating vehicle in an reckless, erratic, careless, negligent manner,Alcohol (Statutory),45,>= 45 and <= 49,Male
20191152304,19-39497,20191216,4614392,502679,19:49,Monday,Jasper,Interstate,80,Eastbound (EB),Mainline,Not reported,I-80,Interstate,Not Indicated as an Intersection,Property Damage Only,17100,Operating vehicle in an reckless, erratic, careless, negligent manner,Alcohol (Statutory),25,>= 25 and <= 29,Male
20191152304,19-39497,20191216,4614392,502679,19:49,Monday,Jasper,Interstate,80,Eastbound (EB),Mainline,Not reported,I-80,Interstate,Not Indicated as an Intersection,Property Damage Only,17100,Operating vehicle in an reckless, erratic, careless, negligent manner,Alcohol (Statutory),25,>= 25 and <= 29,Male
20191152336,19-4956,20190708,4621043,439644,10:05,Monday,Polk,Farm to Market Route,9999,Unknown - Not Indicated - Unlocated,Mainline,Not reported,Co Rd R6F/NW BEAVER DR,Secondary Road,Not Indicated as an Intersection,Suspected Minor Injury Crash,6500,Operating vehicle in an reckless, erratic, careless, negligent manner,Alcohol (Statutory),57,>= 55 and <= 59,Male
20191152344,2019-101908,20191215,4600204,702761,18:31,Sunday,Scott,Local Road,9999,Unknown - Not Indicated - Unlocated,Mainline,Not reported,E 8TH ST & IOWA ST,Municipal Road,Municipal - Municipal,Property Damage Only,4500,Lost control,Refused,24,>= 21 and <= 24,Female
20191152344,2019-101908,20191215,4600204,702761,18:31,Sunday,Scott,Local Road,9999,Unknown - Not Indicated - Unlocated,Mainline,Not reported,E 8TH ST & IOWA ST,Municipal Road,Municipal - Municipal,Property Damage Only,4500,Lost control,Refused,200,,Not reported
20191152344,2019-101908,20191215,4600204,702761,18:31,Sunday,Scott,Local Road,9999,Unknown - Not Indicated - Unlocated,Mainline,Not reported,E 8TH ST & IOWA ST,Municipal Road,Municipal - Municipal,Property Damage Only,4500,Lost control,Refused,200,,Not reported
20191152349,201919935,20191213,4646535,603635,15:46,Friday,Linn,Local Road,9999,Unknown - Not Indicated - Unlocated,Mainline,Not reported,16TH AVE SW,Municipal Road,Not Indicated as an Intersection,Suspected Minor Injury Crash,20000,Driver Distraction:  Other interior distraction,Under Influence of Alcohol/Drugs/Medications,55,>= 55 and <= 59,Female
20191152349,201919935,20191213,4646535,603635,15:46,Friday,Linn,Local Road,9999,Unknown - Not Indicated - Unlocated,Mainline,Not reported,16TH AVE SW,Municipal Road,Not Indicated as an Intersection,Suspected Minor Injury Crash,20000,Driver Distraction:  Other interior distraction,Under Influence of Alcohol/Drugs/Medications,27,>= 25 and <= 29,Male
20191152387,19-07139,20191217,4605697,436526,11:40,Tuesday,Polk,Local Road,9999,Unknown - Not Indicated - Unlocated,Mainline,Not reported,NW 104TH ST & UNIVERSITY AVE & 42ND ST,Municipal Road,Municipal - Municipal,Property Damage Only,4000,Operating vehicle in an reckless, erratic, careless, negligent manner,Alcohol (Statutory),58,>= 55 and <= 59,Male
20191152387,19-07139,20191217,4605697,436526,11:40,Tuesday,Polk,Local Road,9999,Unknown - Not Indicated - Unlocated,Mainline,Not reported,NW 104TH ST & UNIVERSITY AVE & 42ND ST,Municipal Road,Municipal - Municipal,Property Damage Only,4000,Operating vehicle in an reckless, erratic, careless, negligent manner,Alcohol (Statutory),55,>= 55 and <= 59,Male