Case Number,Law Enforcement Case Number,Date of Crash,Y-Coordinate (UTM NAD 83 Zone 15),X-Coordinate (UTM NAD 83 Zone 15),Time,Day of Week,County,Road System,Route,Cardinal Direction of Vehicles,Mainline or Ramp,Overpass/Underpass Information,Derived Literal Description,Road Classification,Intersection Class,Crash Severity,Amount of Property Damage,Major Cause,Drug or Alcohol Related,Driver Age,Driver Age - 5 year Bins,Driver Gender
20191152406,,20190929,4608333,716065,17:45,Sunday,Scott,Interstate,80,Eastbound (EB),Mainline,Not reported,I-80,Interstate,Not Indicated as an Intersection,Suspected Minor Injury Crash,16991,Exceeded authorized speed,Refused,47,>= 45 and <= 49,Male
20191152406,,20190929,4608333,716065,17:45,Sunday,Scott,Interstate,80,Eastbound (EB),Mainline,Not reported,I-80,Interstate,Not Indicated as an Intersection,Suspected Minor Injury Crash,16991,Exceeded authorized speed,Refused,30,>= 30 and <= 34,Male
20191152466,20190040190,20191218,4597860,454408,22:07,Wednesday,Polk,Local Road,9999,Unknown - Not Indicated - Unlocated,Mainline,Not reported,HART AVE,Municipal Road,Not Indicated as an Intersection,Property Damage Only,3500,Other,Under Influence of Alcohol/Drugs/Medications,48,>= 45 and <= 49,Male
20191152467,2019012946,20191216,4611887,622244,02:07,Monday,Johnson,Local Road,9999,Unknown - Not Indicated - Unlocated,Mainline,Not reported,S GILBERT ST,Municipal Road,Not Indicated as an Intersection,Property Damage Only,7100,Driving too fast for conditions,Refused,38,>= 35 and <= 39,Female
20191152483,19-006363,20191216,4652530,444619,23:35,Monday,Story,Farm to Market Route,9999,Unknown - Not Indicated - Unlocated,Mainline,Not reported,LINCOLN WAY & MARSHALL AVE,Municipal Road,Municipal - Municipal,Property Damage Only,18000,Driving too fast for conditions,Under Influence of Alcohol/Drugs/Medications,39,>= 35 and <= 39,Not reported
20191152488,19006386,20191217,4652615,444262,22:00,Tuesday,Story,Local Road,9999,Unknown - Not Indicated - Unlocated,Mainline,Not reported,HICKORY DR,Municipal Road,Not Indicated as an Intersection,Property Damage Only,20000,Exceeded authorized speed,Alcohol (Statutory),20,= 20,Male
20191152498,2019025453,20190919,4599620,418498,12:16,Thursday,Dallas,Interstate,80,Westbound (WB),Mainline,Not reported,I-80,Interstate,Not Indicated as an Intersection,Property Damage Only,10500,Operating vehicle in an reckless, erratic, careless, negligent manner,Alcohol (Statutory),25,>= 25 and <= 29,Male
20191152519,19005492,20190715,4801573,506054,05:01,Monday,Mitchell,Farm to Market Route,9999,Unknown - Not Indicated - Unlocated,Mainline,Not reported,Co Rd T26/FOOTHILL AVE,Secondary Road,Not Indicated as an Intersection,Possible/Unknown Injury Crash,3000,Operating vehicle in an reckless, erratic, careless, negligent manner,Alcohol (Statutory),32,>= 30 and <= 34,Male
20191152530,A19-079,20191213,4576913,415314,23:20,Friday,Madison,Local Road,9999,Unknown - Not Indicated - Unlocated,Mainline,Not reported,E BUCHANAN ST & N 2ND ST,Municipal Road,Municipal - Municipal,Suspected Minor Injury Crash,45000,Exceeded authorized speed,Alcohol (Statutory),24,>= 21 and <= 24,Female
20191152537,19-021070,20191216,4768347,526153,22:14,Monday,Floyd,Local Road,9999,Unknown - Not Indicated - Unlocated,Mainline,Not reported,CLARK ST & MAIN ST,Municipal Road,Municipal - Municipal,Property Damage Only,4000,FTYROW:  Making left turn,Alcohol (Statutory),18,= 18,Female
20191152537,19-021070,20191216,4768347,526153,22:14,Monday,Floyd,Local Road,9999,Unknown - Not Indicated - Unlocated,Mainline,Not reported,CLARK ST & MAIN ST,Municipal Road,Municipal - Municipal,Property Damage Only,4000,FTYROW:  Making left turn,Alcohol (Statutory),22,>= 21 and <= 24,Male
20191152675,19-008478,20191219,4765417,266898,01:30,Thursday,O'Brien,Farm to Market Route,9999,Unknown - Not Indicated - Unlocated,Mainline,Not reported,Co Rd L26/MCKINLEY AVE,Secondary Road,Not Indicated as an Intersection,Possible/Unknown Injury Crash,3550,Ran off road - right,Alcohol (Statutory),29,>= 25 and <= 29,Male
20191152695,19-07215,20191220,4597072,435852,00:08,Friday,Polk,Iowa Route,5,No Travel Direction Consistent with Route,Mainline,Not reported,IA 5/IOWA 5,Iowa Route,Not Indicated as an Intersection,Property Damage Only,23000,Ran off road - right,Under Influence of Alcohol/Drugs/Medications,47,>= 45 and <= 49,Male
20191152698,19-03035,20191215,4610532,436693,17:28,Sunday,Polk,Local Road,9999,Unknown - Not Indicated - Unlocated,Mainline,Not reported,104TH ST,Municipal Road,Not Indicated as an Intersection,Property Damage Only,1800,Driving too fast for conditions,Refused,45,>= 45 and <= 49,Male
20191152698,19-03035,20191215,4610532,436693,17:28,Sunday,Polk,Local Road,9999,Unknown - Not Indicated - Unlocated,Mainline,Not reported,104TH ST,Municipal Road,Not Indicated as an Intersection,Property Damage Only,1800,Driving too fast for conditions,Refused,24,>= 21 and <= 24,Male
20191152701,19-103382,20191220,4705870,545046,02:38,Friday,Black Hawk,Iowa Route,27,Southbound (SB),Mainline,Not reported,IA 27,Iowa Route,Not Indicated as an Intersection,Property Damage Only,17500,Driver Distraction:  Passenger,Alcohol (Statutory),20,= 20,Male
20191152702,20190040306,20191219,4609630,448770,23:14,Thursday,Polk,Farm to Market Route,9999,Unknown - Not Indicated - Unlocated,Mainline,Not reported,NE 3RD ST & NE AURORA AVE & CORNELL ST,Secondary Road,Secondary - Municipal,Property Damage Only,2500,Lost control,Alcohol (Statutory),53,>= 50 and <= 54,Female
20191152704,W19-103247,20191219,4705689,550032,17:17,Thursday,Black Hawk,Iowa Route,934,Eastbound (EB),Mainline,Not reported,IA 934/UNIVERSITY AVE,Iowa Route,Not Indicated as an Intersection,Possible/Unknown Injury Crash,2500,Exceeded authorized speed,Alcohol (Statutory),45,>= 45 and <= 49,Male
20191152704,W19-103247,20191219,4705689,550032,17:17,Thursday,Black Hawk,Iowa Route,934,Eastbound (EB),Mainline,Not reported,IA 934/UNIVERSITY AVE,Iowa Route,Not Indicated as an Intersection,Possible/Unknown Injury Crash,2500,Exceeded authorized speed,Alcohol (Statutory),37,>= 35 and <= 39,Female
20191152804,19-171219-01,20191219,4623696,596023,23:25,Thursday,Iowa,US Route,6,Westbound (WB),Mainline,Not reported,US 6,US Route,Not Indicated as an Intersection,Suspected Minor Injury Crash,8500,Animal,Alcohol (Statutory),20,= 20,Male
20191152834,2019014256,20190525,4594885,398630,19:23,Saturday,Madison,Interstate,80,Westbound (WB),Mainline,Not reported,I-80,Interstate,Not Indicated as an Intersection,Suspected Minor Injury Crash,9040,Operating vehicle in an reckless, erratic, careless, negligent manner,Refused,33,>= 30 and <= 34,Male
20191152987,19013117,20191221,4738711,422556,00:01,Saturday,Wright,Local Road,9999,Unknown - Not Indicated - Unlocated,Mainline,Not reported,175TH ST,Secondary Road,Not Indicated as an Intersection,Possible/Unknown Injury Crash,4500,Driving too fast for conditions,Under Influence of Alcohol/Drugs/Medications,57,>= 55 and <= 59,Male
20191153014,2019030560,20191112,4615896,620915,19:45,Tuesday,Johnson,Interstate,80,Eastbound (EB),Mainline,Not reported,I-80,Interstate,Not Indicated as an Intersection,Property Damage Only,7939,Ran off road - right,Refused,43,>= 40 and <= 44,Male
20191153076,19-42894,20191221,4519519,657642,06:14,Saturday,Des Moines,Local Road,9999,Unknown - Not Indicated - Unlocated,Mainline,Not reported,VALLEY ST & HAYES ST,Municipal Road,Municipal - Municipal,Possible/Unknown Injury Crash,1650,Exceeded authorized speed,Refused,45,>= 45 and <= 49,Male
20191153077,2019-103620,20191222,4601626,700713,01:35,Sunday,Scott,Local Road,9999,Unknown - Not Indicated - Unlocated,Mainline,Not reported,FILLMORE ST,Municipal Road,Not Indicated as an Intersection,Suspected Minor Injury Crash,15000,Lost control,Refused,200,,Not reported
20191153077,2019-103620,20191222,4601626,700713,01:35,Sunday,Scott,Local Road,9999,Unknown - Not Indicated - Unlocated,Mainline,Not reported,FILLMORE ST,Municipal Road,Not Indicated as an Intersection,Suspected Minor Injury Crash,15000,Lost control,Refused,31,>= 30 and <= 34,Male
20191153080,PD19-03387,20191222,4653491,506431,04:28,Sunday,Marshall,Local Road,9999,Unknown - Not Indicated - Unlocated,Mainline,Not reported,S 6TH ST,Municipal Road,Not Indicated as an Intersection,Property Damage Only,3000,Other,Alcohol (Statutory),20,= 20,Female
20191153135,2019-103517,20191221,4603747,703016,19:15,Saturday,Scott,US Route,6,Westbound (WB),Mainline,Not reported,US 6/E KIMBERLY RD,US Route,Not Indicated as an Intersection,Possible/Unknown Injury Crash,9000,Followed too close,Refused,41,>= 40 and <= 44,Male
20191153135,2019-103517,20191221,4603747,703016,19:15,Saturday,Scott,US Route,6,Westbound (WB),Mainline,Not reported,US 6/E KIMBERLY RD,US Route,Not Indicated as an Intersection,Possible/Unknown Injury Crash,9000,Followed too close,Refused,55,>= 55 and <= 59,Male
20191153147,2019029315,20191031,4638245,452626,04:15,Thursday,Story,Interstate,35,Northbound (NB),Mainline,Not reported,I-35,Interstate,Not Indicated as an Intersection,Suspected Minor Injury Crash,20000,Driving too fast for conditions,Refused,28,>= 25 and <= 29,Female
20191153206,20190040539,20191222,4603763,453460,01:42,Sunday,Polk,Farm to Market Route,9999,Unknown - Not Indicated - Unlocated,Mainline,Not reported,SCOTT AVE & SE 30TH ST,Municipal Road,Municipal - Municipal,Property Damage Only,1500,Other,Alcohol (Statutory),200,,Not reported
20191153206,20190040539,20191222,4603763,453460,01:42,Sunday,Polk,Farm to Market Route,9999,Unknown - Not Indicated - Unlocated,Mainline,Not reported,SCOTT AVE & SE 30TH ST,Municipal Road,Municipal - Municipal,Property Damage Only,1500,Other,Alcohol (Statutory),55,>= 55 and <= 59,Female
20191153259,L19212317,20191221,4735801,476939,17:00,Saturday,Franklin,Farm to Market Route,9999,Unknown - Not Indicated - Unlocated,Mainline,Not reported,Co Rd C31/170TH ST,Secondary Road,Not Indicated as an Intersection,Property Damage Only,4000,Operating vehicle in an reckless, erratic, careless, negligent manner,Refused,32,>= 30 and <= 34,Male
20191153263,N19001128,20191218,4622389,616575,00:26,Wednesday,Johnson,Farm to Market Route,9999,Unknown - Not Indicated - Unlocated,Mainline,Not reported,ZELLER ST & FRONT ST,Municipal Road,Municipal - Municipal,Property Damage Only,7000,Ran off road - right,Alcohol (Statutory),26,>= 25 and <= 29,Female
20191153314,19-0338,20191219,4623862,440394,23:03,Thursday,Polk,Iowa Route,415,No Travel Direction Consistent with Route,Mainline,Not reported,IA 415/W BRIDGE RD/S 3RD ST,Iowa Route,IA Route - Municipal,Property Damage Only,5000,Operating vehicle in an reckless, erratic, careless, negligent manner,Alcohol (Statutory),34,>= 30 and <= 34,Male
20191153361,2019-009582,20191221,4708713,689110,18:14,Saturday,Dubuque,Local Road,9999,Unknown - Not Indicated - Unlocated,Mainline,Not reported,FAIRWAY DR & ST AMBROSE ST,Municipal Road,Municipal - Municipal,Property Damage Only,2000,Operating vehicle in an reckless, erratic, careless, negligent manner,Alcohol (Statutory),200,,Not reported
20191153361,2019-009582,20191221,4708713,689110,18:14,Saturday,Dubuque,Local Road,9999,Unknown - Not Indicated - Unlocated,Mainline,Not reported,FAIRWAY DR & ST AMBROSE ST,Municipal Road,Municipal - Municipal,Property Damage Only,2000,Operating vehicle in an reckless, erratic, careless, negligent manner,Alcohol (Statutory),19,= 19,Female
20191153399,19014784,20191222,4509263,511096,22:27,Sunday,Appanoose,Local Road,9999,Unknown - Not Indicated - Unlocated,Mainline,Not reported,E STATE ST,Municipal Road,Not Indicated as an Intersection,Property Damage Only,9000,Lost control,Alcohol (Statutory),200,,Not reported
20191153399,19014784,20191222,4509263,511096,22:27,Sunday,Appanoose,Local Road,9999,Unknown - Not Indicated - Unlocated,Mainline,Not reported,E STATE ST,Municipal Road,Not Indicated as an Intersection,Property Damage Only,9000,Lost control,Alcohol (Statutory),51,>= 50 and <= 54,Female
20191153417,19-121220-01,20191220,4611059,574315,15:05,Friday,Iowa,Local Road,9999,Unknown - Not Indicated - Unlocated,Mainline,Not reported,247TH ST,Secondary Road,Not Indicated as an Intersection,Suspected Minor Injury Crash,4300,Ran off road - left,Alcohol (Statutory),20,= 20,Male
20191153418,19-426,20191219,4517392,375793,15:30,Thursday,Taylor,Farm to Market Route,9999,Unknown - Not Indicated - Unlocated,Mainline,Not reported,170TH ST,Secondary Road,Not Indicated as an Intersection,Property Damage Only,5250,Driver Distraction:  Other interior distraction,Under Influence of Alcohol/Drugs/Medications,65,>= 65 and <= 69,Male
20191153449,19-04410,20191222,4778868,641311,21:30,Sunday,Allamakee,Iowa Route,76,Southbound (SB),Mainline,Not reported,IA 76/IOWA 76,Iowa Route,Not Indicated as an Intersection,Possible/Unknown Injury Crash,15000,Animal,Alcohol (Statutory),52,>= 50 and <= 54,Male
20191153461,19-002250,20191223,4611614,458109,15:59,Monday,Polk,Farm to Market Route,9999,Unknown - Not Indicated - Unlocated,Mainline,Not reported,34TH AVE NW,Municipal Road,Not Indicated as an Intersection,Possible/Unknown Injury Crash,8000,Ran traffic signal,Alcohol (Statutory),17,= 17,Female
20191153461,19-002250,20191223,4611614,458109,15:59,Monday,Polk,Farm to Market Route,9999,Unknown - Not Indicated - Unlocated,Mainline,Not reported,34TH AVE NW,Municipal Road,Not Indicated as an Intersection,Possible/Unknown Injury Crash,8000,Ran traffic signal,Alcohol (Statutory),37,>= 35 and <= 39,Male
20191153482,20190040714,20191223,4608628,447744,17:41,Monday,Polk,US Route,6,Eastbound (EB),Mainline,Not reported,US 6/EUCLID AVE & 8TH ST,US Route,US Route - Municipal,Possible/Unknown Injury Crash,3731,Operating vehicle in an reckless, erratic, careless, negligent manner,Refused,52,>= 50 and <= 54,Male
20191153482,20190040714,20191223,4608628,447744,17:41,Monday,Polk,US Route,6,Eastbound (EB),Mainline,Not reported,US 6/EUCLID AVE & 8TH ST,US Route,US Route - Municipal,Possible/Unknown Injury Crash,3731,Operating vehicle in an reckless, erratic, careless, negligent manner,Refused,57,>= 55 and <= 59,Male
20191153482,20190040714,20191223,4608628,447744,17:41,Monday,Polk,US Route,6,Eastbound (EB),Mainline,Not reported,US 6/EUCLID AVE & 8TH ST,US Route,US Route - Municipal,Possible/Unknown Injury Crash,3731,Operating vehicle in an reckless, erratic, careless, negligent manner,Refused,39,>= 35 and <= 39,Female
20191153510,19-18329,20191223,4778915,323841,21:30,Monday,Clay,Farm to Market Route,9999,Unknown - Not Indicated - Unlocated,Mainline,Not reported,W 4TH ST,Municipal Road,Not Indicated as an Intersection,Property Damage Only,3000,Operating vehicle in an reckless, erratic, careless, negligent manner,Alcohol (Statutory),200,,Not reported
20191153510,19-18329,20191223,4778915,323841,21:30,Monday,Clay,Farm to Market Route,9999,Unknown - Not Indicated - Unlocated,Mainline,Not reported,W 4TH ST,Municipal Road,Not Indicated as an Intersection,Property Damage Only,3000,Operating vehicle in an reckless, erratic, careless, negligent manner,Alcohol (Statutory),38,>= 35 and <= 39,Female
20191153576,2019013258,20191224,4610156,624498,17:55,Tuesday,Johnson,Local Road,9999,Unknown - Not Indicated - Unlocated,Mainline,Not reported,LAKESIDE DR & AMBER LN,Municipal Road,Municipal - Municipal,Property Damage Only,11000,Other,Alcohol (Statutory),200,,Not reported
20191153576,2019013258,20191224,4610156,624498,17:55,Tuesday,Johnson,Local Road,9999,Unknown - Not Indicated - Unlocated,Mainline,Not reported,LAKESIDE DR & AMBER LN,Municipal Road,Municipal - Municipal,Property Damage Only,11000,Other,Alcohol (Statutory),42,>= 40 and <= 44,Male
20191153628,201919873,20191212,4647139,609988,15:38,Thursday,Linn,Local Road,9999,Unknown - Not Indicated - Unlocated,Mainline,On overpass,8TH AVE SW & L ST SW,Municipal Road,Municipal - Municipal,Property Damage Only,1500,Lost control,Refused,47,>= 45 and <= 49,Male
20191153660,20190040877,20191226,4604838,441364,01:48,Thursday,Polk,Interstate,235,Westbound (WB),Mainline,On underpass,I-235 & IA 28/63RD ST,Interstate,Interstate - IA Route,Property Damage Only,2500,Driver Distraction:  Other interior distraction,Alcohol (Statutory),77,>= 75 and <= 79,Female
20191153660,20190040877,20191226,4604838,441364,01:48,Thursday,Polk,Interstate,235,Westbound (WB),Mainline,On underpass,I-235 & IA 28/63RD ST,Interstate,Interstate - IA Route,Property Damage Only,2500,Driver Distraction:  Other interior distraction,Alcohol (Statutory),31,>= 30 and <= 34,Male
20191153688,19-013198,20191221,4701153,497082,03:20,Saturday,Hardin,US Route,20,Eastbound (EB),Mainline,Not reported,US 20,US Route,Not Indicated as an Intersection,Property Damage Only,5000,Operating vehicle in an reckless, erratic, careless, negligent manner,Alcohol (Statutory),24,>= 21 and <= 24,Male
20191153742,2019012754,20191211,4610488,623503,09:23,Wednesday,Johnson,Local Road,9999,Unknown - Not Indicated - Unlocated,Mainline,Not reported,DAVIS ST,Municipal Road,Not Indicated as an Intersection,Property Damage Only,1600,Swerving/Evasive Action,Under Influence of Alcohol/Drugs/Medications,41,>= 40 and <= 44,Male
20191153768,2019032698,20191206,4610546,452058,18:15,Friday,Polk,Interstate,235,No Travel Direction Consistent with Route,Mainline,Not reported,I-235,Interstate,Not Indicated as an Intersection,Property Damage Only,10000,Lost control,Alcohol (Statutory),200,,Not reported
20191153768,2019032698,20191206,4610546,452058,18:15,Friday,Polk,Interstate,235,No Travel Direction Consistent with Route,Mainline,Not reported,I-235,Interstate,Not Indicated as an Intersection,Property Damage Only,10000,Lost control,Alcohol (Statutory),43,>= 40 and <= 44,Male
20191153791,19-002039,20191222,4615977,442396,05:55,Sunday,Polk,Local Road,9999,Unknown - Not Indicated - Unlocated,Mainline,Not reported,NW 72ND PL,Municipal Road,Not Indicated as an Intersection,Property Damage Only,40150,Driver Distraction:  Manual operation of an electronic communication device,Alcohol (Statutory),20,= 20,Female
20191153823,2019-01228,20191219,4605741,431269,21:52,Thursday,Dallas,Farm to Market Route,9999,Unknown - Not Indicated - Unlocated,Mainline,Not reported,UNIVERSITY AVE,Municipal Road,Not Indicated as an Intersection,Suspected Minor Injury Crash,32000,Failed to keep in proper lane,Refused,44,>= 40 and <= 44,Not reported
20191153845,19-15699,20191220,4791871,216811,06:00,Friday,Sioux,Farm to Market Route,9999,Unknown - Not Indicated - Unlocated,Mainline,Not reported,Co Rd A54B/A54B BLVD,Secondary Road,Not Indicated as an Intersection,Possible/Unknown Injury Crash,5400,Driving too fast for conditions,Alcohol (Statutory),52,>= 50 and <= 54,Male
20191153855,201920414,20191222,4653023,610489,15:08,Sunday,Linn,Local Road,9999,Unknown - Not Indicated - Unlocated,Mainline,Not reported,42ND ST NE & CENTER POINT RD NE,Municipal Road,Municipal - Municipal,Property Damage Only,8000,Followed too close,Refused,24,>= 21 and <= 24,Female
20191153855,201920414,20191222,4653023,610489,15:08,Sunday,Linn,Local Road,9999,Unknown - Not Indicated - Unlocated,Mainline,Not reported,42ND ST NE & CENTER POINT RD NE,Municipal Road,Municipal - Municipal,Property Damage Only,8000,Followed too close,Refused,47,>= 45 and <= 49,Female
20191153878,20190040970,20191226,4596771,450222,17:18,Thursday,Polk,US Route,69,Northbound (NB),Mainline,Not reported,US 69/SE 14TH ST,US Route,Not Indicated as an Intersection,Possible/Unknown Injury Crash,2000,Lost control,Alcohol (Statutory),55,>= 55 and <= 59,Female
20191153880,20190040975,20191226,4598950,451408,20:02,Thursday,Polk,Local Road,9999,Unknown - Not Indicated - Unlocated,Mainline,Not reported,E MCKINLEY AVE,Municipal Road,Not Indicated as an Intersection,Property Damage Only,10000,Lost control,Under Influence of Alcohol/Drugs/Medications,51,>= 50 and <= 54,Male
20191153887,19-007243,20191221,4620171,451676,22:24,Saturday,Polk,Farm to Market Route,9999,Unknown - Not Indicated - Unlocated,Mainline,Not reported,E 1ST ST & NE DELAWARE AVE,Municipal Road,Municipal - Municipal,Suspected Minor Injury Crash,30000,Ran traffic signal,Alcohol (Statutory),37,>= 35 and <= 39,Male
20191153887,19-007243,20191221,4620171,451676,22:24,Saturday,Polk,Farm to Market Route,9999,Unknown - Not Indicated - Unlocated,Mainline,Not reported,E 1ST ST & NE DELAWARE AVE,Municipal Road,Municipal - Municipal,Suspected Minor Injury Crash,30000,Ran traffic signal,Alcohol (Statutory),34,>= 30 and <= 34,Female
20191153901,2019-003410,20191109,4701006,694269,18:34,Saturday,Dubuque,US Route,52,Both North and South,Mainline,Not reported,US 52,US Route,Not Indicated as an Intersection,Fatal Crash,40000,Traveling wrong way or on wrong side of road,Alcohol (Statutory),20,= 20,Female
20191153901,2019-003410,20191109,4701006,694269,18:34,Saturday,Dubuque,US Route,52,Both North and South,Mainline,Not reported,US 52,US Route,Not Indicated as an Intersection,Fatal Crash,40000,Traveling wrong way or on wrong side of road,Alcohol (Statutory),69,>= 65 and <= 69,Male
20191153927,2019-39490,20191227,4592606,452896,00:41,Friday,Warren,US Route,65,Southbound (SB),Mainline,Not reported,US 65,US Route,Not Indicated as an Intersection,Suspected Minor Injury Crash,8000,Driver Distraction:  Other interior distraction,Refused,47,>= 45 and <= 49,Male
20191153928,201900036897,20190805,4540104,550340,06:08,Monday,Wapello,Local Road,9999,Unknown - Not Indicated - Unlocated,Mainline,Not reported,E MAIN ST,Municipal Road,Not Indicated as an Intersection,Suspected Minor Injury Crash,6500,Ran off road - right,Alcohol (Statutory),52,>= 50 and <= 54,Male
20191153933,19-11214A,20191121,4512857,301632,17:31,Thursday,Page,Iowa Route,2,Westbound (WB),Mainline,Not reported,IA 2/IOWA 2,Iowa Route,Not Indicated as an Intersection,Suspected Minor Injury Crash,6800,Ran off road - right,Alcohol (Statutory),59,>= 55 and <= 59,Male
20191153962,2019032689,20191206,4617175,452060,15:09,Friday,Polk,Interstate,35,Southbound (SB),Mainline,Not reported,I-35,Interstate,Not Indicated as an Intersection,Property Damage Only,6000,Ran off road - left,Alcohol (Statutory),66,>= 65 and <= 69,Male
20191153999,19010698,20191127,4700591,607100,23:52,Wednesday,Buchanan,Farm to Market Route,9999,Unknown - Not Indicated - Unlocated,Mainline,Not reported,Co Rd W45/BUFFALO CREEK BLVD,Secondary Road,Not Indicated as an Intersection,Fatal Crash,10400,Ran off road - left,Alcohol (Statutory),31,>= 30 and <= 34,Male
20191154004,S19-104720,20191224,4699135,541489,17:50,Tuesday,Black Hawk,Local Road,9999,Unknown - Not Indicated - Unlocated,Mainline,Not reported,S UNION RD,Secondary Road,Not Indicated as an Intersection,Property Damage Only,4000,Driving too fast for conditions,Alcohol (Statutory),23,>= 21 and <= 24,Female
20191154039,201904596,20191225,4661178,617501,23:40,Wednesday,Linn,Farm to Market Route,9999,Unknown - Not Indicated - Unlocated,Mainline,Not reported,Co Rd E34/COUNTY HOME RD & SCOTT RD & LUCORE RD,Secondary Road,Secondary - Secondary,Possible/Unknown Injury Crash,2000,Ran stop sign,Refused,37,>= 35 and <= 39,Male
20191154050,201920262,20191220,4644274,610238,03:06,Friday,Linn,Interstate,380,Ramp,Ramp,Not reported,I-380,Interstate,Not Indicated as an Intersection,Property Damage Only,11748,Failed to yield to emergency vehicle,Alcohol (Statutory),37,>= 35 and <= 39,Male
20191154052,19-18793,20191228,4661295,733805,00:09,Saturday,Jackson,Local Road,9999,Unknown - Not Indicated - Unlocated,Mainline,Not reported,ELK ST,Municipal Road,Not Indicated as an Intersection,Property Damage Only,12500,Operating vehicle in an reckless, erratic, careless, negligent manner,Alcohol (Statutory),26,>= 25 and <= 29,Male
20191154052,19-18793,20191228,4661295,733805,00:09,Saturday,Jackson,Local Road,9999,Unknown - Not Indicated - Unlocated,Mainline,Not reported,ELK ST,Municipal Road,Not Indicated as an Intersection,Property Damage Only,12500,Operating vehicle in an reckless, erratic, careless, negligent manner,Alcohol (Statutory),200,,Not reported
20191154070,201920548,20191225,4648162,605867,17:23,Wednesday,Linn,Local Road,9999,Unknown - Not Indicated - Unlocated,Mainline,Not reported,E AVE NW,Municipal Road,Not Indicated as an Intersection,Property Damage Only,4200,Lost control,Alcohol (Statutory),35,>= 35 and <= 39,Male
20191154075,201920677,20191228,4651488,613225,00:08,Saturday,Linn,Local Road,9999,Unknown - Not Indicated - Unlocated,Mainline,Not reported,30TH ST DR SE & 2ND AVE SE,Municipal Road,Municipal - Municipal,Property Damage Only,4000,Passing:  Other passing,Alcohol (Statutory),46,>= 45 and <= 49,Female
20191154075,201920677,20191228,4651488,613225,00:08,Saturday,Linn,Local Road,9999,Unknown - Not Indicated - Unlocated,Mainline,Not reported,30TH ST DR SE & 2ND AVE SE,Municipal Road,Municipal - Municipal,Property Damage Only,4000,Passing:  Other passing,Alcohol (Statutory),17,= 17,Female
20191154089,20190041105,20191228,4607846,444873,01:39,Saturday,Polk,Local Road,9999,Unknown - Not Indicated - Unlocated,Mainline,Not reported,LEADO AVE,Municipal Road,Not Indicated as an Intersection,Property Damage Only,15000,Driver Distraction:  Talking on a hand-held device,Under Influence of Alcohol/Drugs/Medications,43,>= 40 and <= 44,Male
20191154146,19018885,20191212,4613856,643672,04:36,Thursday,Cedar,Interstate,80,Eastbound (EB),Mainline,Not reported,I-80,Interstate,Not Indicated as an Intersection,Property Damage Only,10000,Ran off road - right,Alcohol (Statutory),32,>= 30 and <= 34,Male
20191154162,20190041168,20191228,4601148,451993,18:20,Saturday,Polk,Local Road,9999,Unknown - Not Indicated - Unlocated,Mainline,Not reported,KING AVE & RIVER MEADOW DR,Municipal Road,Municipal - Municipal,Property Damage Only,3000,Lost control,Alcohol (Statutory),74,>= 70 and <= 74,Male
20191154162,20190041168,20191228,4601148,451993,18:20,Saturday,Polk,Local Road,9999,Unknown - Not Indicated - Unlocated,Mainline,Not reported,KING AVE & RIVER MEADOW DR,Municipal Road,Municipal - Municipal,Property Damage Only,3000,Lost control,Alcohol (Statutory),200,,Not reported
20191154178,19-35147,20191229,4599933,707499,03:11,Sunday,Scott,Interstate,74,Ramp,Ramp,Not reported,I-74,Interstate,Not Indicated as an Intersection,Property Damage Only,10000,Failed to keep in proper lane,Alcohol (Statutory),31,>= 30 and <= 34,Female
20191154206,CL1901560,20191228,4775915,469018,19:25,Saturday,Cerro Gordo,Local Road,9999,Unknown - Not Indicated - Unlocated,Mainline,Not reported,1ST AVE S,Municipal Road,Not Indicated as an Intersection,Property Damage Only,6000,Lost control,Alcohol (Statutory),66,>= 65 and <= 69,Not reported
20191154229,19-007365,20191228,4620486,451679,17:58,Saturday,Polk,Farm to Market Route,9999,Unknown - Not Indicated - Unlocated,Mainline,Not reported,NE DELAWARE AVE,Municipal Road,Not Indicated as an Intersection,Possible/Unknown Injury Crash,7000,Lost control,Alcohol (Statutory),57,>= 55 and <= 59,Male
20191154230,20190041264,20191229,4605578,455226,18:36,Sunday,Polk,Iowa Route,163,Eastbound (EB),Mainline,Not reported,IA 163/E UNIVERSITY AVE,Iowa Route,Not Indicated as an Intersection,Possible/Unknown Injury Crash,11100,Operating vehicle in an reckless, erratic, careless, negligent manner,Refused,75,>= 75 and <= 79,Male
20191154230,20190041264,20191229,4605578,455226,18:36,Sunday,Polk,Iowa Route,163,Eastbound (EB),Mainline,Not reported,IA 163/E UNIVERSITY AVE,Iowa Route,Not Indicated as an Intersection,Possible/Unknown Injury Crash,11100,Operating vehicle in an reckless, erratic, careless, negligent manner,Refused,27,>= 25 and <= 29,Male
20191154231,20190041265,20191229,4605392,455181,18:02,Sunday,Polk,Local Road,9999,Unknown - Not Indicated - Unlocated,Mainline,Not reported,TIMBER LN & E 40TH ST,Municipal Road,Municipal - Municipal,Suspected Minor Injury Crash,19000,Ran off road - right,Refused,27,>= 25 and <= 29,Male