Case Number,Law Enforcement Case Number,Date of Crash,Y-Coordinate (UTM NAD 83 Zone 15),X-Coordinate (UTM NAD 83 Zone 15),Time,Day of Week,County,Road System,Route,Cardinal Direction of Vehicles,Mainline or Ramp,Overpass/Underpass Information,Derived Literal Description,Road Classification,Intersection Class,Crash Severity,Amount of Property Damage,Major Cause,Drug or Alcohol Related,Driver Age,Driver Age - 5 year Bins,Driver Gender
20191154239,19-03132,20191229,4611412,441533,02:45,Sunday,Polk,Interstate,35,No Travel Direction Consistent with Route,Mainline,Not reported,I-35,Interstate,Not Indicated as an Intersection,Suspected Serious Injury Crash,88000,Traveling wrong way or on wrong side of road,Under Influence of Alcohol/Drugs/Medications,33,>= 30 and <= 34,Female
20191154239,19-03132,20191229,4611412,441533,02:45,Sunday,Polk,Interstate,35,No Travel Direction Consistent with Route,Mainline,Not reported,I-35,Interstate,Not Indicated as an Intersection,Suspected Serious Injury Crash,88000,Traveling wrong way or on wrong side of road,Under Influence of Alcohol/Drugs/Medications,50,>= 50 and <= 54,Male
20191154245,19-35227,20191230,4601663,707852,00:58,Monday,Scott,Local Road,9999,Unknown - Not Indicated - Unlocated,Mainline,Not reported,PARKWAY DR,Municipal Road,Not Indicated as an Intersection,Property Damage Only,10000,Operating vehicle in an reckless, erratic, careless, negligent manner,Alcohol (Statutory),200,,Not reported
20191154245,19-35227,20191230,4601663,707852,00:58,Monday,Scott,Local Road,9999,Unknown - Not Indicated - Unlocated,Mainline,Not reported,PARKWAY DR,Municipal Road,Not Indicated as an Intersection,Property Damage Only,10000,Operating vehicle in an reckless, erratic, careless, negligent manner,Alcohol (Statutory),27,>= 25 and <= 29,Male
20191154251,19-8623,20191228,4691626,294170,19:38,Saturday,Ida,US Route,59,Southbound (SB),Mainline,Not reported,US 59 & IA 175/IOWA 175,US Route,US Route - IA Route,Property Damage Only,22100,Ran stop sign,Alcohol (Statutory),27,>= 25 and <= 29,Female
20191154282,19-11266,20191227,4772707,445682,02:30,Friday,Hancock,US Route,18,Westbound (WB),Mainline,Not reported,US 18,US Route,Not Indicated as an Intersection,Possible/Unknown Injury Crash,8000,Ran off road - right,Alcohol (Statutory),23,>= 21 and <= 24,Male
20191154298,2019034228,20191223,4713700,427593,23:37,Monday,Wright,Farm to Market Route,9999,Unknown - Not Indicated - Unlocated,Mainline,Not reported,Co Rd C70/330TH ST,Secondary Road,Not Indicated as an Intersection,Suspected Minor Injury Crash,25000,Failed to keep in proper lane,Alcohol (Statutory),56,>= 55 and <= 59,Male
20191154298,2019034228,20191223,4713700,427593,23:37,Monday,Wright,Farm to Market Route,9999,Unknown - Not Indicated - Unlocated,Mainline,Not reported,Co Rd C70/330TH ST,Secondary Road,Not Indicated as an Intersection,Suspected Minor Injury Crash,25000,Failed to keep in proper lane,Alcohol (Statutory),20,= 20,Male
20191154308,S19-17482,20191230,4707653,232836,03:27,Monday,Woodbury,US Route,20,Eastbound (EB),Mainline,Not reported,US 20,US Route,Not Indicated as an Intersection,Suspected Minor Injury Crash,8000,Driving too fast for conditions,Alcohol (Statutory),20,= 20,Male
20191154324,19-044377,20191227,4498428,638801,22:07,Friday,Lee,Local Road,9999,Unknown - Not Indicated - Unlocated,Mainline,Not reported,AVE N & 36TH ST,Municipal Road,Municipal - Municipal,Property Damage Only,3000,FTYROW:  At uncontrolled intersection,Alcohol (Statutory),65,>= 65 and <= 69,Male
20191154324,19-044377,20191227,4498428,638801,22:07,Friday,Lee,Local Road,9999,Unknown - Not Indicated - Unlocated,Mainline,Not reported,AVE N & 36TH ST,Municipal Road,Municipal - Municipal,Property Damage Only,3000,FTYROW:  At uncontrolled intersection,Alcohol (Statutory),68,>= 65 and <= 69,Male
20191154325,19-07358,20191229,4599128,435331,19:54,Sunday,Polk,Interstate,35,Southbound (SB),Mainline,On underpass,I-35 & GRAND AVE,Interstate,Interstate - Municipal,Possible/Unknown Injury Crash,9000,Followed too close,Alcohol (Statutory),44,>= 40 and <= 44,Female
20191154325,19-07358,20191229,4599128,435331,19:54,Sunday,Polk,Interstate,35,Southbound (SB),Mainline,On underpass,I-35 & GRAND AVE,Interstate,Interstate - Municipal,Possible/Unknown Injury Crash,9000,Followed too close,Alcohol (Statutory),39,>= 35 and <= 39,Male
20191154336,2019-009728,20191228,4706972,690414,20:34,Saturday,Dubuque,US Route,20,Westbound (WB),Mainline,Not reported,US 20/DODGE ST,US Route,Not Indicated as an Intersection,Property Damage Only,32700,Ran off road - straight,Alcohol (Statutory),60,>= 60 and <= 64,Female
20191154336,2019-009728,20191228,4706972,690414,20:34,Saturday,Dubuque,US Route,20,Westbound (WB),Mainline,Not reported,US 20/DODGE ST,US Route,Not Indicated as an Intersection,Property Damage Only,32700,Ran off road - straight,Alcohol (Statutory),59,>= 55 and <= 59,Female
20191154342,2019-01249,20191225,4606515,428503,22:50,Wednesday,Dallas,Local Road,9999,Unknown - Not Indicated - Unlocated,Mainline,Not reported,SE OLSON DR,Municipal Road,Not Indicated as an Intersection,Property Damage Only,5500,Ran off road - left,Under Influence of Alcohol/Drugs/Medications,50,>= 50 and <= 54,Female
20191154397,19009832,20191228,4541793,518040,21:12,Saturday,Monroe,Farm to Market Route,9999,Unknown - Not Indicated - Unlocated,Mainline,Not reported,BENTON AVE E,Municipal Road,Not Indicated as an Intersection,Property Damage Only,9615,Operating vehicle in an reckless, erratic, careless, negligent manner,Alcohol (Statutory),17,= 17,Male
20191154423,19013550,20191122,4508249,507649,04:15,Friday,Appanoose,Farm to Market Route,9999,Unknown - Not Indicated - Unlocated,Mainline,Not reported,520TH ST,Secondary Road,Not Indicated as an Intersection,Possible/Unknown Injury Crash,3000,Ran off road - right,Alcohol (Statutory),31,>= 30 and <= 34,Male
20191154457,2019034590,20191227,4590723,281776,20:04,Friday,Pottawattamie,Farm to Market Route,9999,Unknown - Not Indicated - Unlocated,Mainline,Not reported,298TH ST,Secondary Road,Not Indicated as an Intersection,Property Damage Only,3650,Operating vehicle in an reckless, erratic, careless, negligent manner,Alcohol (Statutory),41,>= 40 and <= 44,Female
20191154495,19-0757,20191223,4697014,406941,19:30,Monday,Webster,Farm to Market Route,9999,Unknown - Not Indicated - Unlocated,Mainline,Not reported,Co Rd D33/255TH ST,Secondary Road,Not Indicated as an Intersection,Possible/Unknown Injury Crash,9500,Exceeded authorized speed,Alcohol (Statutory),48,>= 45 and <= 49,Female
20191154506,2019031478,20191122,4516536,542124,18:33,Friday,Davis,Farm to Market Route,9999,Unknown - Not Indicated - Unlocated,Mainline,Not reported,180TH ST & 175TH ST,Secondary Road,Secondary - Secondary,Possible/Unknown Injury Crash,5600,Ran off road - right,Alcohol (Statutory),43,>= 40 and <= 44,Male
20191154511,19-011585,20191220,4540075,474194,23:10,Friday,Lucas,Local Road,9999,Unknown - Not Indicated - Unlocated,Mainline,Not reported,S GRAND ST,Municipal Road,Not Indicated as an Intersection,Suspected Minor Injury Crash,25000,Driver Distraction:  Passenger,Alcohol (Statutory),200,,Not reported
20191154511,19-011585,20191220,4540075,474194,23:10,Friday,Lucas,Local Road,9999,Unknown - Not Indicated - Unlocated,Mainline,Not reported,S GRAND ST,Municipal Road,Not Indicated as an Intersection,Suspected Minor Injury Crash,25000,Driver Distraction:  Passenger,Alcohol (Statutory),24,>= 21 and <= 24,Male
20191154533,201900055034,20191228,4542046,549188,19:42,Saturday,Wapello,Local Road,9999,Unknown - Not Indicated - Unlocated,Mainline,Not reported,N MCLEAN ST,Municipal Road,Not Indicated as an Intersection,Property Damage Only,5500,Lost control,Under Influence of Alcohol/Drugs/Medications,200,,Not reported
20191154533,201900055034,20191228,4542046,549188,19:42,Saturday,Wapello,Local Road,9999,Unknown - Not Indicated - Unlocated,Mainline,Not reported,N MCLEAN ST,Municipal Road,Not Indicated as an Intersection,Property Damage Only,5500,Lost control,Under Influence of Alcohol/Drugs/Medications,40,>= 40 and <= 44,Male
20191154596,MC1905404,20191229,4777275,485601,17:52,Sunday,Cerro Gordo,Iowa Route,122,Eastbound (EB),Mainline,Not reported,IA 122/4TH ST SE & S OHIO AVE,Iowa Route,IA Route - Municipal,Possible/Unknown Injury Crash,16000,Lost control,Refused,38,>= 35 and <= 39,Female
20191154596,MC1905404,20191229,4777275,485601,17:52,Sunday,Cerro Gordo,Iowa Route,122,Eastbound (EB),Mainline,Not reported,IA 122/4TH ST SE & S OHIO AVE,Iowa Route,IA Route - Municipal,Possible/Unknown Injury Crash,16000,Lost control,Refused,17,= 17,Male
20191154596,MC1905404,20191229,4777275,485601,17:52,Sunday,Cerro Gordo,Iowa Route,122,Eastbound (EB),Mainline,Not reported,IA 122/4TH ST SE & S OHIO AVE,Iowa Route,IA Route - Municipal,Possible/Unknown Injury Crash,16000,Lost control,Refused,53,>= 50 and <= 54,Male
20191154596,MC1905404,20191229,4777275,485601,17:52,Sunday,Cerro Gordo,Iowa Route,122,Eastbound (EB),Mainline,Not reported,IA 122/4TH ST SE & S OHIO AVE,Iowa Route,IA Route - Municipal,Possible/Unknown Injury Crash,16000,Lost control,Refused,33,>= 30 and <= 34,Male
20191154607,19-5828,20191231,4655810,609037,17:12,Tuesday,Linn,Farm to Market Route,9999,Unknown - Not Indicated - Unlocated,Mainline,Not reported,BOYSON RD & CENTER POINT RD,Municipal Road,Municipal - Municipal,Property Damage Only,5000,Ran traffic signal,Alcohol (Statutory),44,>= 40 and <= 44,Male
20191154607,19-5828,20191231,4655810,609037,17:12,Tuesday,Linn,Farm to Market Route,9999,Unknown - Not Indicated - Unlocated,Mainline,Not reported,BOYSON RD & CENTER POINT RD,Municipal Road,Municipal - Municipal,Property Damage Only,5000,Ran traffic signal,Alcohol (Statutory),66,>= 65 and <= 69,Male
20191154608,20190041489,20191231,4606872,446100,21:06,Tuesday,Polk,Local Road,9999,Unknown - Not Indicated - Unlocated,Mainline,Not reported,22ND ST,Municipal Road,Not Indicated as an Intersection,Property Damage Only,1500,Lost control,Refused,200,,Not reported
20191154608,20190041489,20191231,4606872,446100,21:06,Tuesday,Polk,Local Road,9999,Unknown - Not Indicated - Unlocated,Mainline,Not reported,22ND ST,Municipal Road,Not Indicated as an Intersection,Property Damage Only,1500,Lost control,Refused,38,>= 35 and <= 39,Female
20191154618,FD19-3765,20191231,4705679,403325,22:45,Tuesday,Webster,Local Road,9999,Unknown - Not Indicated - Unlocated,Mainline,Not reported,8TH AVE S,Municipal Road,Not Indicated as an Intersection,Property Damage Only,12000,Lost control,Refused,51,>= 50 and <= 54,Male
20191154618,FD19-3765,20191231,4705679,403325,22:45,Tuesday,Webster,Local Road,9999,Unknown - Not Indicated - Unlocated,Mainline,Not reported,8TH AVE S,Municipal Road,Not Indicated as an Intersection,Property Damage Only,12000,Lost control,Refused,200,,Not reported
20191154747,2019-003846,20191223,4705309,681102,20:01,Monday,Dubuque,Farm to Market Route,9999,Unknown - Not Indicated - Unlocated,Mainline,Not reported,OLD HIGHWAY RD,Secondary Road,Not Indicated as an Intersection,Suspected Minor Injury Crash,12250,Exceeded authorized speed,Refused,26,>= 25 and <= 29,Male
20191154750,2019-003881,20191228,4695293,689796,02:20,Saturday,Dubuque,US Route,61,Southbound (SB),Mainline,Not reported,US 61,US Route,Not Indicated as an Intersection,Possible/Unknown Injury Crash,15000,Ran off road - right,Alcohol (Statutory),21,>= 21 and <= 24,Male
20191154780,S19-003222,20191231,4594240,314467,22:00,Tuesday,Pottawattamie,Farm to Market Route,9999,Unknown - Not Indicated - Unlocated,Mainline,Not reported,SUMMIT ST & ANTIQUE CITY DR,Municipal Road,Municipal - Municipal,Property Damage Only,2600,Lost control,Alcohol (Statutory),21,>= 21 and <= 24,Male
20191154780,S19-003222,20191231,4594240,314467,22:00,Tuesday,Pottawattamie,Farm to Market Route,9999,Unknown - Not Indicated - Unlocated,Mainline,Not reported,SUMMIT ST & ANTIQUE CITY DR,Municipal Road,Municipal - Municipal,Property Damage Only,2600,Lost control,Alcohol (Statutory),200,,Not reported
20191154812,S19-105088,20191226,4706696,567332,13:20,Thursday,Black Hawk,Local Road,9999,Unknown - Not Indicated - Unlocated,Mainline,Not reported,N PILOT GROVE RD,Secondary Road,Not Indicated as an Intersection,Property Damage Only,2500,Driving too fast for conditions,Refused,32,>= 30 and <= 34,Male
20191154826,19-41997,20191225,4715281,224228,21:46,Wednesday,Woodbury,Local Road,9999,Unknown - Not Indicated - Unlocated,Mainline,Not reported,41ST ST,Municipal Road,Not Indicated as an Intersection,Suspected Serious Injury Crash,9000,Ran off road - right,Alcohol (Statutory),51,>= 50 and <= 54,Male
20191154827,19-42012,20191226,4705220,222458,01:05,Thursday,Woodbury,Interstate,29,Ramp,Ramp,Not reported,I-29,Interstate,Not Indicated as an Intersection,Suspected Minor Injury Crash,2000,Ran off road - straight,Alcohol (Statutory),34,>= 30 and <= 34,Male
20191154830,19-42100,20191227,4713165,218400,00:47,Friday,Woodbury,Local Road,9999,Unknown - Not Indicated - Unlocated,Mainline,Not reported,ROSS ST,Municipal Road,Not Indicated as an Intersection,Property Damage Only,6000,Other,Alcohol (Statutory),18,= 18,Female
20191154830,19-42100,20191227,4713165,218400,00:47,Friday,Woodbury,Local Road,9999,Unknown - Not Indicated - Unlocated,Mainline,Not reported,ROSS ST,Municipal Road,Not Indicated as an Intersection,Property Damage Only,6000,Other,Alcohol (Statutory),200,,Not reported
20191154862,19-01034,20191231,4499044,275248,20:34,Tuesday,Fremont,Local Road,9999,Unknown - Not Indicated - Unlocated,Mainline,Not reported,N ST & ARGYLE ST,Municipal Road,Municipal - Municipal,Property Damage Only,3000,Operating vehicle in an reckless, erratic, careless, negligent manner,Alcohol (Statutory),61,>= 60 and <= 64,Male
20191154879,19-41733,20191222,4711798,216103,21:34,Sunday,Woodbury,Local Road,9999,Unknown - Not Indicated - Unlocated,Mainline,Not reported,BURTON ST,Municipal Road,Not Indicated as an Intersection,Suspected Minor Injury Crash,4000,Crossed centerline (undivided),Alcohol (Statutory),37,>= 35 and <= 39,Male
20191154879,19-41733,20191222,4711798,216103,21:34,Sunday,Woodbury,Local Road,9999,Unknown - Not Indicated - Unlocated,Mainline,Not reported,BURTON ST,Municipal Road,Not Indicated as an Intersection,Suspected Minor Injury Crash,4000,Crossed centerline (undivided),Alcohol (Statutory),45,>= 45 and <= 49,Male
20191154906,19-017757,20191214,4803541,326885,02:00,Saturday,Dickinson,Local Road,9999,Unknown - Not Indicated - Unlocated,Mainline,Not reported,LAKE ST,Municipal Road,Not Indicated as an Intersection,Property Damage Only,3000,Ran off road - left,Alcohol (Statutory),21,>= 21 and <= 24,Male
20191154983,2019-104263,20191224,4601112,702001,22:21,Tuesday,Scott,Local Road,9999,Unknown - Not Indicated - Unlocated,Mainline,Not reported,W 16TH ST & RIPLEY ST,Municipal Road,Municipal - Municipal,Property Damage Only,18563,Ran stop sign,Refused,68,>= 65 and <= 69,Male
20191154983,2019-104263,20191224,4601112,702001,22:21,Tuesday,Scott,Local Road,9999,Unknown - Not Indicated - Unlocated,Mainline,Not reported,W 16TH ST & RIPLEY ST,Municipal Road,Municipal - Municipal,Property Damage Only,18563,Ran stop sign,Refused,20,= 20,Female
20191154988,19-03131,20191229,4608953,438649,01:53,Sunday,Polk,Farm to Market Route,9999,Unknown - Not Indicated - Unlocated,Mainline,Not reported,86TH ST,Municipal Road,Not Indicated as an Intersection,Property Damage Only,10000,Ran traffic signal,Refused,32,>= 30 and <= 34,Male
20191154988,19-03131,20191229,4608953,438649,01:53,Sunday,Polk,Farm to Market Route,9999,Unknown - Not Indicated - Unlocated,Mainline,Not reported,86TH ST,Municipal Road,Not Indicated as an Intersection,Property Damage Only,10000,Ran traffic signal,Refused,26,>= 25 and <= 29,Female
20191154999,W19-106576,20191231,4707678,550117,22:49,Tuesday,Black Hawk,US Route,218,No Travel Direction Consistent with Route,Mainline,Not reported,US 218/WASHINGTON ST,US Route,Not Indicated as an Intersection,Property Damage Only,5228,Operating vehicle in an reckless, erratic, careless, negligent manner,Alcohol (Statutory),44,>= 40 and <= 44,Male
20191154999,W19-106576,20191231,4707678,550117,22:49,Tuesday,Black Hawk,US Route,218,No Travel Direction Consistent with Route,Mainline,Not reported,US 218/WASHINGTON ST,US Route,Not Indicated as an Intersection,Property Damage Only,5228,Operating vehicle in an reckless, erratic, careless, negligent manner,Alcohol (Statutory),31,>= 30 and <= 34,Female
20191155002,19-07159,20191217,4602909,439528,21:45,Tuesday,Polk,Local Road,9999,Unknown - Not Indicated - Unlocated,Mainline,Not reported,LOCUST ST & 16TH ST,Municipal Road,Municipal - Municipal,Property Damage Only,4000,Exceeded authorized speed,Alcohol (Statutory),25,>= 25 and <= 29,Male
20191155059,DPD1904957,20191224,4795104,598253,02:14,Tuesday,Winneshiek,Local Road,9999,Unknown - Not Indicated - Unlocated,Mainline,Not reported,W BROADWAY ST,Municipal Road,Not Indicated as an Intersection,Property Damage Only,12000,Failed to keep in proper lane,Alcohol (Statutory),49,>= 45 and <= 49,Male
20191155059,DPD1904957,20191224,4795104,598253,02:14,Tuesday,Winneshiek,Local Road,9999,Unknown - Not Indicated - Unlocated,Mainline,Not reported,W BROADWAY ST,Municipal Road,Not Indicated as an Intersection,Property Damage Only,12000,Failed to keep in proper lane,Alcohol (Statutory),200,,Not reported
20191155075,2019034390,20191225,4605062,450096,02:01,Wednesday,Polk,US Route,69,Southbound (SB),Mainline,Not reported,US 69/E 14TH ST,US Route,Not Indicated as an Intersection,Property Damage Only,7000,Driving too fast for conditions,Refused,32,>= 30 and <= 34,Female
20191155075,2019034390,20191225,4605062,450096,02:01,Wednesday,Polk,US Route,69,Southbound (SB),Mainline,Not reported,US 69/E 14TH ST,US Route,Not Indicated as an Intersection,Property Damage Only,7000,Driving too fast for conditions,Refused,42,>= 40 and <= 44,Male
20191155343,PD1910300,20191229,4539905,587479,03:43,Sunday,Jefferson,Local Road,9999,Unknown - Not Indicated - Unlocated,Mainline,Not reported,E WASHINGTON AVE,Municipal Road,Not Indicated as an Intersection,Property Damage Only,11000,Ran off road - right,Alcohol (Statutory),200,,Not reported
20191155343,PD1910300,20191229,4539905,587479,03:43,Sunday,Jefferson,Local Road,9999,Unknown - Not Indicated - Unlocated,Mainline,Not reported,E WASHINGTON AVE,Municipal Road,Not Indicated as an Intersection,Property Damage Only,11000,Ran off road - right,Alcohol (Statutory),34,>= 30 and <= 34,Female
20191155344,19-023238,20191231,4762036,560442,21:08,Tuesday,Chickasaw,Farm to Market Route,9999,Unknown - Not Indicated - Unlocated,Mainline,Not reported,Co Rd B54/240TH ST & Co Rd V38/ODESSA AVE,Secondary Road,Secondary - Secondary,Suspected Minor Injury Crash,15716,Ran stop sign,Refused,57,>= 55 and <= 59,Male
20191155344,19-023238,20191231,4762036,560442,21:08,Tuesday,Chickasaw,Farm to Market Route,9999,Unknown - Not Indicated - Unlocated,Mainline,Not reported,Co Rd B54/240TH ST & Co Rd V38/ODESSA AVE,Secondary Road,Secondary - Secondary,Suspected Minor Injury Crash,15716,Ran stop sign,Refused,43,>= 40 and <= 44,Male
20191155384,19-010965,20191207,4621933,253753,22:11,Saturday,Harrison,Iowa Route,127,Eastbound (EB),Mainline,Not reported,IA 127/IOWA 127,Iowa Route,Not Indicated as an Intersection,Property Damage Only,3500,Ran off road - right,Alcohol (Statutory),39,>= 35 and <= 39,Female
20191155427,201900026009,20190519,4541287,550315,19:31,Sunday,Wapello,Local Road,9999,Unknown - Not Indicated - Unlocated,Mainline,Not reported,N JEFFERSON ST,Municipal Road,Not Indicated as an Intersection,Suspected Minor Injury Crash,6000,Ran off road - right,Under Influence of Alcohol/Drugs/Medications,45,>= 45 and <= 49,Female
20191155550,,20191228,4599990,699526,22:16,Saturday,Scott,Local Road,9999,Unknown - Not Indicated - Unlocated,Mainline,Not reported,TELEGRAPH RD & OAK ST,Municipal Road,Municipal - Municipal,Property Damage Only,9600,Lost control,Under Influence of Alcohol/Drugs/Medications,42,>= 40 and <= 44,Male
20191155550,,20191228,4599990,699526,22:16,Saturday,Scott,Local Road,9999,Unknown - Not Indicated - Unlocated,Mainline,Not reported,TELEGRAPH RD & OAK ST,Municipal Road,Municipal - Municipal,Property Damage Only,9600,Lost control,Under Influence of Alcohol/Drugs/Medications,30,>= 30 and <= 34,Not reported
20191155550,,20191228,4599990,699526,22:16,Saturday,Scott,Local Road,9999,Unknown - Not Indicated - Unlocated,Mainline,Not reported,TELEGRAPH RD & OAK ST,Municipal Road,Municipal - Municipal,Property Damage Only,9600,Lost control,Under Influence of Alcohol/Drugs/Medications,200,,Not reported
20191155550,,20191228,4599990,699526,22:16,Saturday,Scott,Local Road,9999,Unknown - Not Indicated - Unlocated,Mainline,Not reported,TELEGRAPH RD & OAK ST,Municipal Road,Municipal - Municipal,Property Damage Only,9600,Lost control,Under Influence of Alcohol/Drugs/Medications,200,,Not reported
20191155651,2019034017,20191221,4648112,452721,01:18,Saturday,Story,Interstate,35,Southbound (SB),Mainline,Not reported,I-35,Interstate,Not Indicated as an Intersection,Property Damage Only,6650,Operating vehicle in an reckless, erratic, careless, negligent manner,Under Influence of Alcohol/Drugs/Medications,34,>= 30 and <= 34,Male
20191155707,19-15876,20191223,4780049,237336,17:34,Monday,Sioux,Farm to Market Route,9999,Unknown - Not Indicated - Unlocated,Mainline,Not reported,Co Rd B30/360TH ST,Secondary Road,Not Indicated as an Intersection,Suspected Minor Injury Crash,3000,Ran off road - right,Alcohol (Statutory),38,>= 35 and <= 39,Male
20191155826,19-013309,20191228,4644480,567352,18:20,Saturday,Benton,Local Road,9999,Unknown - Not Indicated - Unlocated,Mainline,Not reported,74 ST,Secondary Road,Not Indicated as an Intersection,Property Damage Only,7000,Ran off road - left,Refused,25,>= 25 and <= 29,Male
20191155914,C19004070,20191009,4616877,613330,19:19,Wednesday,Johnson,Interstate,80,Ramp,Ramp,Not reported,I-80,Interstate,Not Indicated as an Intersection,Property Damage Only,3750,Ran off road - left,Alcohol (Statutory),33,>= 30 and <= 34,Male
20191155962,19-044747,20191231,4499048,640744,20:12,Tuesday,Lee,Local Road,9999,Unknown - Not Indicated - Unlocated,Mainline,Not reported,AVE H,Municipal Road,Not Indicated as an Intersection,Possible/Unknown Injury Crash,8000,Exceeded authorized speed,Under Influence of Alcohol/Drugs/Medications,200,,Not reported
20191155962,19-044747,20191231,4499048,640744,20:12,Tuesday,Lee,Local Road,9999,Unknown - Not Indicated - Unlocated,Mainline,Not reported,AVE H,Municipal Road,Not Indicated as an Intersection,Possible/Unknown Injury Crash,8000,Exceeded authorized speed,Under Influence of Alcohol/Drugs/Medications,70,>= 70 and <= 74,Female
20191156115,19-019166,20191225,4642642,523323,17:10,Wednesday,Tama,Farm to Market Route,9999,Unknown - Not Indicated - Unlocated,Mainline,Not reported,350TH ST,Secondary Road,Not Indicated as an Intersection,Suspected Serious Injury Crash,5000,Operating vehicle in an reckless, erratic, careless, negligent manner,Alcohol (Statutory),20,= 20,Male
20191156720,SOI20190519,20191225,4604934,522769,21:24,Wednesday,Poweshiek,Iowa Route,146,Southbound (SB),Mainline,Not reported,IA 146/IOWA 146 & 485TH AVE,Iowa Route,IA Route - Secondary,Suspected Minor Injury Crash,15000,Ran off road - right,Alcohol (Statutory),28,>= 25 and <= 29,Male
20191158106,19-41651,20191222,4710017,219525,02:14,Sunday,Woodbury,US Route,77,Northbound (NB),Mainline,Not reported,US 77,US Route,Not Indicated as an Intersection,Suspected Minor Injury Crash,20000,Unknown,Under Influence of Alcohol/Drugs/Medications,200,,Not reported
20191158106,19-41651,20191222,4710017,219525,02:14,Sunday,Woodbury,US Route,77,Northbound (NB),Mainline,Not reported,US 77,US Route,Not Indicated as an Intersection,Suspected Minor Injury Crash,20000,Unknown,Under Influence of Alcohol/Drugs/Medications,41,>= 40 and <= 44,Female
20191158106,19-41651,20191222,4710017,219525,02:14,Sunday,Woodbury,US Route,77,Northbound (NB),Mainline,Not reported,US 77,US Route,Not Indicated as an Intersection,Suspected Minor Injury Crash,20000,Unknown,Under Influence of Alcohol/Drugs/Medications,200,,Not reported
20191158370,S19-093375,20191114,4717164,564061,00:56,Thursday,Black Hawk,Farm to Market Route,9999,Unknown - Not Indicated - Unlocated,Mainline,Not reported,Co Rd V49/N RAYMOND RD,Secondary Road,Not Indicated as an Intersection,Suspected Minor Injury Crash,5000,Driving too fast for conditions,Alcohol (Statutory),57,>= 55 and <= 59,Male
20191158753,2019-103382,20191221,4599839,702160,05:38,Saturday,Scott,Iowa Route,461,No Travel Direction Consistent with Route,Mainline,On overpass,IA 461/HARRISON ST & W 5TH ST,Iowa Route,IA Route - Municipal,Suspected Serious Injury Crash,10000,Other,Under Influence of Alcohol/Drugs/Medications,35,>= 35 and <= 39,Female
20191161081,2019033792,20191219,4621819,553394,11:57,Thursday,Poweshiek,US Route,6,Eastbound (EB),Mainline,Not reported,US 6 & IA 21/IOWA 21 & 220TH ST,US Route,US Route - IA Route,Suspected Serious Injury Crash,24000,Ran stop sign,Alcohol (Statutory),77,>= 75 and <= 79,Male
20191161081,2019033792,20191219,4621819,553394,11:57,Thursday,Poweshiek,US Route,6,Eastbound (EB),Mainline,Not reported,US 6 & IA 21/IOWA 21 & 220TH ST,US Route,US Route - IA Route,Suspected Serious Injury Crash,24000,Ran stop sign,Alcohol (Statutory),64,>= 60 and <= 64,Male
20191161398,19090401,20190908,4585340,588044,00:02,Sunday,Washington,Local Road,9999,Unknown - Not Indicated - Unlocated,Mainline,Not reported,KEOKUK WASHINGTON RD,Secondary Road,Secondary - Secondary,Suspected Minor Injury Crash,16500,Ran off road - left,Under Influence of Alcohol/Drugs/Medications,39,>= 35 and <= 39,Male
20191162153,19044078,20191224,4472847,637280,20:26,Tuesday,Lee,US Route,136,No Travel Direction Consistent with Route,Mainline,Not reported,US 136/MAIN ST,US Route,Not Indicated as an Intersection,Suspected Serious Injury Crash,2300,Other,Alcohol (Statutory),62,>= 60 and <= 64,Male
20191162153,19044078,20191224,4472847,637280,20:26,Tuesday,Lee,US Route,136,No Travel Direction Consistent with Route,Mainline,Not reported,US 136/MAIN ST,US Route,Not Indicated as an Intersection,Suspected Serious Injury Crash,2300,Other,Alcohol (Statutory),50,>= 50 and <= 54,Female
20191162181,19120650,20191220,4529937,563683,19:45,Friday,Wapello,Farm to Market Route,9999,Unknown - Not Indicated - Unlocated,Mainline,Not reported,Co Rd J12/RIVER RD,Secondary Road,Not Indicated as an Intersection,Suspected Minor Injury Crash,5000,Operating vehicle in an reckless, erratic, careless, negligent manner,Alcohol (Statutory),24,>= 21 and <= 24,Male
20191163825,S19-087192,20191022,4686346,567843,17:17,Tuesday,Black Hawk,Farm to Market Route,9999,Unknown - Not Indicated - Unlocated,Mainline,Not reported,Co Rd D48/BRANDON RD,Secondary Road,Not Indicated as an Intersection,Suspected Minor Injury Crash,10000,Driver Distraction:  Other interior distraction,Alcohol (Statutory),37,>= 35 and <= 39,Male
20191165373,2019-003058,20191011,4716513,688044,08:52,Friday,Dubuque,Local Road,9999,Unknown - Not Indicated - Unlocated,Mainline,Not reported,HERBER RD,Secondary Road,Not Indicated as an Intersection,Possible/Unknown Injury Crash,5000,Ran off road - right,Alcohol (Statutory),29,>= 25 and <= 29,Male
20191170046,19003464,20190511,4514590,297073,04:30,Saturday,Fremont,Farm to Market Route,9999,Unknown - Not Indicated - Unlocated,Mainline,Not reported,Co Rd J34/AIRPORT RD & Co Rd J40/MANTI RD,Secondary Road,Secondary - Secondary,Suspected Minor Injury Crash,1500,Operating vehicle in an reckless, erratic, careless, negligent manner,Alcohol (Statutory),21,>= 21 and <= 24,Male